instance_id,true_label,predicted_label,correct,fold,noise_sigma_m,noise_sigma_mm
0,box,box,1,4,0.0,0.0
1,box,box,1,5,0.0,0.0
2,box,box,1,1,0.0,0.0
3,box,box,1,1,0.0,0.0
4,can,can,1,3,0.0,0.0
5,box,box,1,4,0.0,0.0
6,can,can,1,5,0.0,0.0
7,box,box,1,1,0.0,0.0
8,box,box,1,1,0.0,0.0
9,box,box,1,5,0.0,0.0
10,can,can,1,3,0.0,0.0
11,box,box,1,2,0.0,0.0
12,bottle,bottle,1,1,0.0,0.0
13,mug,mug,1,3,0.0,0.0
14,can,can,1,4,0.0,0.0
15,box,box,1,1,0.0,0.0
16,can,mug,0,2,0.0,0.0
17,bottle,bottle,1,4,0.0,0.0
18,bottle,bottle,1,3,0.0,0.0
19,box,box,1,1,0.0,0.0
20,box,box,1,3,0.0,0.0
21,can,can,1,2,0.0,0.0
22,box,box,1,2,0.0,0.0
23,can,can,1,3,0.0,0.0
24,box,box,1,3,0.0,0.0
25,can,can,1,5,0.0,0.0
26,box,box,1,4,0.0,0.0
27,can,can,1,4,0.0,0.0
28,box,box,1,4,0.0,0.0
29,box,box,1,5,0.0,0.0
30,can,can,1,4,0.0,0.0
31,box,box,1,2,0.0,0.0
32,box,box,1,4,0.0,0.0
33,can,can,1,1,0.0,0.0
34,bottle,bottle,1,5,0.0,0.0
35,can,can,1,4,0.0,0.0
36,can,can,1,4,0.0,0.0
37,box,box,1,5,0.0,0.0
38,box,box,1,1,0.0,0.0
39,box,box,1,1,0.0,0.0
40,can,can,1,2,0.0,0.0
41,box,box,1,3,0.0,0.0
42,can,can,1,5,0.0,0.0
43,bottle,bottle,1,5,0.0,0.0
44,bottle,box,0,4,0.0,0.0
45,box,box,1,1,0.0,0.0
46,can,can,1,3,0.0,0.0
47,box,box,1,4,0.0,0.0
48,box,box,1,1,0.0,0.0
49,can,can,1,5,0.0,0.0
50,bottle,bottle,1,2,0.0,0.0
51,box,box,1,5,0.0,0.0
52,can,can,1,2,0.0,0.0
53,box,box,1,1,0.0,0.0
54,can,can,1,4,0.0,0.0
55,box,box,1,2,0.0,0.0
56,box,box,1,2,0.0,0.0
57,can,can,1,1,0.0,0.0
58,box,box,1,5,0.0,0.0
59,box,box,1,5,0.0,0.0
60,box,box,1,5,0.0,0.0
61,can,can,1,2,0.0,0.0
62,bottle,bottle,1,4,0.0,0.0
63,bottle,bottle,1,5,0.0,0.0
64,box,box,1,1,0.0,0.0
65,can,can,1,1,0.0,0.0
66,bottle,box,0,4,0.0,0.0
67,mug,mug,1,4,0.0,0.0
68,box,box,1,2,0.0,0.0
69,can,can,1,4,0.0,0.0
70,box,box,1,1,0.0,0.0
71,box,box,1,5,0.0,0.0
72,can,can,1,4,0.0,0.0
73,box,box,1,3,0.0,0.0
74,can,can,1,1,0.0,0.0
75,box,box,1,5,0.0,0.0
76,can,can,1,1,0.0,0.0
77,can,can,1,4,0.0,0.0
78,box,box,1,1,0.0,0.0
79,box,box,1,2,0.0,0.0
80,can,can,1,3,0.0,0.0
81,box,box,1,2,0.0,0.0
82,can,can,1,3,0.0,0.0
83,can,can,1,2,0.0,0.0
84,box,box,1,1,0.0,0.0
85,can,can,1,5,0.0,0.0
86,box,box,1,1,0.0,0.0
87,box,box,1,3,0.0,0.0
88,bottle,box,0,3,0.0,0.0
89,mug,can,0,4,0.0,0.0
90,box,box,1,5,0.0,0.0
91,can,can,1,5,0.0,0.0
92,box,box,1,4,0.0,0.0
93,can,can,1,3,0.0,0.0
94,box,box,1,5,0.0,0.0
95,can,can,1,5,0.0,0.0
96,box,box,1,4,0.0,0.0
97,bottle,bottle,1,5,0.0,0.0
98,bowl,bowl,1,1,0.0,0.0
99,mug,mug,1,2,0.0,0.0
100,box,box,1,1,0.0,0.0
101,can,can,1,2,0.0,0.0
102,box,box,1,1,0.0,0.0
103,can,can,1,1,0.0,0.0
104,box,box,1,5,0.0,0.0
105,can,can,1,3,0.0,0.0
106,can,can,1,2,0.0,0.0
107,can,can,1,1,0.0,0.0
108,box,box,1,5,0.0,0.0
109,can,can,1,5,0.0,0.0
110,box,box,1,5,0.0,0.0
111,box,box,1,1,0.0,0.0
112,can,can,1,1,0.0,0.0
113,box,box,1,2,0.0,0.0
114,box,box,1,5,0.0,0.0
115,box,box,1,3,0.0,0.0
116,box,box,1,4,0.0,0.0
117,can,can,1,3,0.0,0.0
118,box,box,1,5,0.0,0.0
119,bottle,bottle,1,2,0.0,0.0
120,can,can,1,4,0.0,0.0
121,bottle,bottle,1,3,0.0,0.0
122,mug,mug,1,2,0.0,0.0
123,box,box,1,1,0.0,0.0
124,can,can,1,2,0.0,0.0
125,box,box,1,5,0.0,0.0
126,box,box,1,2,0.0,0.0
127,bottle,bottle,1,3,0.0,0.0
128,box,box,1,2,0.0,0.0
129,can,can,1,3,0.0,0.0
130,bowl,bowl,1,3,0.0,0.0
131,mug,mug,1,3,0.0,0.0
132,can,can,1,3,0.0,0.0
133,can,can,1,1,0.0,0.0
134,bottle,bottle,1,5,0.0,0.0
135,bottle,bottle,1,5,0.0,0.0
136,can,can,1,4,0.0,0.0
137,mug,mug,1,5,0.0,0.0
138,box,box,1,5,0.0,0.0
139,can,can,1,2,0.0,0.0
140,can,can,1,1,0.0,0.0
141,box,box,1,3,0.0,0.0
142,box,box,1,4,0.0,0.0
143,can,can,1,3,0.0,0.0
144,bowl,bowl,1,3,0.0,0.0
145,mug,mug,1,4,0.0,0.0
146,bottle,bottle,1,3,0.0,0.0
147,box,box,1,3,0.0,0.0
148,can,can,1,2,0.0,0.0
149,can,can,1,3,0.0,0.0
150,box,box,1,5,0.0,0.0
151,box,box,1,2,0.0,0.0
152,box,box,1,5,0.0,0.0
153,can,can,1,1,0.0,0.0
154,box,box,1,4,0.0,0.0
155,can,can,1,5,0.0,0.0
156,can,can,1,4,0.0,0.0
157,can,can,1,1,0.0,0.0
158,box,box,1,5,0.0,0.0
159,bottle,bottle,1,5,0.0,0.0
160,box,box,1,5,0.0,0.0
161,can,can,1,2,0.0,0.0
162,box,box,1,1,0.0,0.0
163,mug,mug,1,3,0.0,0.0
164,box,box,1,2,0.0,0.0
165,can,can,1,5,0.0,0.0
166,can,can,1,2,0.0,0.0
167,can,can,1,3,0.0,0.0
168,bottle,bottle,1,4,0.0,0.0
169,bottle,bottle,1,1,0.0,0.0
170,bottle,bottle,1,4,0.0,0.0
171,box,box,1,4,0.0,0.0
172,can,can,1,2,0.0,0.0
173,can,can,1,2,0.0,0.0
174,box,box,1,1,0.0,0.0
175,can,can,1,4,0.0,0.0
176,can,can,1,3,0.0,0.0
177,box,box,1,4,0.0,0.0
178,can,can,1,4,0.0,0.0
179,box,box,1,4,0.0,0.0
180,box,box,1,1,0.0,0.0
181,box,box,1,3,0.0,0.0
182,can,can,1,4,0.0,0.0
183,bottle,bottle,1,1,0.0,0.0
184,box,box,1,5,0.0,0.0
185,box,box,1,5,0.0,0.0
186,box,box,1,4,0.0,0.0
187,can,can,1,1,0.0,0.0
188,can,can,1,2,0.0,0.0
189,box,box,1,5,0.0,0.0
190,box,box,1,5,0.0,0.0
191,mug,mug,1,3,0.0,0.0
192,can,can,1,3,0.0,0.0
193,mug,mug,1,5,0.0,0.0
194,box,box,1,1,0.0,0.0
195,can,can,1,4,0.0,0.0
196,box,box,1,3,0.0,0.0
197,box,box,1,3,0.0,0.0
198,can,can,1,2,0.0,0.0
199,can,can,1,3,0.0,0.0
200,can,can,1,2,0.0,0.0
201,box,box,1,5,0.0,0.0
202,box,box,1,1,0.0,0.0
203,box,box,1,3,0.0,0.0
204,box,box,1,2,0.0,0.0
205,box,box,1,3,0.0,0.0
206,box,box,1,3,0.0,0.0
207,can,can,1,1,0.0,0.0
208,box,box,1,3,0.0,0.0
209,can,can,1,1,0.0,0.0
210,box,box,1,3,0.0,0.0
211,can,can,1,2,0.0,0.0
212,box,box,1,5,0.0,0.0
213,bottle,bottle,1,2,0.0,0.0
214,bottle,bottle,1,3,0.0,0.0
215,can,can,1,4,0.0,0.0
216,box,box,1,1,0.0,0.0
217,box,box,1,4,0.0,0.0
218,can,can,1,5,0.0,0.0
219,mug,mug,1,5,0.0,0.0
220,box,box,1,1,0.0,0.0
221,bottle,can,0,4,0.0,0.0
222,bowl,bowl,1,2,0.0,0.0
223,mug,mug,1,4,0.0,0.0
224,box,box,1,4,0.0,0.0
225,box,box,1,4,0.0,0.0
226,bottle,bottle,1,2,0.0,0.0
227,mug,mug,1,1,0.0,0.0
228,box,box,1,5,0.0,0.0
229,can,can,1,2,0.0,0.0
230,box,box,1,2,0.0,0.0
231,box,box,1,2,0.0,0.0
232,can,can,1,3,0.0,0.0
233,box,box,1,1,0.0,0.0
234,box,box,1,4,0.0,0.0
235,bottle,bottle,1,2,0.0,0.0
236,bowl,bowl,1,1,0.0,0.0
237,mug,mug,1,4,0.0,0.0
238,can,can,1,1,0.0,0.0
239,can,can,1,2,0.0,0.0
240,box,box,1,3,0.0,0.0
241,mug,mug,1,5,0.0,0.0
242,box,box,1,5,0.0,0.0
243,can,can,1,2,0.0,0.0
244,box,box,1,1,0.0,0.0
245,bottle,bottle,1,4,0.0,0.0
246,mug,mug,1,4,0.0,0.0
247,box,box,1,1,0.0,0.0
248,box,box,1,1,0.0,0.0
249,bottle,bottle,1,2,0.0,0.0
250,can,can,1,2,0.0,0.0
251,can,can,1,4,0.0,0.0
252,can,can,1,1,0.0,0.0
253,bottle,bottle,1,4,0.0,0.0
254,bottle,bottle,1,3,0.0,0.0
255,box,box,1,2,0.0,0.0
256,can,can,1,4,0.0,0.0
257,bottle,bottle,1,1,0.0,0.0
258,mug,mug,1,4,0.0,0.0
259,can,can,1,4,0.0,0.0
260,box,box,1,1,0.0,0.0
261,can,can,1,4,0.0,0.0
262,box,box,1,1,0.0,0.0
263,box,box,1,1,0.0,0.0
264,can,can,1,4,0.0,0.0
265,box,box,1,5,0.0,0.0
266,box,box,1,2,0.0,0.0
267,box,box,1,3,0.0,0.0
268,box,box,1,5,0.0,0.0
269,box,box,1,2,0.0,0.0
270,box,box,1,1,0.0,0.0
271,box,box,1,3,0.0,0.0
272,bowl,box,0,2,0.0,0.0
273,mug,bowl,0,5,0.0,0.0
274,can,can,1,5,0.0,0.0
275,box,box,1,5,0.0,0.0
276,box,box,1,3,0.0,0.0
277,can,can,1,5,0.0,0.0
278,box,box,1,2,0.0,0.0
279,box,box,1,4,0.0,0.0
280,bottle,box,0,4,0.0,0.0
281,bowl,bowl,1,2,0.0,0.0
282,mug,mug,1,3,0.0,0.0
283,box,box,1,3,0.0,0.0
284,can,can,1,5,0.0,0.0
285,box,box,1,4,0.0,0.0
286,can,can,1,3,0.0,0.0
287,bottle,bottle,1,5,0.0,0.0
288,bottle,bottle,1,5,0.0,0.0
289,bowl,bowl,1,2,0.0,0.0
290,mug,mug,1,4,0.0,0.0
291,can,can,1,2,0.0,0.0
292,box,box,1,5,0.0,0.0
293,bottle,bottle,1,3,0.0,0.0
294,bottle,bottle,1,4,0.0,0.0
295,box,box,1,1,0.0,0.0
296,bottle,box,0,3,0.0,0.0
297,mug,mug,1,4,0.0,0.0
298,box,box,1,2,0.0,0.0
299,box,box,1,1,0.0,0.0
300,can,can,1,5,0.0,0.0
301,box,box,1,1,0.0,0.0
302,bottle,bottle,1,3,0.0,0.0
303,mug,mug,1,1,0.0,0.0
304,bottle,bottle,1,3,0.0,0.0
305,bowl,bowl,1,3,0.0,0.0
306,mug,mug,1,2,0.0,0.0
307,box,box,1,5,0.0,0.0
308,box,box,1,4,0.0,0.0
309,can,can,1,4,0.0,0.0
310,bottle,bottle,1,4,0.0,0.0
311,bottle,bottle,1,1,0.0,0.0
312,bowl,bowl,1,1,0.0,0.0
313,mug,mug,1,3,0.0,0.0
314,can,can,1,2,0.0,0.0
315,mug,mug,1,2,0.0,0.0
316,box,box,1,1,0.0,0.0
317,box,box,1,5,0.0,0.0
318,can,can,1,3,0.0,0.0
319,bottle,bottle,1,1,0.0,0.0
320,can,can,1,1,0.0,0.0
321,bottle,bottle,1,2,0.0,0.0
322,box,box,1,1,0.0,0.0
323,box,box,1,2,0.0,0.0
324,can,can,1,1,0.0,0.0
325,box,box,1,5,0.0,0.0
326,box,box,1,4,0.0,0.0
327,bottle,bottle,1,2,0.0,0.0
328,bottle,bottle,1,1,0.0,0.0
329,can,can,1,1,0.0,0.0
330,box,box,1,1,0.0,0.0
331,box,box,1,2,0.0,0.0
332,can,can,1,3,0.0,0.0
333,box,box,1,5,0.0,0.0
334,can,can,1,4,0.0,0.0
335,box,box,1,1,0.0,0.0
336,box,box,1,1,0.0,0.0
337,box,box,1,5,0.0,0.0
338,can,can,1,4,0.0,0.0
339,box,box,1,2,0.0,0.0
340,box,box,1,5,0.0,0.0
341,can,can,1,2,0.0,0.0
342,box,box,1,5,0.0,0.0
343,can,can,1,2,0.0,0.0
344,box,box,1,2,0.0,0.0
345,bottle,bottle,1,1,0.0,0.0
346,can,can,1,2,0.0,0.0
347,can,can,1,3,0.0,0.0
348,box,box,1,2,0.0,0.0
349,can,can,1,5,0.0,0.0
350,box,box,1,2,0.0,0.0
351,can,can,1,1,0.0,0.0
352,box,box,1,3,0.0,0.0
353,can,can,1,3,0.0,0.0
354,box,box,1,3,0.0,0.0
355,box,box,1,4,0.0,0.0
356,can,can,1,2,0.0,0.0
357,box,box,1,4,0.0,0.0
358,box,box,1,2,0.0,0.0
359,bottle,bottle,1,1,0.0,0.0
360,can,can,1,1,0.0,0.0
361,box,box,1,5,0.0,0.0
362,can,can,1,1,0.0,0.0
363,box,box,1,3,0.0,0.0
364,bottle,bottle,1,4,0.0,0.0
365,box,box,1,5,0.0,0.0
366,can,can,1,2,0.0,0.0
367,can,can,1,1,0.0,0.0
368,box,box,1,2,0.0,0.0
369,bottle,bottle,1,3,0.0,0.0
370,bowl,bowl,1,2,0.0,0.0
371,box,box,1,5,0.0,0.0
372,can,can,1,5,0.0,0.0
373,bottle,bottle,1,2,0.0,0.0
374,can,can,1,2,0.0,0.0
375,box,box,1,1,0.0,0.0
376,box,box,1,4,0.0,0.0
377,can,can,1,4,0.0,0.0
378,box,box,1,2,0.0,0.0
379,box,box,1,4,0.0,0.0
380,can,can,1,1,0.0,0.0
381,mug,mug,1,2,0.0,0.0
382,can,can,1,4,0.0,0.0
383,can,can,1,3,0.0,0.0
384,can,can,1,5,0.0,0.0
385,bottle,bottle,1,5,0.0,0.0
386,can,can,1,2,0.0,0.0
387,mug,mug,1,5,0.0,0.0
388,box,box,1,4,0.0,0.0
389,box,box,1,3,0.0,0.0
390,can,can,1,2,0.0,0.0
391,mug,mug,1,5,0.0,0.0
392,can,can,1,4,0.0,0.0
393,mug,box,0,2,0.0,0.0
394,box,box,1,2,0.0,0.0
395,can,can,1,5,0.0,0.0
396,can,can,1,1,0.0,0.0
397,can,can,1,5,0.0,0.0
398,box,box,1,4,0.0,0.0
399,box,box,1,2,0.0,0.0
400,box,box,1,4,0.0,0.0
401,can,can,1,5,0.0,0.0
402,can,can,1,3,0.0,0.0
403,bottle,bottle,1,5,0.0,0.0
404,can,can,1,5,0.0,0.0
405,mug,mug,1,1,0.0,0.0
406,can,can,1,2,0.0,0.0
407,box,box,1,2,0.0,0.0
408,box,box,1,3,0.0,0.0
409,can,can,1,3,0.0,0.0
410,box,box,1,4,0.0,0.0
411,can,can,1,5,0.0,0.0
412,box,box,1,1,0.0,0.0
413,can,can,1,1,0.0,0.0
414,box,box,1,3,0.0,0.0
415,box,box,1,2,0.0,0.0
416,bottle,bottle,1,2,0.0,0.0
417,bowl,bowl,1,5,0.0,0.0
418,mug,mug,1,3,0.0,0.0
419,box,box,1,3,0.0,0.0
420,can,can,1,1,0.0,0.0
421,box,box,1,3,0.0,0.0
422,box,box,1,1,0.0,0.0
423,can,can,1,5,0.0,0.0
424,box,box,1,3,0.0,0.0
425,can,can,1,1,0.0,0.0
426,box,box,1,5,0.0,0.0
427,box,box,1,3,0.0,0.0
428,can,can,1,1,0.0,0.0
429,bottle,bottle,1,2,0.0,0.0
430,bottle,bottle,1,2,0.0,0.0
431,box,box,1,2,0.0,0.0
432,mug,mug,1,2,0.0,0.0
433,box,box,1,3,0.0,0.0
434,can,can,1,4,0.0,0.0
435,box,box,1,3,0.0,0.0
436,box,box,1,3,0.0,0.0
437,box,box,1,4,0.0,0.0
438,mug,mug,1,3,0.0,0.0
439,can,can,1,3,0.0,0.0
440,box,box,1,5,0.0,0.0
441,box,box,1,3,0.0,0.0
442,box,box,1,3,0.0,0.0
443,can,can,1,5,0.0,0.0
444,can,can,1,5,0.0,0.0
445,can,can,1,1,0.0,0.0
446,box,box,1,4,0.0,0.0
447,mug,mug,1,2,0.0,0.0
448,box,box,1,5,0.0,0.0
449,can,can,1,3,0.0,0.0
450,box,box,1,1,0.0,0.0
451,can,can,1,2,0.0,0.0
452,bottle,bottle,1,3,0.0,0.0
453,bottle,bottle,1,5,0.0,0.0
454,can,can,1,5,0.0,0.0
455,can,can,1,4,0.0,0.0
456,can,can,1,5,0.0,0.0
457,can,can,1,4,0.0,0.0
458,bottle,bottle,1,3,0.0,0.0
459,can,can,1,1,0.0,0.0
460,box,box,1,3,0.0,0.0
461,box,box,1,2,0.0,0.0
462,can,can,1,4,0.0,0.0
463,bottle,bottle,1,5,0.0,0.0
464,can,can,1,1,0.0,0.0
465,box,box,1,4,0.0,0.0
466,can,can,1,4,0.0,0.0
467,bottle,bottle,1,5,0.0,0.0
468,mug,mug,1,4,0.0,0.0
469,box,box,1,4,0.0,0.0
470,can,can,1,3,0.0,0.0
471,box,box,1,5,0.0,0.0
472,bottle,bottle,1,3,0.0,0.0
473,mug,mug,1,3,0.0,0.0
474,can,can,1,3,0.0,0.0
475,box,box,1,3,0.0,0.0
476,can,can,1,1,0.0,0.0
477,bottle,bottle,1,4,0.0,0.0
478,bottle,can,0,4,0.0,0.0
479,box,box,1,1,0.0,0.0
480,can,can,1,1,0.0,0.0
481,box,box,1,2,0.0,0.0
482,box,box,1,4,0.0,0.0
483,box,box,1,5,0.0,0.0
484,can,can,1,5,0.0,0.0
485,box,box,1,1,0.0,0.0
486,box,box,1,4,0.0,0.0
487,can,can,1,5,0.0,0.0
488,bowl,bowl,1,2,0.0,0.0
489,mug,mug,1,2,0.0,0.0
490,box,box,1,4,0.0,0.0
491,box,box,1,2,0.0,0.0
492,can,can,1,1,0.0,0.0
493,box,box,1,2,0.0,0.0
494,can,can,1,5,0.0,0.0
495,bottle,bottle,1,1,0.0,0.0
496,bottle,bottle,1,2,0.0,0.0
497,bottle,bottle,1,2,0.0,0.0
498,bowl,bowl,1,3,0.0,0.0
499,mug,mug,1,4,0.0,0.0
500,can,can,1,5,0.0,0.0
501,mug,mug,1,4,0.0,0.0
502,can,can,1,2,0.0,0.0
503,box,box,1,2,0.0,0.0
504,can,can,1,2,0.0,0.0
505,box,box,1,2,0.0,0.0
506,box,box,1,1,0.0,0.0
507,box,box,1,5,0.0,0.0
508,can,can,1,3,0.0,0.0
509,box,box,1,2,0.0,0.0
510,can,can,1,5,0.0,0.0
511,box,box,1,1,0.0,0.0
512,box,box,1,1,0.0,0.0
513,box,box,1,4,0.0,0.0
514,can,can,1,5,0.0,0.0
515,can,can,1,5,0.0,0.0
516,can,can,1,5,0.0,0.0
517,box,box,1,2,0.0,0.0
518,box,box,1,5,0.0,0.0
519,can,can,1,5,0.0,0.0
520,box,box,1,3,0.0,0.0
521,can,can,1,3,0.0,0.0
522,can,can,1,2,0.0,0.0
523,bottle,bottle,1,2,0.0,0.0
524,bottle,bottle,1,4,0.0,0.0
525,bowl,bowl,1,3,0.0,0.0
526,mug,mug,1,4,0.0,0.0
527,can,can,1,2,0.0,0.0
528,box,box,1,3,0.0,0.0
529,bottle,bottle,1,5,0.0,0.0
530,mug,mug,1,5,0.0,0.0
531,can,can,1,5,0.0,0.0
532,can,can,1,3,0.0,0.0
533,box,box,1,5,0.0,0.0
534,box,box,1,3,0.0,0.0
535,box,box,1,3,0.0,0.0
536,box,box,1,3,0.0,0.0
537,box,box,1,1,0.0,0.0
538,can,can,1,1,0.0,0.0
539,can,can,1,3,0.0,0.0
540,bottle,bottle,1,4,0.0,0.0
541,bottle,bottle,1,3,0.0,0.0
542,mug,mug,1,3,0.0,0.0
543,can,can,1,2,0.0,0.0
544,box,box,1,2,0.0,0.0
545,box,box,1,2,0.0,0.0
546,box,box,1,3,0.0,0.0
547,can,can,1,2,0.0,0.0
548,box,box,1,2,0.0,0.0
549,can,can,1,2,0.0,0.0
550,bottle,bottle,1,1,0.0,0.0
551,mug,mug,1,4,0.0,0.0
552,can,can,1,1,0.0,0.0
553,can,can,1,3,0.0,0.0
554,bottle,bottle,1,3,0.0,0.0
555,can,can,1,5,0.0,0.0
556,bottle,bottle,1,5,0.0,0.0
557,box,box,1,1,0.0,0.0
558,bottle,bottle,1,1,0.0,0.0
559,bowl,bowl,1,4,0.0,0.0
560,mug,mug,1,1,0.0,0.0
561,box,box,1,1,0.0,0.0
562,box,box,1,5,0.0,0.0
563,box,box,1,1,0.0,0.0
564,can,can,1,2,0.0,0.0
565,can,can,1,1,0.0,0.0
566,bottle,bottle,1,4,0.0,0.0
567,box,box,1,3,0.0,0.0
568,can,can,1,3,0.0,0.0
569,box,box,1,2,0.0,0.0
570,box,box,1,4,0.0,0.0
571,can,can,1,1,0.0,0.0
572,can,can,1,5,0.0,0.0
573,box,box,1,2,0.0,0.0
574,box,box,1,2,0.0,0.0
575,bottle,bottle,1,1,0.0,0.0
576,bowl,bowl,1,1,0.0,0.0
577,mug,mug,1,2,0.0,0.0
578,can,can,1,4,0.0,0.0
579,box,box,1,3,0.0,0.0
580,box,box,1,4,0.0,0.0
581,bottle,bottle,1,2,0.0,0.0
582,mug,mug,1,2,0.0,0.0
583,bottle,bottle,1,1,0.0,0.0
584,can,can,1,3,0.0,0.0
585,box,box,1,4,0.0,0.0
586,box,box,1,4,0.0,0.0
587,box,box,1,2,0.0,0.0
588,can,can,1,3,0.0,0.0
589,box,box,1,5,0.0,0.0
590,can,can,1,2,0.0,0.0
591,box,box,1,1,0.0,0.0
592,box,box,1,1,0.0,0.0
593,bottle,bottle,1,2,0.0,0.0
594,mug,mug,1,5,0.0,0.0
595,can,can,1,5,0.0,0.0
596,bottle,bottle,1,2,0.0,0.0
597,can,can,1,3,0.0,0.0
598,box,box,1,1,0.0,0.0
599,box,box,1,2,0.0,0.0
600,box,box,1,2,0.0,0.0
601,box,box,1,2,0.0,0.0
602,bottle,bottle,1,3,0.0,0.0
603,can,can,1,5,0.0,0.0
604,can,can,1,2,0.0,0.0
605,box,box,1,3,0.0,0.0
606,box,box,1,3,0.0,0.0
607,can,can,1,4,0.0,0.0
608,bottle,bottle,1,4,0.0,0.0
609,box,box,1,4,0.0,0.0
610,can,can,1,3,0.0,0.0
611,bottle,bottle,1,3,0.0,0.0
612,bowl,bowl,1,3,0.0,0.0
613,mug,mug,1,1,0.0,0.0
614,mug,mug,1,3,0.0,0.0
615,box,box,1,4,0.0,0.0
616,can,can,1,2,0.0,0.0
617,box,box,1,4,0.0,0.0
618,bottle,bottle,1,1,0.0,0.0
619,can,can,1,3,0.0,0.0
620,can,can,1,4,0.0,0.0
621,bottle,bottle,1,2,0.0,0.0
622,bottle,bottle,1,1,0.0,0.0
623,bowl,bowl,1,3,0.0,0.0
624,mug,mug,1,5,0.0,0.0
625,bottle,bottle,1,1,0.0,0.0
626,mug,mug,1,1,0.0,0.0
627,box,box,1,4,0.0,0.0
628,can,can,1,3,0.0,0.0
629,box,box,1,4,0.0,0.0
630,can,can,1,1,0.0,0.0
631,bottle,bottle,1,1,0.0,0.0
632,bottle,bottle,1,1,0.0,0.0
633,can,can,1,5,0.0,0.0
634,bottle,bottle,1,4,0.0,0.0
635,box,box,1,5,0.0,0.0
636,can,can,1,2,0.0,0.0
637,can,can,1,1,0.0,0.0
638,box,box,1,2,0.0,0.0
639,box,box,1,4,0.0,0.0
640,box,box,1,3,0.0,0.0
641,box,box,1,5,0.0,0.0
642,box,box,1,3,0.0,0.0
643,can,can,1,1,0.0,0.0
644,box,box,1,2,0.0,0.0
645,box,box,1,5,0.0,0.0
646,can,can,1,4,0.0,0.0
647,can,can,1,2,0.0,0.0
648,can,can,1,5,0.0,0.0
649,can,can,1,4,0.0,0.0
650,box,box,1,3,0.0,0.0
651,can,can,1,2,0.0,0.0
652,bottle,bottle,1,2,0.0,0.0
653,box,box,1,5,0.0,0.0
654,can,can,1,2,0.0,0.0
655,can,can,1,3,0.0,0.0
656,can,can,1,3,0.0,0.0
657,box,box,1,5,0.0,0.0
658,box,box,1,5,0.0,0.0
659,box,box,1,4,0.0,0.0
660,box,box,1,4,0.0,0.0
661,box,box,1,4,0.0,0.0
662,box,box,1,4,0.0,0.0
663,bottle,box,0,4,0.0,0.0
664,bowl,bowl,1,4,0.0,0.0
665,can,can,1,1,0.0,0.0
666,box,box,1,2,0.0,0.0
667,box,box,1,2,0.0,0.0
668,box,box,1,4,0.0,0.0
669,box,box,1,4,0.0,0.0
670,box,box,1,4,0.0,0.0
671,box,box,1,5,0.0,0.0
672,can,can,1,1,0.0,0.0
673,box,box,1,4,0.0,0.0
674,can,can,1,3,0.0,0.0
675,can,can,1,4,0.0,0.0
676,box,box,1,3,0.0,0.0
677,box,box,1,4,0.0,0.0
678,box,box,1,2,0.0,0.0
679,can,can,1,1,0.0,0.0
680,mug,mug,1,2,0.0,0.0
681,box,box,1,2,0.0,0.0
682,can,can,1,5,0.0,0.0
683,box,box,1,3,0.0,0.0
684,can,can,1,2,0.0,0.0
685,box,box,1,3,0.0,0.0
686,box,box,1,3,0.0,0.0
687,bowl,bowl,1,5,0.0,0.0
688,mug,mug,1,4,0.0,0.0
689,box,box,1,2,0.0,0.0
690,can,can,1,3,0.0,0.0
691,box,box,1,2,0.0,0.0
692,box,box,1,4,0.0,0.0
693,can,can,1,5,0.0,0.0
694,box,can,0,3,0.0,0.0
695,box,box,1,5,0.0,0.0
696,can,can,1,2,0.0,0.0
697,box,box,1,4,0.0,0.0
698,bottle,bottle,1,4,0.0,0.0
699,bottle,bottle,1,1,0.0,0.0
700,can,can,1,3,0.0,0.0
701,bowl,bowl,1,2,0.0,0.0
702,mug,mug,1,5,0.0,0.0
703,can,can,1,1,0.0,0.0
704,box,box,1,2,0.0,0.0
705,can,can,1,4,0.0,0.0
706,box,box,1,4,0.0,0.0
707,can,can,1,3,0.0,0.0
708,can,can,1,5,0.0,0.0
709,box,box,1,5,0.0,0.0
710,box,box,1,2,0.0,0.0
711,can,can,1,2,0.0,0.0
712,box,box,1,4,0.0,0.0
713,box,box,1,4,0.0,0.0
714,box,box,1,2,0.0,0.0
715,bowl,can,0,1,0.0,0.0
716,mug,mug,1,3,0.0,0.0
717,box,box,1,4,0.0,0.0
718,bottle,bottle,1,3,0.0,0.0
719,mug,mug,1,1,0.0,0.0
720,can,can,1,1,0.0,0.0
721,box,box,1,1,0.0,0.0
722,box,box,1,5,0.0,0.0
723,bottle,bottle,1,5,0.0,0.0
724,box,box,1,1,0.0,0.0
725,can,can,1,4,0.0,0.0
726,box,box,1,3,0.0,0.0
727,bottle,bottle,1,3,0.0,0.0
728,bowl,bowl,1,4,0.0,0.0
729,mug,mug,1,5,0.0,0.0
730,can,can,1,3,0.0,0.0
731,can,can,1,5,0.0,0.0
732,bottle,bottle,1,1,0.0,0.0
733,can,can,1,4,0.0,0.0
734,box,box,1,1,0.0,0.0
735,box,box,1,3,0.0,0.0
736,box,box,1,2,0.0,0.0
737,box,box,1,2,0.0,0.0
738,box,box,1,1,0.0,0.0
739,box,box,1,1,0.0,0.0
740,can,can,1,4,0.0,0.0
741,box,box,1,1,0.0,0.0
742,box,box,1,2,0.0,0.0
743,can,can,1,5,0.0,0.0
744,bowl,box,0,1,0.0,0.0
745,mug,mug,1,5,0.0,0.0
746,box,box,1,2,0.0,0.0
747,box,box,1,5,0.0,0.0
748,can,can,1,5,0.0,0.0
749,bottle,bottle,1,5,0.0,0.0
750,bottle,bottle,1,1,0.0,0.0
751,can,can,1,2,0.0,0.0
752,bottle,bottle,1,5,0.0,0.0
753,box,box,1,4,0.0,0.0
754,can,can,1,2,0.0,0.0
755,box,box,1,3,0.0,0.0
756,box,bottle,0,2,0.0,0.0
757,can,can,1,4,0.0,0.0
758,box,box,1,1,0.0,0.0
759,box,box,1,3,0.0,0.0
760,can,can,1,2,0.0,0.0
761,box,box,1,4,0.0,0.0
762,can,can,1,3,0.0,0.0
763,box,box,1,4,0.0,0.0
764,can,can,1,3,0.0,0.0
765,bowl,bowl,1,4,0.0,0.0
766,mug,mug,1,4,0.0,0.0
767,box,box,1,2,0.0,0.0
768,can,can,1,1,0.0,0.0
769,can,bottle,0,3,0.0,0.0
770,bottle,bottle,1,5,0.0,0.0
771,can,can,1,2,0.0,0.0
772,box,box,1,1,0.0,0.0
773,box,box,1,4,0.0,0.0
774,can,can,1,5,0.0,0.0
775,box,box,1,3,0.0,0.0
776,box,box,1,3,0.0,0.0
777,box,box,1,3,0.0,0.0
778,box,box,1,5,0.0,0.0
779,can,can,1,1,0.0,0.0
780,box,box,1,1,0.0,0.0
781,box,box,1,3,0.0,0.0
782,box,box,1,5,0.0,0.0
783,box,box,1,2,0.0,0.0
784,can,can,1,4,0.0,0.0
785,box,box,1,3,0.0,0.0
786,box,box,1,5,0.0,0.0
787,box,box,1,3,0.0,0.0
788,bottle,bottle,1,5,0.0,0.0
789,mug,mug,1,5,0.0,0.0
790,can,can,1,4,0.0,0.0
791,can,can,1,1,0.0,0.0
792,bottle,bottle,1,3,0.0,0.0
793,box,box,1,2,0.0,0.0
794,box,bottle,0,2,0.0,0.0
795,can,can,1,1,0.0,0.0
796,box,box,1,4,0.0,0.0
797,can,can,1,5,0.0,0.0
798,box,box,1,3,0.0,0.0
799,box,box,1,1,0.0,0.0
800,can,can,1,5,0.0,0.0
801,bottle,bottle,1,2,0.0,0.0
802,can,can,1,3,0.0,0.0
803,can,can,1,1,0.0,0.0
804,mug,mug,1,3,0.0,0.0
805,box,box,1,1,0.0,0.0
806,box,box,1,1,0.0,0.0
807,can,can,1,5,0.0,0.0
808,box,box,1,3,0.0,0.0
809,box,box,1,4,0.0,0.0
810,can,can,1,3,0.0,0.0
811,can,can,1,2,0.0,0.0
812,box,box,1,3,0.0,0.0
813,box,box,1,5,0.0,0.0
814,box,box,1,1,0.0,0.0
815,can,can,1,4,0.0,0.0
816,box,box,1,5,0.0,0.0
817,bottle,can,0,4,0.0,0.0
818,mug,mug,1,2,0.0,0.0
819,box,box,1,3,0.0,0.0
820,can,can,1,5,0.0,0.0
821,box,box,1,3,0.0,0.0
822,box,box,1,4,0.0,0.0
823,can,can,1,5,0.0,0.0
824,box,box,1,2,0.0,0.0
825,can,can,1,1,0.0,0.0
826,box,box,1,5,0.0,0.0
827,box,box,1,2,0.0,0.0
828,bowl,bowl,1,1,0.0,0.0
829,mug,mug,1,2,0.0,0.0
830,bottle,bottle,1,1,0.0,0.0
831,bottle,bottle,1,5,0.0,0.0
832,box,box,1,1,0.0,0.0
833,can,can,1,3,0.0,0.0
834,can,can,1,4,0.0,0.0
835,bottle,bottle,1,2,0.0,0.0
836,box,box,1,2,0.0,0.0
837,bottle,bowl,0,5,0.0,0.0
838,bowl,can,0,2,0.0,0.0
839,mug,mug,1,2,0.0,0.0
840,box,box,1,2,0.0,0.0
841,bowl,bowl,1,1,0.0,0.0
842,can,can,1,2,0.0,0.0
843,box,box,1,5,0.0,0.0
844,box,box,1,1,0.0,0.0
845,can,can,1,1,0.0,0.0
846,can,can,1,4,0.0,0.0
847,bottle,bottle,1,3,0.0,0.0
848,can,can,1,5,0.0,0.0
849,bottle,bottle,1,5,0.0,0.0
850,bowl,bowl,1,3,0.0,0.0
851,mug,mug,1,5,0.0,0.0
852,box,box,1,4,0.0,0.0
853,can,can,1,1,0.0,0.0
854,box,box,1,5,0.0,0.0
855,box,box,1,1,0.0,0.0
856,box,box,1,4,0.0,0.0
857,box,box,1,1,0.0,0.0
858,can,can,1,3,0.0,0.0
859,bottle,bottle,1,2,0.0,0.0
860,can,can,1,5,0.0,0.0
861,bottle,bottle,1,3,0.0,0.0
862,bottle,bottle,1,4,0.0,0.0
863,box,box,1,2,0.0,0.0
864,can,can,1,1,0.0,0.0
865,box,box,1,1,0.0,0.0
866,box,box,1,5,0.0,0.0
867,can,can,1,4,0.0,0.0
868,box,box,1,5,0.0,0.0
869,can,can,1,3,0.0,0.0
870,box,box,1,3,0.0,0.0
871,box,box,1,3,0.0,0.0
872,can,can,1,3,0.0,0.0
873,bottle,bottle,1,4,0.0,0.0
874,can,can,1,5,0.0,0.0
875,bottle,bottle,1,2,0.0,0.0
876,box,box,1,5,0.0,0.0
877,can,can,1,5,0.0,0.0
878,bottle,bottle,1,4,0.0,0.0
879,bowl,bowl,1,1,0.0,0.0
880,mug,mug,1,2,0.0,0.0
881,can,can,1,1,0.0,0.0
882,bottle,bottle,1,3,0.0,0.0
883,bowl,bowl,1,5,0.0,0.0
884,mug,mug,1,1,0.0,0.0
885,can,can,1,2,0.0,0.0
886,bottle,bottle,1,5,0.0,0.0
887,bottle,bottle,1,2,0.0,0.0
888,box,box,1,5,0.0,0.0
889,bottle,bottle,1,5,0.0,0.0
890,bowl,bowl,1,4,0.0,0.0
891,mug,mug,1,1,0.0,0.0
892,bowl,bowl,1,5,0.0,0.0
893,mug,mug,1,1,0.0,0.0
894,can,can,1,3,0.0,0.0
895,can,can,1,4,0.0,0.0
896,box,box,1,4,0.0,0.0
897,can,can,1,3,0.0,0.0
898,box,box,1,3,0.0,0.0
899,box,box,1,3,0.0,0.0
900,box,box,1,3,0.0,0.0
901,box,box,1,4,0.0,0.0
902,box,box,1,5,0.0,0.0
903,box,box,1,3,0.0,0.0
904,can,can,1,3,0.0,0.0
905,box,box,1,5,0.0,0.0
906,box,box,1,5,0.0,0.0
907,can,can,1,4,0.0,0.0
908,mug,mug,1,4,0.0,0.0
909,box,box,1,4,0.0,0.0
910,can,can,1,4,0.0,0.0
911,can,can,1,4,0.0,0.0
912,can,can,1,2,0.0,0.0
913,box,box,1,4,0.0,0.0
914,box,box,1,3,0.0,0.0
915,box,box,1,3,0.0,0.0
916,can,can,1,2,0.0,0.0
917,box,box,1,2,0.0,0.0
918,can,can,1,3,0.0,0.0
919,can,can,1,2,0.0,0.0
920,box,box,1,1,0.0,0.0
921,box,box,1,3,0.0,0.0
922,box,box,1,3,0.0,0.0
923,box,box,1,4,0.0,0.0
924,can,can,1,2,0.0,0.0
925,bottle,bottle,1,1,0.0,0.0
926,box,box,1,3,0.0,0.0
927,bottle,bottle,1,3,0.0,0.0
928,mug,mug,1,4,0.0,0.0
929,box,box,1,2,0.0,0.0
930,box,box,1,1,0.0,0.0
931,bowl,bowl,1,5,0.0,0.0
932,mug,mug,1,5,0.0,0.0
933,box,box,1,5,0.0,0.0
934,can,can,1,5,0.0,0.0
935,can,can,1,2,0.0,0.0
936,box,box,1,1,0.0,0.0
937,can,can,1,4,0.0,0.0
938,can,can,1,2,0.0,0.0
939,box,box,1,5,0.0,0.0
940,box,box,1,5,0.0,0.0
941,can,can,1,4,0.0,0.0
942,can,can,1,1,0.0,0.0
943,can,can,1,4,0.0,0.0
944,box,box,1,1,0.0,0.0
945,bowl,bowl,1,5,0.0,0.0
946,mug,mug,1,3,0.0,0.0
947,bottle,bottle,1,1,0.0,0.0
948,can,can,1,4,0.0,0.0
949,bottle,bottle,1,2,0.0,0.0
950,can,can,1,5,0.0,0.0
951,box,box,1,1,0.0,0.0
952,box,box,1,3,0.0,0.0
953,can,can,1,2,0.0,0.0
954,can,can,1,1,0.0,0.0
955,box,box,1,1,0.0,0.0
956,can,can,1,5,0.0,0.0
957,box,box,1,3,0.0,0.0
958,can,can,1,1,0.0,0.0
959,can,can,1,1,0.0,0.0
960,can,can,1,3,0.0,0.0
961,can,can,1,1,0.0,0.0
962,box,box,1,4,0.0,0.0
963,box,box,1,1,0.0,0.0
964,box,box,1,4,0.0,0.0
965,can,bowl,0,4,0.0,0.0
966,can,can,1,2,0.0,0.0
967,bottle,bottle,1,3,0.0,0.0
968,can,can,1,3,0.0,0.0
969,box,box,1,5,0.0,0.0
970,box,box,1,1,0.0,0.0
971,box,box,1,4,0.0,0.0
972,box,box,1,3,0.0,0.0
973,box,box,1,3,0.0,0.0
974,bottle,bottle,1,2,0.0,0.0
975,bowl,bowl,1,4,0.0,0.0
976,mug,mug,1,1,0.0,0.0
977,box,box,1,1,0.0,0.0
978,can,can,1,1,0.0,0.0
979,can,can,1,3,0.0,0.0
980,bottle,bottle,1,2,0.0,0.0
981,can,can,1,3,0.0,0.0
982,box,box,1,4,0.0,0.0
983,can,can,1,3,0.0,0.0
984,box,box,1,1,0.0,0.0
985,box,box,1,5,0.0,0.0
986,box,box,1,3,0.0,0.0
987,can,can,1,3,0.0,0.0
988,can,can,1,4,0.0,0.0
989,can,can,1,4,0.0,0.0
990,box,box,1,2,0.0,0.0
991,can,can,1,4,0.0,0.0
992,box,box,1,4,0.0,0.0
993,bottle,bottle,1,4,0.0,0.0
994,mug,mug,1,1,0.0,0.0
995,box,box,1,5,0.0,0.0
996,can,can,1,1,0.0,0.0
997,can,can,1,1,0.0,0.0
998,box,box,1,2,0.0,0.0
999,box,box,1,4,0.0,0.0
1000,box,box,1,5,0.0,0.0
1001,box,box,1,4,0.0,0.0
1002,can,can,1,5,0.0,0.0
1003,box,box,1,3,0.0,0.0
1004,box,box,1,1,0.0,0.0
1005,bottle,bottle,1,1,0.0,0.0
1006,can,can,1,4,0.0,0.0
1007,box,box,1,4,0.0,0.0
1008,can,can,1,2,0.0,0.0
1009,box,box,1,1,0.0,0.0
1010,box,box,1,2,0.0,0.0
1011,box,box,1,2,0.0,0.0
1012,box,box,1,5,0.0,0.0
1013,box,box,1,2,0.0,0.0
1014,can,can,1,3,0.0,0.0
1015,box,box,1,2,0.0,0.0
1016,box,box,1,1,0.0,0.0
1017,bottle,bottle,1,5,0.0,0.0
1018,can,can,1,5,0.0,0.0
1019,box,box,1,1,0.0,0.0
1020,can,can,1,4,0.0,0.0
1021,box,box,1,4,0.0,0.0
1022,box,box,1,3,0.0,0.0
1023,can,can,1,3,0.0,0.0
1024,bottle,bottle,1,1,0.0,0.0
1025,bowl,bowl,1,3,0.0,0.0
1026,mug,mug,1,3,0.0,0.0
1027,box,box,1,3,0.0,0.0
1028,can,can,1,5,0.0,0.0
1029,can,can,1,5,0.0,0.0
1030,box,box,1,1,0.0,0.0
1031,bottle,bottle,1,3,0.0,0.0
1032,box,box,1,4,0.0,0.0
1033,box,box,1,2,0.0,0.0
1034,can,can,1,5,0.0,0.0
1035,box,box,1,3,0.0,0.0
1036,box,box,1,5,0.0,0.0
1037,bottle,box,0,1,0.0,0.0
1038,bowl,bowl,1,5,0.0,0.0
1039,mug,mug,1,5,0.0,0.0
1040,bottle,bottle,1,5,0.0,0.0
1041,mug,mug,1,2,0.0,0.0
1042,box,box,1,3,0.0,0.0
1043,can,can,1,4,0.0,0.0
1044,box,box,1,5,0.0,0.0
1045,box,box,1,4,0.0,0.0
1046,can,can,1,1,0.0,0.0
1047,can,can,1,4,0.0,0.0
1048,bottle,bottle,1,4,0.0,0.0
1049,bottle,bottle,1,1,0.0,0.0
1050,can,can,1,1,0.0,0.0
1051,mug,mug,1,1,0.0,0.0
1052,can,can,1,4,0.0,0.0
1053,bottle,bottle,1,1,0.0,0.0
1054,can,can,1,4,0.0,0.0
1055,box,box,1,5,0.0,0.0
1056,can,can,1,5,0.0,0.0
1057,box,box,1,4,0.0,0.0
1058,box,box,1,3,0.0,0.0
1059,box,box,1,4,0.0,0.0
1060,can,can,1,2,0.0,0.0
1061,box,box,1,2,0.0,0.0
1062,can,can,1,1,0.0,0.0
1063,box,box,1,2,0.0,0.0
1064,can,can,1,5,0.0,0.0
1065,box,box,1,2,0.0,0.0
1066,box,box,1,4,0.0,0.0
1067,bowl,bowl,1,4,0.0,0.0
1068,mug,mug,1,1,0.0,0.0
1069,box,box,1,2,0.0,0.0
1070,box,box,1,4,0.0,0.0
1071,box,box,1,1,0.0,0.0
1072,can,can,1,4,0.0,0.0
1073,box,box,1,5,0.0,0.0
1074,can,can,1,3,0.0,0.0
1075,box,box,1,4,0.0,0.0
1076,mug,mug,1,3,0.0,0.0
1077,box,box,1,3,0.0,0.0
1078,can,can,1,4,0.0,0.0
1079,box,box,1,2,0.0,0.0
1080,can,can,1,2,0.0,0.0
1081,mug,mug,1,1,0.0,0.0
1082,can,can,1,1,0.0,0.0
1083,bottle,bottle,1,2,0.0,0.0
1084,can,can,1,1,0.0,0.0
1085,box,box,1,5,0.0,0.0
1086,mug,mug,1,2,0.0,0.0
1087,can,can,1,4,0.0,0.0
1088,box,box,1,1,0.0,0.0
1089,bottle,bottle,1,5,0.0,0.0
1090,mug,mug,1,1,0.0,0.0
1091,box,box,1,2,0.0,0.0
1092,box,box,1,1,0.0,0.0
1093,can,can,1,5,0.0,0.0
1094,bowl,bowl,1,4,0.0,0.0
1095,mug,mug,1,5,0.0,0.0
1096,bottle,bottle,1,3,0.0,0.0
1097,bottle,bottle,1,4,0.0,0.0
1098,box,box,1,2,0.0,0.0
1099,box,box,1,3,0.0,0.0
1100,box,box,1,4,0.0,0.0
1101,box,box,1,5,0.0,0.0
1102,bowl,bowl,1,4,0.0,0.0
1103,mug,mug,1,1,0.0,0.0
1104,bowl,bowl,1,2,0.0,0.0
1105,mug,mug,1,3,0.0,0.0
1106,box,box,1,2,0.0,0.0
1107,bowl,bowl,1,5,0.0,0.0
1108,mug,can,0,3,0.0,0.0
0,box,box,1,4,0.0015,1.5
1,box,box,1,5,0.0015,1.5
2,box,box,1,1,0.0015,1.5
3,box,box,1,1,0.0015,1.5
4,can,can,1,3,0.0015,1.5
5,box,box,1,4,0.0015,1.5
6,can,can,1,5,0.0015,1.5
7,box,box,1,1,0.0015,1.5
8,box,box,1,1,0.0015,1.5
9,box,box,1,5,0.0015,1.5
10,can,can,1,3,0.0015,1.5
11,box,box,1,2,0.0015,1.5
12,bottle,bottle,1,1,0.0015,1.5
13,mug,mug,1,3,0.0015,1.5
14,can,can,1,4,0.0015,1.5
15,box,box,1,1,0.0015,1.5
16,can,mug,0,2,0.0015,1.5
17,bottle,bottle,1,4,0.0015,1.5
18,bottle,bottle,1,3,0.0015,1.5
19,box,box,1,1,0.0015,1.5
20,box,box,1,3,0.0015,1.5
21,can,can,1,2,0.0015,1.5
22,box,box,1,2,0.0015,1.5
23,can,can,1,3,0.0015,1.5
24,box,box,1,3,0.0015,1.5
25,can,can,1,5,0.0015,1.5
26,box,box,1,4,0.0015,1.5
27,can,can,1,4,0.0015,1.5
28,box,box,1,4,0.0015,1.5
29,box,box,1,5,0.0015,1.5
30,can,can,1,4,0.0015,1.5
31,box,box,1,2,0.0015,1.5
32,box,box,1,4,0.0015,1.5
33,can,can,1,1,0.0015,1.5
34,bottle,bottle,1,5,0.0015,1.5
35,can,can,1,4,0.0015,1.5
36,can,can,1,4,0.0015,1.5
37,box,box,1,5,0.0015,1.5
38,box,box,1,1,0.0015,1.5
39,box,box,1,1,0.0015,1.5
40,can,can,1,2,0.0015,1.5
41,box,box,1,3,0.0015,1.5
42,can,can,1,5,0.0015,1.5
43,bottle,bottle,1,5,0.0015,1.5
44,bottle,box,0,4,0.0015,1.5
45,box,box,1,1,0.0015,1.5
46,can,can,1,3,0.0015,1.5
47,box,box,1,4,0.0015,1.5
48,box,box,1,1,0.0015,1.5
49,can,can,1,5,0.0015,1.5
50,bottle,bottle,1,2,0.0015,1.5
51,box,box,1,5,0.0015,1.5
52,can,can,1,2,0.0015,1.5
53,box,box,1,1,0.0015,1.5
54,can,can,1,4,0.0015,1.5
55,box,box,1,2,0.0015,1.5
56,box,box,1,2,0.0015,1.5
57,can,can,1,1,0.0015,1.5
58,box,box,1,5,0.0015,1.5
59,box,box,1,5,0.0015,1.5
60,box,box,1,5,0.0015,1.5
61,can,can,1,2,0.0015,1.5
62,bottle,bottle,1,4,0.0015,1.5
63,bottle,bottle,1,5,0.0015,1.5
64,box,box,1,1,0.0015,1.5
65,can,can,1,1,0.0015,1.5
66,bottle,box,0,4,0.0015,1.5
67,mug,mug,1,4,0.0015,1.5
68,box,box,1,2,0.0015,1.5
69,can,can,1,4,0.0015,1.5
70,box,box,1,1,0.0015,1.5
71,box,box,1,5,0.0015,1.5
72,can,can,1,4,0.0015,1.5
73,box,box,1,3,0.0015,1.5
74,can,can,1,1,0.0015,1.5
75,box,box,1,5,0.0015,1.5
76,can,can,1,1,0.0015,1.5
77,can,can,1,4,0.0015,1.5
78,box,box,1,1,0.0015,1.5
79,box,box,1,2,0.0015,1.5
80,can,can,1,3,0.0015,1.5
81,box,box,1,2,0.0015,1.5
82,can,can,1,3,0.0015,1.5
83,can,can,1,2,0.0015,1.5
84,box,box,1,1,0.0015,1.5
85,can,can,1,5,0.0015,1.5
86,box,box,1,1,0.0015,1.5
87,box,box,1,3,0.0015,1.5
88,bottle,box,0,3,0.0015,1.5
89,mug,can,0,4,0.0015,1.5
90,box,box,1,5,0.0015,1.5
91,can,can,1,5,0.0015,1.5
92,box,box,1,4,0.0015,1.5
93,can,can,1,3,0.0015,1.5
94,box,box,1,5,0.0015,1.5
95,can,can,1,5,0.0015,1.5
96,box,box,1,4,0.0015,1.5
97,bottle,bottle,1,5,0.0015,1.5
98,bowl,bowl,1,1,0.0015,1.5
99,mug,mug,1,2,0.0015,1.5
100,box,box,1,1,0.0015,1.5
101,can,can,1,2,0.0015,1.5
102,box,box,1,1,0.0015,1.5
103,can,can,1,1,0.0015,1.5
104,box,box,1,5,0.0015,1.5
105,can,can,1,3,0.0015,1.5
106,can,can,1,2,0.0015,1.5
107,can,can,1,1,0.0015,1.5
108,box,box,1,5,0.0015,1.5
109,can,can,1,5,0.0015,1.5
110,box,box,1,5,0.0015,1.5
111,box,box,1,1,0.0015,1.5
112,can,can,1,1,0.0015,1.5
113,box,box,1,2,0.0015,1.5
114,box,box,1,5,0.0015,1.5
115,box,box,1,3,0.0015,1.5
116,box,box,1,4,0.0015,1.5
117,can,can,1,3,0.0015,1.5
118,box,box,1,5,0.0015,1.5
119,bottle,bottle,1,2,0.0015,1.5
120,can,can,1,4,0.0015,1.5
121,bottle,bottle,1,3,0.0015,1.5
122,mug,mug,1,2,0.0015,1.5
123,box,box,1,1,0.0015,1.5
124,can,can,1,2,0.0015,1.5
125,box,box,1,5,0.0015,1.5
126,box,box,1,2,0.0015,1.5
127,bottle,bottle,1,3,0.0015,1.5
128,box,box,1,2,0.0015,1.5
129,can,can,1,3,0.0015,1.5
130,bowl,bowl,1,3,0.0015,1.5
131,mug,mug,1,3,0.0015,1.5
132,can,can,1,3,0.0015,1.5
133,can,can,1,1,0.0015,1.5
134,bottle,bottle,1,5,0.0015,1.5
135,bottle,bottle,1,5,0.0015,1.5
136,can,can,1,4,0.0015,1.5
137,mug,mug,1,5,0.0015,1.5
138,box,box,1,5,0.0015,1.5
139,can,can,1,2,0.0015,1.5
140,can,can,1,1,0.0015,1.5
141,box,box,1,3,0.0015,1.5
142,box,box,1,4,0.0015,1.5
143,can,can,1,3,0.0015,1.5
144,bowl,bowl,1,3,0.0015,1.5
145,mug,mug,1,4,0.0015,1.5
146,bottle,bottle,1,3,0.0015,1.5
147,box,box,1,3,0.0015,1.5
148,can,can,1,2,0.0015,1.5
149,can,can,1,3,0.0015,1.5
150,box,box,1,5,0.0015,1.5
151,box,box,1,2,0.0015,1.5
152,box,box,1,5,0.0015,1.5
153,can,can,1,1,0.0015,1.5
154,box,box,1,4,0.0015,1.5
155,can,can,1,5,0.0015,1.5
156,can,can,1,4,0.0015,1.5
157,can,can,1,1,0.0015,1.5
158,box,box,1,5,0.0015,1.5
159,bottle,bottle,1,5,0.0015,1.5
160,box,box,1,5,0.0015,1.5
161,can,can,1,2,0.0015,1.5
162,box,box,1,1,0.0015,1.5
163,mug,mug,1,3,0.0015,1.5
164,box,box,1,2,0.0015,1.5
165,can,can,1,5,0.0015,1.5
166,can,can,1,2,0.0015,1.5
167,can,can,1,3,0.0015,1.5
168,bottle,bottle,1,4,0.0015,1.5
169,bottle,bottle,1,1,0.0015,1.5
170,bottle,bottle,1,4,0.0015,1.5
171,box,box,1,4,0.0015,1.5
172,can,can,1,2,0.0015,1.5
173,can,can,1,2,0.0015,1.5
174,box,box,1,1,0.0015,1.5
175,can,can,1,4,0.0015,1.5
176,can,can,1,3,0.0015,1.5
177,box,box,1,4,0.0015,1.5
178,can,can,1,4,0.0015,1.5
179,box,box,1,4,0.0015,1.5
180,box,box,1,1,0.0015,1.5
181,box,box,1,3,0.0015,1.5
182,can,can,1,4,0.0015,1.5
183,bottle,bottle,1,1,0.0015,1.5
184,box,box,1,5,0.0015,1.5
185,box,box,1,5,0.0015,1.5
186,box,box,1,4,0.0015,1.5
187,can,can,1,1,0.0015,1.5
188,can,can,1,2,0.0015,1.5
189,box,box,1,5,0.0015,1.5
190,box,box,1,5,0.0015,1.5
191,mug,mug,1,3,0.0015,1.5
192,can,can,1,3,0.0015,1.5
193,mug,mug,1,5,0.0015,1.5
194,box,box,1,1,0.0015,1.5
195,can,can,1,4,0.0015,1.5
196,box,box,1,3,0.0015,1.5
197,box,box,1,3,0.0015,1.5
198,can,can,1,2,0.0015,1.5
199,can,can,1,3,0.0015,1.5
200,can,can,1,2,0.0015,1.5
201,box,box,1,5,0.0015,1.5
202,box,box,1,1,0.0015,1.5
203,box,box,1,3,0.0015,1.5
204,box,box,1,2,0.0015,1.5
205,box,box,1,3,0.0015,1.5
206,box,box,1,3,0.0015,1.5
207,can,can,1,1,0.0015,1.5
208,box,box,1,3,0.0015,1.5
209,can,can,1,1,0.0015,1.5
210,box,box,1,3,0.0015,1.5
211,can,can,1,2,0.0015,1.5
212,box,box,1,5,0.0015,1.5
213,bottle,bottle,1,2,0.0015,1.5
214,bottle,bottle,1,3,0.0015,1.5
215,can,can,1,4,0.0015,1.5
216,box,box,1,1,0.0015,1.5
217,box,box,1,4,0.0015,1.5
218,can,can,1,5,0.0015,1.5
219,mug,mug,1,5,0.0015,1.5
220,box,box,1,1,0.0015,1.5
221,bottle,can,0,4,0.0015,1.5
222,bowl,bowl,1,2,0.0015,1.5
223,mug,mug,1,4,0.0015,1.5
224,box,box,1,4,0.0015,1.5
225,box,box,1,4,0.0015,1.5
226,bottle,bottle,1,2,0.0015,1.5
227,mug,mug,1,1,0.0015,1.5
228,box,box,1,5,0.0015,1.5
229,can,can,1,2,0.0015,1.5
230,box,box,1,2,0.0015,1.5
231,box,box,1,2,0.0015,1.5
232,can,can,1,3,0.0015,1.5
233,box,box,1,1,0.0015,1.5
234,box,box,1,4,0.0015,1.5
235,bottle,bottle,1,2,0.0015,1.5
236,bowl,bowl,1,1,0.0015,1.5
237,mug,mug,1,4,0.0015,1.5
238,can,can,1,1,0.0015,1.5
239,can,can,1,2,0.0015,1.5
240,box,box,1,3,0.0015,1.5
241,mug,mug,1,5,0.0015,1.5
242,box,box,1,5,0.0015,1.5
243,can,can,1,2,0.0015,1.5
244,box,box,1,1,0.0015,1.5
245,bottle,bottle,1,4,0.0015,1.5
246,mug,mug,1,4,0.0015,1.5
247,box,box,1,1,0.0015,1.5
248,box,box,1,1,0.0015,1.5
249,bottle,bottle,1,2,0.0015,1.5
250,can,can,1,2,0.0015,1.5
251,can,can,1,4,0.0015,1.5
252,can,can,1,1,0.0015,1.5
253,bottle,bottle,1,4,0.0015,1.5
254,bottle,bottle,1,3,0.0015,1.5
255,box,box,1,2,0.0015,1.5
256,can,can,1,4,0.0015,1.5
257,bottle,bottle,1,1,0.0015,1.5
258,mug,mug,1,4,0.0015,1.5
259,can,can,1,4,0.0015,1.5
260,box,box,1,1,0.0015,1.5
261,can,can,1,4,0.0015,1.5
262,box,box,1,1,0.0015,1.5
263,box,box,1,1,0.0015,1.5
264,can,can,1,4,0.0015,1.5
265,box,box,1,5,0.0015,1.5
266,box,box,1,2,0.0015,1.5
267,box,box,1,3,0.0015,1.5
268,box,box,1,5,0.0015,1.5
269,box,box,1,2,0.0015,1.5
270,box,box,1,1,0.0015,1.5
271,box,box,1,3,0.0015,1.5
272,bowl,box,0,2,0.0015,1.5
273,mug,bowl,0,5,0.0015,1.5
274,can,can,1,5,0.0015,1.5
275,box,box,1,5,0.0015,1.5
276,box,box,1,3,0.0015,1.5
277,can,can,1,5,0.0015,1.5
278,box,box,1,2,0.0015,1.5
279,box,box,1,4,0.0015,1.5
280,bottle,box,0,4,0.0015,1.5
281,bowl,bowl,1,2,0.0015,1.5
282,mug,mug,1,3,0.0015,1.5
283,box,box,1,3,0.0015,1.5
284,can,can,1,5,0.0015,1.5
285,box,box,1,4,0.0015,1.5
286,can,can,1,3,0.0015,1.5
287,bottle,bottle,1,5,0.0015,1.5
288,bottle,bottle,1,5,0.0015,1.5
289,bowl,bowl,1,2,0.0015,1.5
290,mug,mug,1,4,0.0015,1.5
291,can,can,1,2,0.0015,1.5
292,box,box,1,5,0.0015,1.5
293,bottle,bottle,1,3,0.0015,1.5
294,bottle,bottle,1,4,0.0015,1.5
295,box,box,1,1,0.0015,1.5
296,bottle,box,0,3,0.0015,1.5
297,mug,mug,1,4,0.0015,1.5
298,box,box,1,2,0.0015,1.5
299,box,box,1,1,0.0015,1.5
300,can,can,1,5,0.0015,1.5
301,box,box,1,1,0.0015,1.5
302,bottle,bottle,1,3,0.0015,1.5
303,mug,mug,1,1,0.0015,1.5
304,bottle,bottle,1,3,0.0015,1.5
305,bowl,bowl,1,3,0.0015,1.5
306,mug,mug,1,2,0.0015,1.5
307,box,box,1,5,0.0015,1.5
308,box,box,1,4,0.0015,1.5
309,can,can,1,4,0.0015,1.5
310,bottle,bottle,1,4,0.0015,1.5
311,bottle,bottle,1,1,0.0015,1.5
312,bowl,bowl,1,1,0.0015,1.5
313,mug,mug,1,3,0.0015,1.5
314,can,can,1,2,0.0015,1.5
315,mug,mug,1,2,0.0015,1.5
316,box,box,1,1,0.0015,1.5
317,box,box,1,5,0.0015,1.5
318,can,can,1,3,0.0015,1.5
319,bottle,bottle,1,1,0.0015,1.5
320,can,can,1,1,0.0015,1.5
321,bottle,bottle,1,2,0.0015,1.5
322,box,box,1,1,0.0015,1.5
323,box,box,1,2,0.0015,1.5
324,can,can,1,1,0.0015,1.5
325,box,box,1,5,0.0015,1.5
326,box,box,1,4,0.0015,1.5
327,bottle,bottle,1,2,0.0015,1.5
328,bottle,bottle,1,1,0.0015,1.5
329,can,can,1,1,0.0015,1.5
330,box,box,1,1,0.0015,1.5
331,box,box,1,2,0.0015,1.5
332,can,can,1,3,0.0015,1.5
333,box,box,1,5,0.0015,1.5
334,can,can,1,4,0.0015,1.5
335,box,box,1,1,0.0015,1.5
336,box,box,1,1,0.0015,1.5
337,box,box,1,5,0.0015,1.5
338,can,can,1,4,0.0015,1.5
339,box,box,1,2,0.0015,1.5
340,box,box,1,5,0.0015,1.5
341,can,can,1,2,0.0015,1.5
342,box,box,1,5,0.0015,1.5
343,can,can,1,2,0.0015,1.5
344,box,box,1,2,0.0015,1.5
345,bottle,bottle,1,1,0.0015,1.5
346,can,can,1,2,0.0015,1.5
347,can,can,1,3,0.0015,1.5
348,box,box,1,2,0.0015,1.5
349,can,can,1,5,0.0015,1.5
350,box,box,1,2,0.0015,1.5
351,can,can,1,1,0.0015,1.5
352,box,box,1,3,0.0015,1.5
353,can,can,1,3,0.0015,1.5
354,box,box,1,3,0.0015,1.5
355,box,box,1,4,0.0015,1.5
356,can,can,1,2,0.0015,1.5
357,box,box,1,4,0.0015,1.5
358,box,box,1,2,0.0015,1.5
359,bottle,bottle,1,1,0.0015,1.5
360,can,can,1,1,0.0015,1.5
361,box,box,1,5,0.0015,1.5
362,can,can,1,1,0.0015,1.5
363,box,box,1,3,0.0015,1.5
364,bottle,bottle,1,4,0.0015,1.5
365,box,box,1,5,0.0015,1.5
366,can,can,1,2,0.0015,1.5
367,can,can,1,1,0.0015,1.5
368,box,box,1,2,0.0015,1.5
369,bottle,bottle,1,3,0.0015,1.5
370,bowl,bowl,1,2,0.0015,1.5
371,box,box,1,5,0.0015,1.5
372,can,can,1,5,0.0015,1.5
373,bottle,bottle,1,2,0.0015,1.5
374,can,can,1,2,0.0015,1.5
375,box,box,1,1,0.0015,1.5
376,box,box,1,4,0.0015,1.5
377,can,can,1,4,0.0015,1.5
378,box,box,1,2,0.0015,1.5
379,box,box,1,4,0.0015,1.5
380,can,can,1,1,0.0015,1.5
381,mug,mug,1,2,0.0015,1.5
382,can,can,1,4,0.0015,1.5
383,can,can,1,3,0.0015,1.5
384,can,can,1,5,0.0015,1.5
385,bottle,bottle,1,5,0.0015,1.5
386,can,can,1,2,0.0015,1.5
387,mug,mug,1,5,0.0015,1.5
388,box,box,1,4,0.0015,1.5
389,box,box,1,3,0.0015,1.5
390,can,can,1,2,0.0015,1.5
391,mug,mug,1,5,0.0015,1.5
392,can,can,1,4,0.0015,1.5
393,mug,box,0,2,0.0015,1.5
394,box,box,1,2,0.0015,1.5
395,can,can,1,5,0.0015,1.5
396,can,can,1,1,0.0015,1.5
397,can,can,1,5,0.0015,1.5
398,box,box,1,4,0.0015,1.5
399,box,box,1,2,0.0015,1.5
400,box,box,1,4,0.0015,1.5
401,can,can,1,5,0.0015,1.5
402,can,can,1,3,0.0015,1.5
403,bottle,bottle,1,5,0.0015,1.5
404,can,can,1,5,0.0015,1.5
405,mug,mug,1,1,0.0015,1.5
406,can,can,1,2,0.0015,1.5
407,box,box,1,2,0.0015,1.5
408,box,box,1,3,0.0015,1.5
409,can,can,1,3,0.0015,1.5
410,box,box,1,4,0.0015,1.5
411,can,can,1,5,0.0015,1.5
412,box,box,1,1,0.0015,1.5
413,can,can,1,1,0.0015,1.5
414,box,box,1,3,0.0015,1.5
415,box,box,1,2,0.0015,1.5
416,bottle,bottle,1,2,0.0015,1.5
417,bowl,bowl,1,5,0.0015,1.5
418,mug,mug,1,3,0.0015,1.5
419,box,box,1,3,0.0015,1.5
420,can,can,1,1,0.0015,1.5
421,box,box,1,3,0.0015,1.5
422,box,box,1,1,0.0015,1.5
423,can,can,1,5,0.0015,1.5
424,box,box,1,3,0.0015,1.5
425,can,can,1,1,0.0015,1.5
426,box,box,1,5,0.0015,1.5
427,box,box,1,3,0.0015,1.5
428,can,can,1,1,0.0015,1.5
429,bottle,bottle,1,2,0.0015,1.5
430,bottle,bottle,1,2,0.0015,1.5
431,box,box,1,2,0.0015,1.5
432,mug,mug,1,2,0.0015,1.5
433,box,box,1,3,0.0015,1.5
434,can,can,1,4,0.0015,1.5
435,box,box,1,3,0.0015,1.5
436,box,box,1,3,0.0015,1.5
437,box,box,1,4,0.0015,1.5
438,mug,mug,1,3,0.0015,1.5
439,can,can,1,3,0.0015,1.5
440,box,box,1,5,0.0015,1.5
441,box,box,1,3,0.0015,1.5
442,box,box,1,3,0.0015,1.5
443,can,can,1,5,0.0015,1.5
444,can,can,1,5,0.0015,1.5
445,can,can,1,1,0.0015,1.5
446,box,box,1,4,0.0015,1.5
447,mug,mug,1,2,0.0015,1.5
448,box,box,1,5,0.0015,1.5
449,can,can,1,3,0.0015,1.5
450,box,box,1,1,0.0015,1.5
451,can,can,1,2,0.0015,1.5
452,bottle,bottle,1,3,0.0015,1.5
453,bottle,bottle,1,5,0.0015,1.5
454,can,can,1,5,0.0015,1.5
455,can,can,1,4,0.0015,1.5
456,can,can,1,5,0.0015,1.5
457,can,can,1,4,0.0015,1.5
458,bottle,bottle,1,3,0.0015,1.5
459,can,can,1,1,0.0015,1.5
460,box,box,1,3,0.0015,1.5
461,box,box,1,2,0.0015,1.5
462,can,can,1,4,0.0015,1.5
463,bottle,bottle,1,5,0.0015,1.5
464,can,can,1,1,0.0015,1.5
465,box,box,1,4,0.0015,1.5
466,can,can,1,4,0.0015,1.5
467,bottle,bottle,1,5,0.0015,1.5
468,mug,mug,1,4,0.0015,1.5
469,box,box,1,4,0.0015,1.5
470,can,can,1,3,0.0015,1.5
471,box,box,1,5,0.0015,1.5
472,bottle,bottle,1,3,0.0015,1.5
473,mug,mug,1,3,0.0015,1.5
474,can,can,1,3,0.0015,1.5
475,box,box,1,3,0.0015,1.5
476,can,can,1,1,0.0015,1.5
477,bottle,bottle,1,4,0.0015,1.5
478,bottle,can,0,4,0.0015,1.5
479,box,box,1,1,0.0015,1.5
480,can,can,1,1,0.0015,1.5
481,box,box,1,2,0.0015,1.5
482,box,box,1,4,0.0015,1.5
483,box,box,1,5,0.0015,1.5
484,can,can,1,5,0.0015,1.5
485,box,box,1,1,0.0015,1.5
486,box,box,1,4,0.0015,1.5
487,can,can,1,5,0.0015,1.5
488,bowl,bowl,1,2,0.0015,1.5
489,mug,mug,1,2,0.0015,1.5
490,box,box,1,4,0.0015,1.5
491,box,box,1,2,0.0015,1.5
492,can,can,1,1,0.0015,1.5
493,box,box,1,2,0.0015,1.5
494,can,can,1,5,0.0015,1.5
495,bottle,bottle,1,1,0.0015,1.5
496,bottle,bottle,1,2,0.0015,1.5
497,bottle,bottle,1,2,0.0015,1.5
498,bowl,bowl,1,3,0.0015,1.5
499,mug,mug,1,4,0.0015,1.5
500,can,can,1,5,0.0015,1.5
501,mug,mug,1,4,0.0015,1.5
502,can,can,1,2,0.0015,1.5
503,box,box,1,2,0.0015,1.5
504,can,can,1,2,0.0015,1.5
505,box,box,1,2,0.0015,1.5
506,box,box,1,1,0.0015,1.5
507,box,box,1,5,0.0015,1.5
508,can,can,1,3,0.0015,1.5
509,box,box,1,2,0.0015,1.5
510,can,can,1,5,0.0015,1.5
511,box,box,1,1,0.0015,1.5
512,box,box,1,1,0.0015,1.5
513,box,box,1,4,0.0015,1.5
514,can,can,1,5,0.0015,1.5
515,can,can,1,5,0.0015,1.5
516,can,can,1,5,0.0015,1.5
517,box,box,1,2,0.0015,1.5
518,box,box,1,5,0.0015,1.5
519,can,can,1,5,0.0015,1.5
520,box,box,1,3,0.0015,1.5
521,can,can,1,3,0.0015,1.5
522,can,can,1,2,0.0015,1.5
523,bottle,bottle,1,2,0.0015,1.5
524,bottle,bottle,1,4,0.0015,1.5
525,bowl,bowl,1,3,0.0015,1.5
526,mug,mug,1,4,0.0015,1.5
527,can,can,1,2,0.0015,1.5
528,box,box,1,3,0.0015,1.5
529,bottle,bottle,1,5,0.0015,1.5
530,mug,mug,1,5,0.0015,1.5
531,can,can,1,5,0.0015,1.5
532,can,can,1,3,0.0015,1.5
533,box,box,1,5,0.0015,1.5
534,box,box,1,3,0.0015,1.5
535,box,box,1,3,0.0015,1.5
536,box,box,1,3,0.0015,1.5
537,box,box,1,1,0.0015,1.5
538,can,can,1,1,0.0015,1.5
539,can,can,1,3,0.0015,1.5
540,bottle,bottle,1,4,0.0015,1.5
541,bottle,bottle,1,3,0.0015,1.5
542,mug,mug,1,3,0.0015,1.5
543,can,can,1,2,0.0015,1.5
544,box,box,1,2,0.0015,1.5
545,box,box,1,2,0.0015,1.5
546,box,box,1,3,0.0015,1.5
547,can,can,1,2,0.0015,1.5
548,box,box,1,2,0.0015,1.5
549,can,can,1,2,0.0015,1.5
550,bottle,bottle,1,1,0.0015,1.5
551,mug,mug,1,4,0.0015,1.5
552,can,can,1,1,0.0015,1.5
553,can,can,1,3,0.0015,1.5
554,bottle,bottle,1,3,0.0015,1.5
555,can,can,1,5,0.0015,1.5
556,bottle,bottle,1,5,0.0015,1.5
557,box,box,1,1,0.0015,1.5
558,bottle,bottle,1,1,0.0015,1.5
559,bowl,bowl,1,4,0.0015,1.5
560,mug,mug,1,1,0.0015,1.5
561,box,box,1,1,0.0015,1.5
562,box,box,1,5,0.0015,1.5
563,box,box,1,1,0.0015,1.5
564,can,can,1,2,0.0015,1.5
565,can,can,1,1,0.0015,1.5
566,bottle,bottle,1,4,0.0015,1.5
567,box,box,1,3,0.0015,1.5
568,can,can,1,3,0.0015,1.5
569,box,box,1,2,0.0015,1.5
570,box,box,1,4,0.0015,1.5
571,can,can,1,1,0.0015,1.5
572,can,can,1,5,0.0015,1.5
573,box,box,1,2,0.0015,1.5
574,box,box,1,2,0.0015,1.5
575,bottle,bottle,1,1,0.0015,1.5
576,bowl,bowl,1,1,0.0015,1.5
577,mug,mug,1,2,0.0015,1.5
578,can,can,1,4,0.0015,1.5
579,box,box,1,3,0.0015,1.5
580,box,box,1,4,0.0015,1.5
581,bottle,bottle,1,2,0.0015,1.5
582,mug,mug,1,2,0.0015,1.5
583,bottle,bottle,1,1,0.0015,1.5
584,can,can,1,3,0.0015,1.5
585,box,box,1,4,0.0015,1.5
586,box,box,1,4,0.0015,1.5
587,box,box,1,2,0.0015,1.5
588,can,can,1,3,0.0015,1.5
589,box,box,1,5,0.0015,1.5
590,can,can,1,2,0.0015,1.5
591,box,box,1,1,0.0015,1.5
592,box,box,1,1,0.0015,1.5
593,bottle,bottle,1,2,0.0015,1.5
594,mug,mug,1,5,0.0015,1.5
595,can,can,1,5,0.0015,1.5
596,bottle,bottle,1,2,0.0015,1.5
597,can,can,1,3,0.0015,1.5
598,box,box,1,1,0.0015,1.5
599,box,box,1,2,0.0015,1.5
600,box,box,1,2,0.0015,1.5
601,box,box,1,2,0.0015,1.5
602,bottle,bottle,1,3,0.0015,1.5
603,can,can,1,5,0.0015,1.5
604,can,can,1,2,0.0015,1.5
605,box,box,1,3,0.0015,1.5
606,box,box,1,3,0.0015,1.5
607,can,can,1,4,0.0015,1.5
608,bottle,bottle,1,4,0.0015,1.5
609,box,box,1,4,0.0015,1.5
610,can,can,1,3,0.0015,1.5
611,bottle,bottle,1,3,0.0015,1.5
612,bowl,bowl,1,3,0.0015,1.5
613,mug,mug,1,1,0.0015,1.5
614,mug,mug,1,3,0.0015,1.5
615,box,box,1,4,0.0015,1.5
616,can,can,1,2,0.0015,1.5
617,box,box,1,4,0.0015,1.5
618,bottle,bottle,1,1,0.0015,1.5
619,can,can,1,3,0.0015,1.5
620,can,can,1,4,0.0015,1.5
621,bottle,bottle,1,2,0.0015,1.5
622,bottle,bottle,1,1,0.0015,1.5
623,bowl,bowl,1,3,0.0015,1.5
624,mug,mug,1,5,0.0015,1.5
625,bottle,bottle,1,1,0.0015,1.5
626,mug,mug,1,1,0.0015,1.5
627,box,box,1,4,0.0015,1.5
628,can,can,1,3,0.0015,1.5
629,box,box,1,4,0.0015,1.5
630,can,can,1,1,0.0015,1.5
631,bottle,bottle,1,1,0.0015,1.5
632,bottle,box,0,1,0.0015,1.5
633,can,can,1,5,0.0015,1.5
634,bottle,bottle,1,4,0.0015,1.5
635,box,box,1,5,0.0015,1.5
636,can,can,1,2,0.0015,1.5
637,can,can,1,1,0.0015,1.5
638,box,box,1,2,0.0015,1.5
639,box,box,1,4,0.0015,1.5
640,box,box,1,3,0.0015,1.5
641,box,box,1,5,0.0015,1.5
642,box,box,1,3,0.0015,1.5
643,can,can,1,1,0.0015,1.5
644,box,box,1,2,0.0015,1.5
645,box,box,1,5,0.0015,1.5
646,can,can,1,4,0.0015,1.5
647,can,can,1,2,0.0015,1.5
648,can,can,1,5,0.0015,1.5
649,can,can,1,4,0.0015,1.5
650,box,box,1,3,0.0015,1.5
651,can,can,1,2,0.0015,1.5
652,bottle,bottle,1,2,0.0015,1.5
653,box,box,1,5,0.0015,1.5
654,can,can,1,2,0.0015,1.5
655,can,can,1,3,0.0015,1.5
656,can,can,1,3,0.0015,1.5
657,box,box,1,5,0.0015,1.5
658,box,box,1,5,0.0015,1.5
659,box,box,1,4,0.0015,1.5
660,box,box,1,4,0.0015,1.5
661,box,box,1,4,0.0015,1.5
662,box,box,1,4,0.0015,1.5
663,bottle,box,0,4,0.0015,1.5
664,bowl,bowl,1,4,0.0015,1.5
665,can,can,1,1,0.0015,1.5
666,box,box,1,2,0.0015,1.5
667,box,box,1,2,0.0015,1.5
668,box,box,1,4,0.0015,1.5
669,box,box,1,4,0.0015,1.5
670,box,box,1,4,0.0015,1.5
671,box,box,1,5,0.0015,1.5
672,can,can,1,1,0.0015,1.5
673,box,box,1,4,0.0015,1.5
674,can,can,1,3,0.0015,1.5
675,can,can,1,4,0.0015,1.5
676,box,box,1,3,0.0015,1.5
677,box,box,1,4,0.0015,1.5
678,box,box,1,2,0.0015,1.5
679,can,can,1,1,0.0015,1.5
680,mug,box,0,2,0.0015,1.5
681,box,box,1,2,0.0015,1.5
682,can,can,1,5,0.0015,1.5
683,box,box,1,3,0.0015,1.5
684,can,can,1,2,0.0015,1.5
685,box,box,1,3,0.0015,1.5
686,box,box,1,3,0.0015,1.5
687,bowl,bowl,1,5,0.0015,1.5
688,mug,mug,1,4,0.0015,1.5
689,box,box,1,2,0.0015,1.5
690,can,can,1,3,0.0015,1.5
691,box,box,1,2,0.0015,1.5
692,box,box,1,4,0.0015,1.5
693,can,can,1,5,0.0015,1.5
694,box,can,0,3,0.0015,1.5
695,box,box,1,5,0.0015,1.5
696,can,can,1,2,0.0015,1.5
697,box,box,1,4,0.0015,1.5
698,bottle,bottle,1,4,0.0015,1.5
699,bottle,bottle,1,1,0.0015,1.5
700,can,can,1,3,0.0015,1.5
701,bowl,bowl,1,2,0.0015,1.5
702,mug,mug,1,5,0.0015,1.5
703,can,can,1,1,0.0015,1.5
704,box,box,1,2,0.0015,1.5
705,can,can,1,4,0.0015,1.5
706,box,box,1,4,0.0015,1.5
707,can,can,1,3,0.0015,1.5
708,can,can,1,5,0.0015,1.5
709,box,box,1,5,0.0015,1.5
710,box,box,1,2,0.0015,1.5
711,can,can,1,2,0.0015,1.5
712,box,box,1,4,0.0015,1.5
713,box,box,1,4,0.0015,1.5
714,box,box,1,2,0.0015,1.5
715,bowl,can,0,1,0.0015,1.5
716,mug,mug,1,3,0.0015,1.5
717,box,box,1,4,0.0015,1.5
718,bottle,bottle,1,3,0.0015,1.5
719,mug,mug,1,1,0.0015,1.5
720,can,can,1,1,0.0015,1.5
721,box,box,1,1,0.0015,1.5
722,box,box,1,5,0.0015,1.5
723,bottle,bottle,1,5,0.0015,1.5
724,box,box,1,1,0.0015,1.5
725,can,can,1,4,0.0015,1.5
726,box,box,1,3,0.0015,1.5
727,bottle,bottle,1,3,0.0015,1.5
728,bowl,bowl,1,4,0.0015,1.5
729,mug,mug,1,5,0.0015,1.5
730,can,can,1,3,0.0015,1.5
731,can,can,1,5,0.0015,1.5
732,bottle,bottle,1,1,0.0015,1.5
733,can,can,1,4,0.0015,1.5
734,box,box,1,1,0.0015,1.5
735,box,box,1,3,0.0015,1.5
736,box,box,1,2,0.0015,1.5
737,box,box,1,2,0.0015,1.5
738,box,box,1,1,0.0015,1.5
739,box,box,1,1,0.0015,1.5
740,can,can,1,4,0.0015,1.5
741,box,box,1,1,0.0015,1.5
742,box,box,1,2,0.0015,1.5
743,can,can,1,5,0.0015,1.5
744,bowl,box,0,1,0.0015,1.5
745,mug,mug,1,5,0.0015,1.5
746,box,box,1,2,0.0015,1.5
747,box,box,1,5,0.0015,1.5
748,can,can,1,5,0.0015,1.5
749,bottle,bottle,1,5,0.0015,1.5
750,bottle,bottle,1,1,0.0015,1.5
751,can,can,1,2,0.0015,1.5
752,bottle,bottle,1,5,0.0015,1.5
753,box,box,1,4,0.0015,1.5
754,can,can,1,2,0.0015,1.5
755,box,box,1,3,0.0015,1.5
756,box,bottle,0,2,0.0015,1.5
757,can,can,1,4,0.0015,1.5
758,box,box,1,1,0.0015,1.5
759,box,box,1,3,0.0015,1.5
760,can,can,1,2,0.0015,1.5
761,box,box,1,4,0.0015,1.5
762,can,can,1,3,0.0015,1.5
763,box,box,1,4,0.0015,1.5
764,can,can,1,3,0.0015,1.5
765,bowl,bowl,1,4,0.0015,1.5
766,mug,mug,1,4,0.0015,1.5
767,box,box,1,2,0.0015,1.5
768,can,can,1,1,0.0015,1.5
769,can,bottle,0,3,0.0015,1.5
770,bottle,bottle,1,5,0.0015,1.5
771,can,can,1,2,0.0015,1.5
772,box,box,1,1,0.0015,1.5
773,box,box,1,4,0.0015,1.5
774,can,can,1,5,0.0015,1.5
775,box,box,1,3,0.0015,1.5
776,box,box,1,3,0.0015,1.5
777,box,box,1,3,0.0015,1.5
778,box,box,1,5,0.0015,1.5
779,can,can,1,1,0.0015,1.5
780,box,box,1,1,0.0015,1.5
781,box,box,1,3,0.0015,1.5
782,box,box,1,5,0.0015,1.5
783,box,box,1,2,0.0015,1.5
784,can,can,1,4,0.0015,1.5
785,box,box,1,3,0.0015,1.5
786,box,box,1,5,0.0015,1.5
787,box,box,1,3,0.0015,1.5
788,bottle,bottle,1,5,0.0015,1.5
789,mug,mug,1,5,0.0015,1.5
790,can,can,1,4,0.0015,1.5
791,can,can,1,1,0.0015,1.5
792,bottle,bottle,1,3,0.0015,1.5
793,box,box,1,2,0.0015,1.5
794,box,bottle,0,2,0.0015,1.5
795,can,can,1,1,0.0015,1.5
796,box,box,1,4,0.0015,1.5
797,can,can,1,5,0.0015,1.5
798,box,box,1,3,0.0015,1.5
799,box,box,1,1,0.0015,1.5
800,can,can,1,5,0.0015,1.5
801,bottle,bottle,1,2,0.0015,1.5
802,can,can,1,3,0.0015,1.5
803,can,can,1,1,0.0015,1.5
804,mug,mug,1,3,0.0015,1.5
805,box,box,1,1,0.0015,1.5
806,box,box,1,1,0.0015,1.5
807,can,can,1,5,0.0015,1.5
808,box,box,1,3,0.0015,1.5
809,box,box,1,4,0.0015,1.5
810,can,can,1,3,0.0015,1.5
811,can,can,1,2,0.0015,1.5
812,box,box,1,3,0.0015,1.5
813,box,box,1,5,0.0015,1.5
814,box,box,1,1,0.0015,1.5
815,can,can,1,4,0.0015,1.5
816,box,box,1,5,0.0015,1.5
817,bottle,can,0,4,0.0015,1.5
818,mug,mug,1,2,0.0015,1.5
819,box,box,1,3,0.0015,1.5
820,can,can,1,5,0.0015,1.5
821,box,box,1,3,0.0015,1.5
822,box,box,1,4,0.0015,1.5
823,can,can,1,5,0.0015,1.5
824,box,box,1,2,0.0015,1.5
825,can,can,1,1,0.0015,1.5
826,box,box,1,5,0.0015,1.5
827,box,box,1,2,0.0015,1.5
828,bowl,bowl,1,1,0.0015,1.5
829,mug,mug,1,2,0.0015,1.5
830,bottle,bottle,1,1,0.0015,1.5
831,bottle,bottle,1,5,0.0015,1.5
832,box,box,1,1,0.0015,1.5
833,can,can,1,3,0.0015,1.5
834,can,can,1,4,0.0015,1.5
835,bottle,bottle,1,2,0.0015,1.5
836,box,box,1,2,0.0015,1.5
837,bottle,bowl,0,5,0.0015,1.5
838,bowl,can,0,2,0.0015,1.5
839,mug,mug,1,2,0.0015,1.5
840,box,box,1,2,0.0015,1.5
841,bowl,bowl,1,1,0.0015,1.5
842,can,can,1,2,0.0015,1.5
843,box,box,1,5,0.0015,1.5
844,box,box,1,1,0.0015,1.5
845,can,can,1,1,0.0015,1.5
846,can,can,1,4,0.0015,1.5
847,bottle,bottle,1,3,0.0015,1.5
848,can,can,1,5,0.0015,1.5
849,bottle,bottle,1,5,0.0015,1.5
850,bowl,bowl,1,3,0.0015,1.5
851,mug,mug,1,5,0.0015,1.5
852,box,box,1,4,0.0015,1.5
853,can,can,1,1,0.0015,1.5
854,box,box,1,5,0.0015,1.5
855,box,box,1,1,0.0015,1.5
856,box,box,1,4,0.0015,1.5
857,box,box,1,1,0.0015,1.5
858,can,can,1,3,0.0015,1.5
859,bottle,bottle,1,2,0.0015,1.5
860,can,can,1,5,0.0015,1.5
861,bottle,bottle,1,3,0.0015,1.5
862,bottle,bottle,1,4,0.0015,1.5
863,box,box,1,2,0.0015,1.5
864,can,can,1,1,0.0015,1.5
865,box,box,1,1,0.0015,1.5
866,box,box,1,5,0.0015,1.5
867,can,can,1,4,0.0015,1.5
868,box,box,1,5,0.0015,1.5
869,can,can,1,3,0.0015,1.5
870,box,box,1,3,0.0015,1.5
871,box,box,1,3,0.0015,1.5
872,can,can,1,3,0.0015,1.5
873,bottle,bottle,1,4,0.0015,1.5
874,can,box,0,5,0.0015,1.5
875,bottle,bottle,1,2,0.0015,1.5
876,box,box,1,5,0.0015,1.5
877,can,can,1,5,0.0015,1.5
878,bottle,bottle,1,4,0.0015,1.5
879,bowl,bowl,1,1,0.0015,1.5
880,mug,mug,1,2,0.0015,1.5
881,can,can,1,1,0.0015,1.5
882,bottle,bottle,1,3,0.0015,1.5
883,bowl,bowl,1,5,0.0015,1.5
884,mug,mug,1,1,0.0015,1.5
885,can,can,1,2,0.0015,1.5
886,bottle,bottle,1,5,0.0015,1.5
887,bottle,bottle,1,2,0.0015,1.5
888,box,box,1,5,0.0015,1.5
889,bottle,bottle,1,5,0.0015,1.5
890,bowl,bowl,1,4,0.0015,1.5
891,mug,mug,1,1,0.0015,1.5
892,bowl,bowl,1,5,0.0015,1.5
893,mug,mug,1,1,0.0015,1.5
894,can,can,1,3,0.0015,1.5
895,can,can,1,4,0.0015,1.5
896,box,box,1,4,0.0015,1.5
897,can,can,1,3,0.0015,1.5
898,box,box,1,3,0.0015,1.5
899,box,box,1,3,0.0015,1.5
900,box,box,1,3,0.0015,1.5
901,box,box,1,4,0.0015,1.5
902,box,box,1,5,0.0015,1.5
903,box,box,1,3,0.0015,1.5
904,can,can,1,3,0.0015,1.5
905,box,box,1,5,0.0015,1.5
906,box,box,1,5,0.0015,1.5
907,can,can,1,4,0.0015,1.5
908,mug,mug,1,4,0.0015,1.5
909,box,box,1,4,0.0015,1.5
910,can,can,1,4,0.0015,1.5
911,can,can,1,4,0.0015,1.5
912,can,can,1,2,0.0015,1.5
913,box,box,1,4,0.0015,1.5
914,box,box,1,3,0.0015,1.5
915,box,box,1,3,0.0015,1.5
916,can,can,1,2,0.0015,1.5
917,box,box,1,2,0.0015,1.5
918,can,can,1,3,0.0015,1.5
919,can,can,1,2,0.0015,1.5
920,box,box,1,1,0.0015,1.5
921,box,box,1,3,0.0015,1.5
922,box,box,1,3,0.0015,1.5
923,box,box,1,4,0.0015,1.5
924,can,can,1,2,0.0015,1.5
925,bottle,bottle,1,1,0.0015,1.5
926,box,box,1,3,0.0015,1.5
927,bottle,bottle,1,3,0.0015,1.5
928,mug,mug,1,4,0.0015,1.5
929,box,box,1,2,0.0015,1.5
930,box,box,1,1,0.0015,1.5
931,bowl,bowl,1,5,0.0015,1.5
932,mug,mug,1,5,0.0015,1.5
933,box,box,1,5,0.0015,1.5
934,can,can,1,5,0.0015,1.5
935,can,can,1,2,0.0015,1.5
936,box,box,1,1,0.0015,1.5
937,can,can,1,4,0.0015,1.5
938,can,can,1,2,0.0015,1.5
939,box,box,1,5,0.0015,1.5
940,box,box,1,5,0.0015,1.5
941,can,can,1,4,0.0015,1.5
942,can,can,1,1,0.0015,1.5
943,can,can,1,4,0.0015,1.5
944,box,box,1,1,0.0015,1.5
945,bowl,bowl,1,5,0.0015,1.5
946,mug,mug,1,3,0.0015,1.5
947,bottle,bottle,1,1,0.0015,1.5
948,can,can,1,4,0.0015,1.5
949,bottle,bottle,1,2,0.0015,1.5
950,can,can,1,5,0.0015,1.5
951,box,box,1,1,0.0015,1.5
952,box,box,1,3,0.0015,1.5
953,can,can,1,2,0.0015,1.5
954,can,can,1,1,0.0015,1.5
955,box,box,1,1,0.0015,1.5
956,can,can,1,5,0.0015,1.5
957,box,box,1,3,0.0015,1.5
958,can,can,1,1,0.0015,1.5
959,can,can,1,1,0.0015,1.5
960,can,can,1,3,0.0015,1.5
961,can,can,1,1,0.0015,1.5
962,box,box,1,4,0.0015,1.5
963,box,box,1,1,0.0015,1.5
964,box,box,1,4,0.0015,1.5
965,can,bowl,0,4,0.0015,1.5
966,can,can,1,2,0.0015,1.5
967,bottle,bottle,1,3,0.0015,1.5
968,can,can,1,3,0.0015,1.5
969,box,box,1,5,0.0015,1.5
970,box,box,1,1,0.0015,1.5
971,box,box,1,4,0.0015,1.5
972,box,box,1,3,0.0015,1.5
973,box,box,1,3,0.0015,1.5
974,bottle,bottle,1,2,0.0015,1.5
975,bowl,bowl,1,4,0.0015,1.5
976,mug,mug,1,1,0.0015,1.5
977,box,box,1,1,0.0015,1.5
978,can,can,1,1,0.0015,1.5
979,can,can,1,3,0.0015,1.5
980,bottle,bottle,1,2,0.0015,1.5
981,can,can,1,3,0.0015,1.5
982,box,box,1,4,0.0015,1.5
983,can,can,1,3,0.0015,1.5
984,box,box,1,1,0.0015,1.5
985,box,box,1,5,0.0015,1.5
986,box,box,1,3,0.0015,1.5
987,can,can,1,3,0.0015,1.5
988,can,can,1,4,0.0015,1.5
989,can,can,1,4,0.0015,1.5
990,box,box,1,2,0.0015,1.5
991,can,can,1,4,0.0015,1.5
992,box,box,1,4,0.0015,1.5
993,bottle,bottle,1,4,0.0015,1.5
994,mug,mug,1,1,0.0015,1.5
995,box,box,1,5,0.0015,1.5
996,can,can,1,1,0.0015,1.5
997,can,can,1,1,0.0015,1.5
998,box,box,1,2,0.0015,1.5
999,box,box,1,4,0.0015,1.5
1000,box,box,1,5,0.0015,1.5
1001,box,box,1,4,0.0015,1.5
1002,can,can,1,5,0.0015,1.5
1003,box,box,1,3,0.0015,1.5
1004,box,box,1,1,0.0015,1.5
1005,bottle,bottle,1,1,0.0015,1.5
1006,can,can,1,4,0.0015,1.5
1007,box,box,1,4,0.0015,1.5
1008,can,can,1,2,0.0015,1.5
1009,box,box,1,1,0.0015,1.5
1010,box,box,1,2,0.0015,1.5
1011,box,box,1,2,0.0015,1.5
1012,box,box,1,5,0.0015,1.5
1013,box,box,1,2,0.0015,1.5
1014,can,can,1,3,0.0015,1.5
1015,box,box,1,2,0.0015,1.5
1016,box,box,1,1,0.0015,1.5
1017,bottle,bottle,1,5,0.0015,1.5
1018,can,can,1,5,0.0015,1.5
1019,box,box,1,1,0.0015,1.5
1020,can,can,1,4,0.0015,1.5
1021,box,box,1,4,0.0015,1.5
1022,box,box,1,3,0.0015,1.5
1023,can,can,1,3,0.0015,1.5
1024,bottle,bottle,1,1,0.0015,1.5
1025,bowl,bowl,1,3,0.0015,1.5
1026,mug,mug,1,3,0.0015,1.5
1027,box,box,1,3,0.0015,1.5
1028,can,can,1,5,0.0015,1.5
1029,can,can,1,5,0.0015,1.5
1030,box,box,1,1,0.0015,1.5
1031,bottle,bottle,1,3,0.0015,1.5
1032,box,box,1,4,0.0015,1.5
1033,box,box,1,2,0.0015,1.5
1034,can,can,1,5,0.0015,1.5
1035,box,box,1,3,0.0015,1.5
1036,box,box,1,5,0.0015,1.5
1037,bottle,box,0,1,0.0015,1.5
1038,bowl,bowl,1,5,0.0015,1.5
1039,mug,mug,1,5,0.0015,1.5
1040,bottle,bottle,1,5,0.0015,1.5
1041,mug,mug,1,2,0.0015,1.5
1042,box,box,1,3,0.0015,1.5
1043,can,can,1,4,0.0015,1.5
1044,box,box,1,5,0.0015,1.5
1045,box,box,1,4,0.0015,1.5
1046,can,can,1,1,0.0015,1.5
1047,can,can,1,4,0.0015,1.5
1048,bottle,bottle,1,4,0.0015,1.5
1049,bottle,bottle,1,1,0.0015,1.5
1050,can,can,1,1,0.0015,1.5
1051,mug,mug,1,1,0.0015,1.5
1052,can,can,1,4,0.0015,1.5
1053,bottle,bottle,1,1,0.0015,1.5
1054,can,can,1,4,0.0015,1.5
1055,box,box,1,5,0.0015,1.5
1056,can,can,1,5,0.0015,1.5
1057,box,box,1,4,0.0015,1.5
1058,box,box,1,3,0.0015,1.5
1059,box,box,1,4,0.0015,1.5
1060,can,can,1,2,0.0015,1.5
1061,box,box,1,2,0.0015,1.5
1062,can,can,1,1,0.0015,1.5
1063,box,box,1,2,0.0015,1.5
1064,can,can,1,5,0.0015,1.5
1065,box,box,1,2,0.0015,1.5
1066,box,box,1,4,0.0015,1.5
1067,bowl,bowl,1,4,0.0015,1.5
1068,mug,mug,1,1,0.0015,1.5
1069,box,box,1,2,0.0015,1.5
1070,box,box,1,4,0.0015,1.5
1071,box,box,1,1,0.0015,1.5
1072,can,can,1,4,0.0015,1.5
1073,box,box,1,5,0.0015,1.5
1074,can,can,1,3,0.0015,1.5
1075,box,box,1,4,0.0015,1.5
1076,mug,mug,1,3,0.0015,1.5
1077,box,box,1,3,0.0015,1.5
1078,can,can,1,4,0.0015,1.5
1079,box,box,1,2,0.0015,1.5
1080,can,can,1,2,0.0015,1.5
1081,mug,mug,1,1,0.0015,1.5
1082,can,can,1,1,0.0015,1.5
1083,bottle,bottle,1,2,0.0015,1.5
1084,can,can,1,1,0.0015,1.5
1085,box,box,1,5,0.0015,1.5
1086,mug,mug,1,2,0.0015,1.5
1087,can,can,1,4,0.0015,1.5
1088,box,box,1,1,0.0015,1.5
1089,bottle,bottle,1,5,0.0015,1.5
1090,mug,mug,1,1,0.0015,1.5
1091,box,box,1,2,0.0015,1.5
1092,box,box,1,1,0.0015,1.5
1093,can,can,1,5,0.0015,1.5
1094,bowl,bowl,1,4,0.0015,1.5
1095,mug,mug,1,5,0.0015,1.5
1096,bottle,bottle,1,3,0.0015,1.5
1097,bottle,bottle,1,4,0.0015,1.5
1098,box,box,1,2,0.0015,1.5
1099,box,box,1,3,0.0015,1.5
1100,box,box,1,4,0.0015,1.5
1101,box,box,1,5,0.0015,1.5
1102,bowl,bowl,1,4,0.0015,1.5
1103,mug,mug,1,1,0.0015,1.5
1104,bowl,bowl,1,2,0.0015,1.5
1105,mug,mug,1,3,0.0015,1.5
1106,box,box,1,2,0.0015,1.5
1107,bowl,bowl,1,5,0.0015,1.5
1108,mug,can,0,3,0.0015,1.5
0,box,box,1,4,0.002,2.0
1,box,box,1,5,0.002,2.0
2,box,box,1,1,0.002,2.0
3,box,box,1,1,0.002,2.0
4,can,can,1,3,0.002,2.0
5,box,box,1,4,0.002,2.0
6,can,can,1,5,0.002,2.0
7,box,box,1,1,0.002,2.0
8,box,box,1,1,0.002,2.0
9,box,box,1,5,0.002,2.0
10,can,can,1,3,0.002,2.0
11,box,box,1,2,0.002,2.0
12,bottle,bottle,1,1,0.002,2.0
13,mug,mug,1,3,0.002,2.0
14,can,can,1,4,0.002,2.0
15,box,box,1,1,0.002,2.0
16,can,mug,0,2,0.002,2.0
17,bottle,bottle,1,4,0.002,2.0
18,bottle,bottle,1,3,0.002,2.0
19,box,box,1,1,0.002,2.0
20,box,box,1,3,0.002,2.0
21,can,can,1,2,0.002,2.0
22,box,box,1,2,0.002,2.0
23,can,can,1,3,0.002,2.0
24,box,box,1,3,0.002,2.0
25,can,can,1,5,0.002,2.0
26,box,box,1,4,0.002,2.0
27,can,can,1,4,0.002,2.0
28,box,box,1,4,0.002,2.0
29,box,box,1,5,0.002,2.0
30,can,can,1,4,0.002,2.0
31,box,box,1,2,0.002,2.0
32,box,box,1,4,0.002,2.0
33,can,can,1,1,0.002,2.0
34,bottle,bottle,1,5,0.002,2.0
35,can,can,1,4,0.002,2.0
36,can,can,1,4,0.002,2.0
37,box,box,1,5,0.002,2.0
38,box,box,1,1,0.002,2.0
39,box,box,1,1,0.002,2.0
40,can,can,1,2,0.002,2.0
41,box,box,1,3,0.002,2.0
42,can,can,1,5,0.002,2.0
43,bottle,bottle,1,5,0.002,2.0
44,bottle,box,0,4,0.002,2.0
45,box,box,1,1,0.002,2.0
46,can,can,1,3,0.002,2.0
47,box,box,1,4,0.002,2.0
48,box,box,1,1,0.002,2.0
49,can,can,1,5,0.002,2.0
50,bottle,bottle,1,2,0.002,2.0
51,box,box,1,5,0.002,2.0
52,can,can,1,2,0.002,2.0
53,box,box,1,1,0.002,2.0
54,can,can,1,4,0.002,2.0
55,box,box,1,2,0.002,2.0
56,box,box,1,2,0.002,2.0
57,can,can,1,1,0.002,2.0
58,box,box,1,5,0.002,2.0
59,box,box,1,5,0.002,2.0
60,box,box,1,5,0.002,2.0
61,can,can,1,2,0.002,2.0
62,bottle,bottle,1,4,0.002,2.0
63,bottle,bottle,1,5,0.002,2.0
64,box,box,1,1,0.002,2.0
65,can,can,1,1,0.002,2.0
66,bottle,box,0,4,0.002,2.0
67,mug,mug,1,4,0.002,2.0
68,box,box,1,2,0.002,2.0
69,can,can,1,4,0.002,2.0
70,box,box,1,1,0.002,2.0
71,box,box,1,5,0.002,2.0
72,can,can,1,4,0.002,2.0
73,box,box,1,3,0.002,2.0
74,can,can,1,1,0.002,2.0
75,box,box,1,5,0.002,2.0
76,can,can,1,1,0.002,2.0
77,can,can,1,4,0.002,2.0
78,box,box,1,1,0.002,2.0
79,box,box,1,2,0.002,2.0
80,can,can,1,3,0.002,2.0
81,box,box,1,2,0.002,2.0
82,can,can,1,3,0.002,2.0
83,can,can,1,2,0.002,2.0
84,box,box,1,1,0.002,2.0
85,can,can,1,5,0.002,2.0
86,box,box,1,1,0.002,2.0
87,box,box,1,3,0.002,2.0
88,bottle,box,0,3,0.002,2.0
89,mug,can,0,4,0.002,2.0
90,box,box,1,5,0.002,2.0
91,can,can,1,5,0.002,2.0
92,box,box,1,4,0.002,2.0
93,can,can,1,3,0.002,2.0
94,box,box,1,5,0.002,2.0
95,can,can,1,5,0.002,2.0
96,box,box,1,4,0.002,2.0
97,bottle,bottle,1,5,0.002,2.0
98,bowl,bowl,1,1,0.002,2.0
99,mug,mug,1,2,0.002,2.0
100,box,box,1,1,0.002,2.0
101,can,can,1,2,0.002,2.0
102,box,box,1,1,0.002,2.0
103,can,can,1,1,0.002,2.0
104,box,box,1,5,0.002,2.0
105,can,can,1,3,0.002,2.0
106,can,can,1,2,0.002,2.0
107,can,can,1,1,0.002,2.0
108,box,box,1,5,0.002,2.0
109,can,can,1,5,0.002,2.0
110,box,box,1,5,0.002,2.0
111,box,box,1,1,0.002,2.0
112,can,can,1,1,0.002,2.0
113,box,box,1,2,0.002,2.0
114,box,box,1,5,0.002,2.0
115,box,box,1,3,0.002,2.0
116,box,box,1,4,0.002,2.0
117,can,can,1,3,0.002,2.0
118,box,box,1,5,0.002,2.0
119,bottle,bottle,1,2,0.002,2.0
120,can,can,1,4,0.002,2.0
121,bottle,bottle,1,3,0.002,2.0
122,mug,mug,1,2,0.002,2.0
123,box,box,1,1,0.002,2.0
124,can,can,1,2,0.002,2.0
125,box,box,1,5,0.002,2.0
126,box,box,1,2,0.002,2.0
127,bottle,bottle,1,3,0.002,2.0
128,box,box,1,2,0.002,2.0
129,can,can,1,3,0.002,2.0
130,bowl,bowl,1,3,0.002,2.0
131,mug,mug,1,3,0.002,2.0
132,can,can,1,3,0.002,2.0
133,can,can,1,1,0.002,2.0
134,bottle,bottle,1,5,0.002,2.0
135,bottle,bottle,1,5,0.002,2.0
136,can,can,1,4,0.002,2.0
137,mug,mug,1,5,0.002,2.0
138,box,box,1,5,0.002,2.0
139,can,can,1,2,0.002,2.0
140,can,can,1,1,0.002,2.0
141,box,box,1,3,0.002,2.0
142,box,box,1,4,0.002,2.0
143,can,can,1,3,0.002,2.0
144,bowl,bowl,1,3,0.002,2.0
145,mug,mug,1,4,0.002,2.0
146,bottle,bottle,1,3,0.002,2.0
147,box,box,1,3,0.002,2.0
148,can,can,1,2,0.002,2.0
149,can,can,1,3,0.002,2.0
150,box,box,1,5,0.002,2.0
151,box,box,1,2,0.002,2.0
152,box,box,1,5,0.002,2.0
153,can,can,1,1,0.002,2.0
154,box,box,1,4,0.002,2.0
155,can,can,1,5,0.002,2.0
156,can,can,1,4,0.002,2.0
157,can,can,1,1,0.002,2.0
158,box,box,1,5,0.002,2.0
159,bottle,bottle,1,5,0.002,2.0
160,box,box,1,5,0.002,2.0
161,can,can,1,2,0.002,2.0
162,box,box,1,1,0.002,2.0
163,mug,mug,1,3,0.002,2.0
164,box,box,1,2,0.002,2.0
165,can,can,1,5,0.002,2.0
166,can,can,1,2,0.002,2.0
167,can,can,1,3,0.002,2.0
168,bottle,bottle,1,4,0.002,2.0
169,bottle,bottle,1,1,0.002,2.0
170,bottle,bottle,1,4,0.002,2.0
171,box,box,1,4,0.002,2.0
172,can,can,1,2,0.002,2.0
173,can,can,1,2,0.002,2.0
174,box,box,1,1,0.002,2.0
175,can,can,1,4,0.002,2.0
176,can,can,1,3,0.002,2.0
177,box,box,1,4,0.002,2.0
178,can,can,1,4,0.002,2.0
179,box,box,1,4,0.002,2.0
180,box,box,1,1,0.002,2.0
181,box,box,1,3,0.002,2.0
182,can,can,1,4,0.002,2.0
183,bottle,bottle,1,1,0.002,2.0
184,box,box,1,5,0.002,2.0
185,box,box,1,5,0.002,2.0
186,box,box,1,4,0.002,2.0
187,can,can,1,1,0.002,2.0
188,can,can,1,2,0.002,2.0
189,box,box,1,5,0.002,2.0
190,box,box,1,5,0.002,2.0
191,mug,mug,1,3,0.002,2.0
192,can,can,1,3,0.002,2.0
193,mug,mug,1,5,0.002,2.0
194,box,box,1,1,0.002,2.0
195,can,can,1,4,0.002,2.0
196,box,box,1,3,0.002,2.0
197,box,box,1,3,0.002,2.0
198,can,can,1,2,0.002,2.0
199,can,can,1,3,0.002,2.0
200,can,can,1,2,0.002,2.0
201,box,box,1,5,0.002,2.0
202,box,box,1,1,0.002,2.0
203,box,box,1,3,0.002,2.0
204,box,box,1,2,0.002,2.0
205,box,box,1,3,0.002,2.0
206,box,box,1,3,0.002,2.0
207,can,can,1,1,0.002,2.0
208,box,box,1,3,0.002,2.0
209,can,can,1,1,0.002,2.0
210,box,box,1,3,0.002,2.0
211,can,can,1,2,0.002,2.0
212,box,box,1,5,0.002,2.0
213,bottle,bottle,1,2,0.002,2.0
214,bottle,bottle,1,3,0.002,2.0
215,can,can,1,4,0.002,2.0
216,box,box,1,1,0.002,2.0
217,box,box,1,4,0.002,2.0
218,can,can,1,5,0.002,2.0
219,mug,mug,1,5,0.002,2.0
220,box,box,1,1,0.002,2.0
221,bottle,can,0,4,0.002,2.0
222,bowl,bowl,1,2,0.002,2.0
223,mug,mug,1,4,0.002,2.0
224,box,box,1,4,0.002,2.0
225,box,box,1,4,0.002,2.0
226,bottle,bottle,1,2,0.002,2.0
227,mug,mug,1,1,0.002,2.0
228,box,box,1,5,0.002,2.0
229,can,can,1,2,0.002,2.0
230,box,box,1,2,0.002,2.0
231,box,box,1,2,0.002,2.0
232,can,can,1,3,0.002,2.0
233,box,box,1,1,0.002,2.0
234,box,box,1,4,0.002,2.0
235,bottle,bottle,1,2,0.002,2.0
236,bowl,bowl,1,1,0.002,2.0
237,mug,mug,1,4,0.002,2.0
238,can,can,1,1,0.002,2.0
239,can,can,1,2,0.002,2.0
240,box,box,1,3,0.002,2.0
241,mug,mug,1,5,0.002,2.0
242,box,box,1,5,0.002,2.0
243,can,can,1,2,0.002,2.0
244,box,box,1,1,0.002,2.0
245,bottle,bottle,1,4,0.002,2.0
246,mug,mug,1,4,0.002,2.0
247,box,box,1,1,0.002,2.0
248,box,box,1,1,0.002,2.0
249,bottle,bottle,1,2,0.002,2.0
250,can,can,1,2,0.002,2.0
251,can,can,1,4,0.002,2.0
252,can,can,1,1,0.002,2.0
253,bottle,bottle,1,4,0.002,2.0
254,bottle,bottle,1,3,0.002,2.0
255,box,box,1,2,0.002,2.0
256,can,can,1,4,0.002,2.0
257,bottle,bottle,1,1,0.002,2.0
258,mug,mug,1,4,0.002,2.0
259,can,can,1,4,0.002,2.0
260,box,box,1,1,0.002,2.0
261,can,can,1,4,0.002,2.0
262,box,box,1,1,0.002,2.0
263,box,box,1,1,0.002,2.0
264,can,can,1,4,0.002,2.0
265,box,box,1,5,0.002,2.0
266,box,box,1,2,0.002,2.0
267,box,box,1,3,0.002,2.0
268,box,box,1,5,0.002,2.0
269,box,box,1,2,0.002,2.0
270,box,box,1,1,0.002,2.0
271,box,box,1,3,0.002,2.0
272,bowl,box,0,2,0.002,2.0
273,mug,bowl,0,5,0.002,2.0
274,can,can,1,5,0.002,2.0
275,box,box,1,5,0.002,2.0
276,box,box,1,3,0.002,2.0
277,can,can,1,5,0.002,2.0
278,box,box,1,2,0.002,2.0
279,box,box,1,4,0.002,2.0
280,bottle,box,0,4,0.002,2.0
281,bowl,bowl,1,2,0.002,2.0
282,mug,mug,1,3,0.002,2.0
283,box,box,1,3,0.002,2.0
284,can,can,1,5,0.002,2.0
285,box,box,1,4,0.002,2.0
286,can,can,1,3,0.002,2.0
287,bottle,bottle,1,5,0.002,2.0
288,bottle,bottle,1,5,0.002,2.0
289,bowl,bowl,1,2,0.002,2.0
290,mug,mug,1,4,0.002,2.0
291,can,can,1,2,0.002,2.0
292,box,box,1,5,0.002,2.0
293,bottle,bottle,1,3,0.002,2.0
294,bottle,bottle,1,4,0.002,2.0
295,box,box,1,1,0.002,2.0
296,bottle,box,0,3,0.002,2.0
297,mug,mug,1,4,0.002,2.0
298,box,box,1,2,0.002,2.0
299,box,box,1,1,0.002,2.0
300,can,can,1,5,0.002,2.0
301,box,box,1,1,0.002,2.0
302,bottle,bottle,1,3,0.002,2.0
303,mug,mug,1,1,0.002,2.0
304,bottle,bottle,1,3,0.002,2.0
305,bowl,bowl,1,3,0.002,2.0
306,mug,mug,1,2,0.002,2.0
307,box,box,1,5,0.002,2.0
308,box,box,1,4,0.002,2.0
309,can,can,1,4,0.002,2.0
310,bottle,bottle,1,4,0.002,2.0
311,bottle,bottle,1,1,0.002,2.0
312,bowl,bowl,1,1,0.002,2.0
313,mug,mug,1,3,0.002,2.0
314,can,can,1,2,0.002,2.0
315,mug,mug,1,2,0.002,2.0
316,box,box,1,1,0.002,2.0
317,box,box,1,5,0.002,2.0
318,can,can,1,3,0.002,2.0
319,bottle,bottle,1,1,0.002,2.0
320,can,can,1,1,0.002,2.0
321,bottle,bottle,1,2,0.002,2.0
322,box,box,1,1,0.002,2.0
323,box,box,1,2,0.002,2.0
324,can,can,1,1,0.002,2.0
325,box,box,1,5,0.002,2.0
326,box,box,1,4,0.002,2.0
327,bottle,bottle,1,2,0.002,2.0
328,bottle,bottle,1,1,0.002,2.0
329,can,can,1,1,0.002,2.0
330,box,box,1,1,0.002,2.0
331,box,box,1,2,0.002,2.0
332,can,can,1,3,0.002,2.0
333,box,box,1,5,0.002,2.0
334,can,can,1,4,0.002,2.0
335,box,box,1,1,0.002,2.0
336,box,box,1,1,0.002,2.0
337,box,box,1,5,0.002,2.0
338,can,can,1,4,0.002,2.0
339,box,box,1,2,0.002,2.0
340,box,box,1,5,0.002,2.0
341,can,can,1,2,0.002,2.0
342,box,box,1,5,0.002,2.0
343,can,can,1,2,0.002,2.0
344,box,box,1,2,0.002,2.0
345,bottle,bottle,1,1,0.002,2.0
346,can,can,1,2,0.002,2.0
347,can,can,1,3,0.002,2.0
348,box,box,1,2,0.002,2.0
349,can,can,1,5,0.002,2.0
350,box,box,1,2,0.002,2.0
351,can,can,1,1,0.002,2.0
352,box,box,1,3,0.002,2.0
353,can,can,1,3,0.002,2.0
354,box,box,1,3,0.002,2.0
355,box,box,1,4,0.002,2.0
356,can,can,1,2,0.002,2.0
357,box,box,1,4,0.002,2.0
358,box,box,1,2,0.002,2.0
359,bottle,bottle,1,1,0.002,2.0
360,can,can,1,1,0.002,2.0
361,box,box,1,5,0.002,2.0
362,can,can,1,1,0.002,2.0
363,box,box,1,3,0.002,2.0
364,bottle,bottle,1,4,0.002,2.0
365,box,box,1,5,0.002,2.0
366,can,can,1,2,0.002,2.0
367,can,can,1,1,0.002,2.0
368,box,box,1,2,0.002,2.0
369,bottle,bottle,1,3,0.002,2.0
370,bowl,bowl,1,2,0.002,2.0
371,box,box,1,5,0.002,2.0
372,can,can,1,5,0.002,2.0
373,bottle,bottle,1,2,0.002,2.0
374,can,can,1,2,0.002,2.0
375,box,box,1,1,0.002,2.0
376,box,box,1,4,0.002,2.0
377,can,can,1,4,0.002,2.0
378,box,box,1,2,0.002,2.0
379,box,box,1,4,0.002,2.0
380,can,can,1,1,0.002,2.0
381,mug,mug,1,2,0.002,2.0
382,can,can,1,4,0.002,2.0
383,can,can,1,3,0.002,2.0
384,can,can,1,5,0.002,2.0
385,bottle,bottle,1,5,0.002,2.0
386,can,can,1,2,0.002,2.0
387,mug,mug,1,5,0.002,2.0
388,box,box,1,4,0.002,2.0
389,box,box,1,3,0.002,2.0
390,can,can,1,2,0.002,2.0
391,mug,mug,1,5,0.002,2.0
392,can,can,1,4,0.002,2.0
393,mug,box,0,2,0.002,2.0
394,box,box,1,2,0.002,2.0
395,can,can,1,5,0.002,2.0
396,can,can,1,1,0.002,2.0
397,can,can,1,5,0.002,2.0
398,box,box,1,4,0.002,2.0
399,box,box,1,2,0.002,2.0
400,box,box,1,4,0.002,2.0
401,can,can,1,5,0.002,2.0
402,can,can,1,3,0.002,2.0
403,bottle,bottle,1,5,0.002,2.0
404,can,can,1,5,0.002,2.0
405,mug,mug,1,1,0.002,2.0
406,can,can,1,2,0.002,2.0
407,box,box,1,2,0.002,2.0
408,box,box,1,3,0.002,2.0
409,can,can,1,3,0.002,2.0
410,box,box,1,4,0.002,2.0
411,can,can,1,5,0.002,2.0
412,box,box,1,1,0.002,2.0
413,can,can,1,1,0.002,2.0
414,box,box,1,3,0.002,2.0
415,box,box,1,2,0.002,2.0
416,bottle,bottle,1,2,0.002,2.0
417,bowl,bowl,1,5,0.002,2.0
418,mug,mug,1,3,0.002,2.0
419,box,box,1,3,0.002,2.0
420,can,can,1,1,0.002,2.0
421,box,box,1,3,0.002,2.0
422,box,box,1,1,0.002,2.0
423,can,can,1,5,0.002,2.0
424,box,box,1,3,0.002,2.0
425,can,can,1,1,0.002,2.0
426,box,box,1,5,0.002,2.0
427,box,box,1,3,0.002,2.0
428,can,can,1,1,0.002,2.0
429,bottle,bottle,1,2,0.002,2.0
430,bottle,bottle,1,2,0.002,2.0
431,box,box,1,2,0.002,2.0
432,mug,mug,1,2,0.002,2.0
433,box,box,1,3,0.002,2.0
434,can,can,1,4,0.002,2.0
435,box,box,1,3,0.002,2.0
436,box,box,1,3,0.002,2.0
437,box,box,1,4,0.002,2.0
438,mug,mug,1,3,0.002,2.0
439,can,can,1,3,0.002,2.0
440,box,box,1,5,0.002,2.0
441,box,box,1,3,0.002,2.0
442,box,box,1,3,0.002,2.0
443,can,can,1,5,0.002,2.0
444,can,can,1,5,0.002,2.0
445,can,can,1,1,0.002,2.0
446,box,box,1,4,0.002,2.0
447,mug,mug,1,2,0.002,2.0
448,box,box,1,5,0.002,2.0
449,can,can,1,3,0.002,2.0
450,box,box,1,1,0.002,2.0
451,can,can,1,2,0.002,2.0
452,bottle,bottle,1,3,0.002,2.0
453,bottle,bottle,1,5,0.002,2.0
454,can,can,1,5,0.002,2.0
455,can,can,1,4,0.002,2.0
456,can,can,1,5,0.002,2.0
457,can,can,1,4,0.002,2.0
458,bottle,bottle,1,3,0.002,2.0
459,can,can,1,1,0.002,2.0
460,box,box,1,3,0.002,2.0
461,box,box,1,2,0.002,2.0
462,can,can,1,4,0.002,2.0
463,bottle,bottle,1,5,0.002,2.0
464,can,can,1,1,0.002,2.0
465,box,box,1,4,0.002,2.0
466,can,can,1,4,0.002,2.0
467,bottle,bottle,1,5,0.002,2.0
468,mug,mug,1,4,0.002,2.0
469,box,box,1,4,0.002,2.0
470,can,can,1,3,0.002,2.0
471,box,box,1,5,0.002,2.0
472,bottle,bottle,1,3,0.002,2.0
473,mug,mug,1,3,0.002,2.0
474,can,can,1,3,0.002,2.0
475,box,box,1,3,0.002,2.0
476,can,can,1,1,0.002,2.0
477,bottle,bottle,1,4,0.002,2.0
478,bottle,box,0,4,0.002,2.0
479,box,box,1,1,0.002,2.0
480,can,can,1,1,0.002,2.0
481,box,box,1,2,0.002,2.0
482,box,box,1,4,0.002,2.0
483,box,box,1,5,0.002,2.0
484,can,can,1,5,0.002,2.0
485,box,box,1,1,0.002,2.0
486,box,box,1,4,0.002,2.0
487,can,can,1,5,0.002,2.0
488,bowl,bowl,1,2,0.002,2.0
489,mug,mug,1,2,0.002,2.0
490,box,box,1,4,0.002,2.0
491,box,box,1,2,0.002,2.0
492,can,can,1,1,0.002,2.0
493,box,box,1,2,0.002,2.0
494,can,can,1,5,0.002,2.0
495,bottle,bottle,1,1,0.002,2.0
496,bottle,bottle,1,2,0.002,2.0
497,bottle,bottle,1,2,0.002,2.0
498,bowl,bowl,1,3,0.002,2.0
499,mug,mug,1,4,0.002,2.0
500,can,can,1,5,0.002,2.0
501,mug,mug,1,4,0.002,2.0
502,can,can,1,2,0.002,2.0
503,box,box,1,2,0.002,2.0
504,can,can,1,2,0.002,2.0
505,box,box,1,2,0.002,2.0
506,box,box,1,1,0.002,2.0
507,box,box,1,5,0.002,2.0
508,can,can,1,3,0.002,2.0
509,box,box,1,2,0.002,2.0
510,can,can,1,5,0.002,2.0
511,box,box,1,1,0.002,2.0
512,box,box,1,1,0.002,2.0
513,box,box,1,4,0.002,2.0
514,can,can,1,5,0.002,2.0
515,can,can,1,5,0.002,2.0
516,can,can,1,5,0.002,2.0
517,box,box,1,2,0.002,2.0
518,box,box,1,5,0.002,2.0
519,can,can,1,5,0.002,2.0
520,box,box,1,3,0.002,2.0
521,can,can,1,3,0.002,2.0
522,can,can,1,2,0.002,2.0
523,bottle,bottle,1,2,0.002,2.0
524,bottle,bottle,1,4,0.002,2.0
525,bowl,bowl,1,3,0.002,2.0
526,mug,mug,1,4,0.002,2.0
527,can,can,1,2,0.002,2.0
528,box,box,1,3,0.002,2.0
529,bottle,bottle,1,5,0.002,2.0
530,mug,mug,1,5,0.002,2.0
531,can,can,1,5,0.002,2.0
532,can,can,1,3,0.002,2.0
533,box,box,1,5,0.002,2.0
534,box,box,1,3,0.002,2.0
535,box,box,1,3,0.002,2.0
536,box,box,1,3,0.002,2.0
537,box,box,1,1,0.002,2.0
538,can,can,1,1,0.002,2.0
539,can,can,1,3,0.002,2.0
540,bottle,bottle,1,4,0.002,2.0
541,bottle,bottle,1,3,0.002,2.0
542,mug,mug,1,3,0.002,2.0
543,can,can,1,2,0.002,2.0
544,box,box,1,2,0.002,2.0
545,box,box,1,2,0.002,2.0
546,box,box,1,3,0.002,2.0
547,can,can,1,2,0.002,2.0
548,box,box,1,2,0.002,2.0
549,can,can,1,2,0.002,2.0
550,bottle,bottle,1,1,0.002,2.0
551,mug,mug,1,4,0.002,2.0
552,can,can,1,1,0.002,2.0
553,can,can,1,3,0.002,2.0
554,bottle,bottle,1,3,0.002,2.0
555,can,can,1,5,0.002,2.0
556,bottle,bottle,1,5,0.002,2.0
557,box,box,1,1,0.002,2.0
558,bottle,bottle,1,1,0.002,2.0
559,bowl,bowl,1,4,0.002,2.0
560,mug,mug,1,1,0.002,2.0
561,box,box,1,1,0.002,2.0
562,box,box,1,5,0.002,2.0
563,box,box,1,1,0.002,2.0
564,can,can,1,2,0.002,2.0
565,can,can,1,1,0.002,2.0
566,bottle,bottle,1,4,0.002,2.0
567,box,box,1,3,0.002,2.0
568,can,can,1,3,0.002,2.0
569,box,box,1,2,0.002,2.0
570,box,box,1,4,0.002,2.0
571,can,can,1,1,0.002,2.0
572,can,can,1,5,0.002,2.0
573,box,box,1,2,0.002,2.0
574,box,box,1,2,0.002,2.0
575,bottle,bottle,1,1,0.002,2.0
576,bowl,bowl,1,1,0.002,2.0
577,mug,mug,1,2,0.002,2.0
578,can,can,1,4,0.002,2.0
579,box,box,1,3,0.002,2.0
580,box,box,1,4,0.002,2.0
581,bottle,bottle,1,2,0.002,2.0
582,mug,mug,1,2,0.002,2.0
583,bottle,bottle,1,1,0.002,2.0
584,can,can,1,3,0.002,2.0
585,box,box,1,4,0.002,2.0
586,box,box,1,4,0.002,2.0
587,box,box,1,2,0.002,2.0
588,can,can,1,3,0.002,2.0
589,box,box,1,5,0.002,2.0
590,can,can,1,2,0.002,2.0
591,box,box,1,1,0.002,2.0
592,box,box,1,1,0.002,2.0
593,bottle,bottle,1,2,0.002,2.0
594,mug,mug,1,5,0.002,2.0
595,can,can,1,5,0.002,2.0
596,bottle,bottle,1,2,0.002,2.0
597,can,can,1,3,0.002,2.0
598,box,box,1,1,0.002,2.0
599,box,box,1,2,0.002,2.0
600,box,box,1,2,0.002,2.0
601,box,box,1,2,0.002,2.0
602,bottle,bottle,1,3,0.002,2.0
603,can,can,1,5,0.002,2.0
604,can,can,1,2,0.002,2.0
605,box,box,1,3,0.002,2.0
606,box,box,1,3,0.002,2.0
607,can,can,1,4,0.002,2.0
608,bottle,bottle,1,4,0.002,2.0
609,box,box,1,4,0.002,2.0
610,can,can,1,3,0.002,2.0
611,bottle,bottle,1,3,0.002,2.0
612,bowl,bowl,1,3,0.002,2.0
613,mug,mug,1,1,0.002,2.0
614,mug,mug,1,3,0.002,2.0
615,box,box,1,4,0.002,2.0
616,can,can,1,2,0.002,2.0
617,box,box,1,4,0.002,2.0
618,bottle,bottle,1,1,0.002,2.0
619,can,can,1,3,0.002,2.0
620,can,can,1,4,0.002,2.0
621,bottle,bottle,1,2,0.002,2.0
622,bottle,bottle,1,1,0.002,2.0
623,bowl,bowl,1,3,0.002,2.0
624,mug,mug,1,5,0.002,2.0
625,bottle,bottle,1,1,0.002,2.0
626,mug,mug,1,1,0.002,2.0
627,box,box,1,4,0.002,2.0
628,can,can,1,3,0.002,2.0
629,box,box,1,4,0.002,2.0
630,can,can,1,1,0.002,2.0
631,bottle,bottle,1,1,0.002,2.0
632,bottle,box,0,1,0.002,2.0
633,can,can,1,5,0.002,2.0
634,bottle,bottle,1,4,0.002,2.0
635,box,box,1,5,0.002,2.0
636,can,can,1,2,0.002,2.0
637,can,can,1,1,0.002,2.0
638,box,box,1,2,0.002,2.0
639,box,box,1,4,0.002,2.0
640,box,box,1,3,0.002,2.0
641,box,box,1,5,0.002,2.0
642,box,box,1,3,0.002,2.0
643,can,can,1,1,0.002,2.0
644,box,box,1,2,0.002,2.0
645,box,box,1,5,0.002,2.0
646,can,can,1,4,0.002,2.0
647,can,can,1,2,0.002,2.0
648,can,can,1,5,0.002,2.0
649,can,can,1,4,0.002,2.0
650,box,box,1,3,0.002,2.0
651,can,can,1,2,0.002,2.0
652,bottle,bottle,1,2,0.002,2.0
653,box,box,1,5,0.002,2.0
654,can,can,1,2,0.002,2.0
655,can,can,1,3,0.002,2.0
656,can,can,1,3,0.002,2.0
657,box,box,1,5,0.002,2.0
658,box,box,1,5,0.002,2.0
659,box,box,1,4,0.002,2.0
660,box,box,1,4,0.002,2.0
661,box,box,1,4,0.002,2.0
662,box,box,1,4,0.002,2.0
663,bottle,box,0,4,0.002,2.0
664,bowl,bowl,1,4,0.002,2.0
665,can,can,1,1,0.002,2.0
666,box,box,1,2,0.002,2.0
667,box,box,1,2,0.002,2.0
668,box,box,1,4,0.002,2.0
669,box,box,1,4,0.002,2.0
670,box,box,1,4,0.002,2.0
671,box,box,1,5,0.002,2.0
672,can,can,1,1,0.002,2.0
673,box,box,1,4,0.002,2.0
674,can,can,1,3,0.002,2.0
675,can,can,1,4,0.002,2.0
676,box,box,1,3,0.002,2.0
677,box,box,1,4,0.002,2.0
678,box,box,1,2,0.002,2.0
679,can,can,1,1,0.002,2.0
680,mug,box,0,2,0.002,2.0
681,box,box,1,2,0.002,2.0
682,can,can,1,5,0.002,2.0
683,box,box,1,3,0.002,2.0
684,can,can,1,2,0.002,2.0
685,box,box,1,3,0.002,2.0
686,box,box,1,3,0.002,2.0
687,bowl,bowl,1,5,0.002,2.0
688,mug,mug,1,4,0.002,2.0
689,box,box,1,2,0.002,2.0
690,can,can,1,3,0.002,2.0
691,box,box,1,2,0.002,2.0
692,box,box,1,4,0.002,2.0
693,can,can,1,5,0.002,2.0
694,box,can,0,3,0.002,2.0
695,box,box,1,5,0.002,2.0
696,can,can,1,2,0.002,2.0
697,box,box,1,4,0.002,2.0
698,bottle,bottle,1,4,0.002,2.0
699,bottle,bottle,1,1,0.002,2.0
700,can,can,1,3,0.002,2.0
701,bowl,bowl,1,2,0.002,2.0
702,mug,mug,1,5,0.002,2.0
703,can,can,1,1,0.002,2.0
704,box,box,1,2,0.002,2.0
705,can,can,1,4,0.002,2.0
706,box,box,1,4,0.002,2.0
707,can,can,1,3,0.002,2.0
708,can,can,1,5,0.002,2.0
709,box,box,1,5,0.002,2.0
710,box,box,1,2,0.002,2.0
711,can,can,1,2,0.002,2.0
712,box,box,1,4,0.002,2.0
713,box,box,1,4,0.002,2.0
714,box,box,1,2,0.002,2.0
715,bowl,can,0,1,0.002,2.0
716,mug,mug,1,3,0.002,2.0
717,box,box,1,4,0.002,2.0
718,bottle,bottle,1,3,0.002,2.0
719,mug,mug,1,1,0.002,2.0
720,can,can,1,1,0.002,2.0
721,box,box,1,1,0.002,2.0
722,box,box,1,5,0.002,2.0
723,bottle,bottle,1,5,0.002,2.0
724,box,box,1,1,0.002,2.0
725,can,can,1,4,0.002,2.0
726,box,box,1,3,0.002,2.0
727,bottle,bottle,1,3,0.002,2.0
728,bowl,bowl,1,4,0.002,2.0
729,mug,mug,1,5,0.002,2.0
730,can,can,1,3,0.002,2.0
731,can,can,1,5,0.002,2.0
732,bottle,bottle,1,1,0.002,2.0
733,can,can,1,4,0.002,2.0
734,box,box,1,1,0.002,2.0
735,box,box,1,3,0.002,2.0
736,box,box,1,2,0.002,2.0
737,box,box,1,2,0.002,2.0
738,box,box,1,1,0.002,2.0
739,box,box,1,1,0.002,2.0
740,can,can,1,4,0.002,2.0
741,box,box,1,1,0.002,2.0
742,box,box,1,2,0.002,2.0
743,can,can,1,5,0.002,2.0
744,bowl,box,0,1,0.002,2.0
745,mug,mug,1,5,0.002,2.0
746,box,box,1,2,0.002,2.0
747,box,box,1,5,0.002,2.0
748,can,can,1,5,0.002,2.0
749,bottle,bottle,1,5,0.002,2.0
750,bottle,bottle,1,1,0.002,2.0
751,can,can,1,2,0.002,2.0
752,bottle,bottle,1,5,0.002,2.0
753,box,box,1,4,0.002,2.0
754,can,can,1,2,0.002,2.0
755,box,box,1,3,0.002,2.0
756,box,box,1,2,0.002,2.0
757,can,can,1,4,0.002,2.0
758,box,box,1,1,0.002,2.0
759,box,box,1,3,0.002,2.0
760,can,can,1,2,0.002,2.0
761,box,box,1,4,0.002,2.0
762,can,can,1,3,0.002,2.0
763,box,box,1,4,0.002,2.0
764,can,can,1,3,0.002,2.0
765,bowl,bowl,1,4,0.002,2.0
766,mug,mug,1,4,0.002,2.0
767,box,box,1,2,0.002,2.0
768,can,can,1,1,0.002,2.0
769,can,bottle,0,3,0.002,2.0
770,bottle,bottle,1,5,0.002,2.0
771,can,can,1,2,0.002,2.0
772,box,box,1,1,0.002,2.0
773,box,box,1,4,0.002,2.0
774,can,can,1,5,0.002,2.0
775,box,box,1,3,0.002,2.0
776,box,box,1,3,0.002,2.0
777,box,box,1,3,0.002,2.0
778,box,box,1,5,0.002,2.0
779,can,can,1,1,0.002,2.0
780,box,box,1,1,0.002,2.0
781,box,box,1,3,0.002,2.0
782,box,box,1,5,0.002,2.0
783,box,box,1,2,0.002,2.0
784,can,can,1,4,0.002,2.0
785,box,box,1,3,0.002,2.0
786,box,box,1,5,0.002,2.0
787,box,box,1,3,0.002,2.0
788,bottle,bottle,1,5,0.002,2.0
789,mug,mug,1,5,0.002,2.0
790,can,can,1,4,0.002,2.0
791,can,can,1,1,0.002,2.0
792,bottle,bottle,1,3,0.002,2.0
793,box,box,1,2,0.002,2.0
794,box,bottle,0,2,0.002,2.0
795,can,can,1,1,0.002,2.0
796,box,box,1,4,0.002,2.0
797,can,can,1,5,0.002,2.0
798,box,box,1,3,0.002,2.0
799,box,box,1,1,0.002,2.0
800,can,can,1,5,0.002,2.0
801,bottle,bottle,1,2,0.002,2.0
802,can,can,1,3,0.002,2.0
803,can,can,1,1,0.002,2.0
804,mug,mug,1,3,0.002,2.0
805,box,box,1,1,0.002,2.0
806,box,box,1,1,0.002,2.0
807,can,can,1,5,0.002,2.0
808,box,box,1,3,0.002,2.0
809,box,box,1,4,0.002,2.0
810,can,can,1,3,0.002,2.0
811,can,can,1,2,0.002,2.0
812,box,box,1,3,0.002,2.0
813,box,box,1,5,0.002,2.0
814,box,box,1,1,0.002,2.0
815,can,can,1,4,0.002,2.0
816,box,box,1,5,0.002,2.0
817,bottle,can,0,4,0.002,2.0
818,mug,mug,1,2,0.002,2.0
819,box,box,1,3,0.002,2.0
820,can,can,1,5,0.002,2.0
821,box,box,1,3,0.002,2.0
822,box,box,1,4,0.002,2.0
823,can,can,1,5,0.002,2.0
824,box,box,1,2,0.002,2.0
825,can,can,1,1,0.002,2.0
826,box,box,1,5,0.002,2.0
827,box,box,1,2,0.002,2.0
828,bowl,bowl,1,1,0.002,2.0
829,mug,mug,1,2,0.002,2.0
830,bottle,bottle,1,1,0.002,2.0
831,bottle,bottle,1,5,0.002,2.0
832,box,box,1,1,0.002,2.0
833,can,can,1,3,0.002,2.0
834,can,can,1,4,0.002,2.0
835,bottle,bottle,1,2,0.002,2.0
836,box,box,1,2,0.002,2.0
837,bottle,bowl,0,5,0.002,2.0
838,bowl,can,0,2,0.002,2.0
839,mug,mug,1,2,0.002,2.0
840,box,box,1,2,0.002,2.0
841,bowl,bowl,1,1,0.002,2.0
842,can,can,1,2,0.002,2.0
843,box,box,1,5,0.002,2.0
844,box,box,1,1,0.002,2.0
845,can,can,1,1,0.002,2.0
846,can,can,1,4,0.002,2.0
847,bottle,bottle,1,3,0.002,2.0
848,can,can,1,5,0.002,2.0
849,bottle,bottle,1,5,0.002,2.0
850,bowl,bowl,1,3,0.002,2.0
851,mug,mug,1,5,0.002,2.0
852,box,box,1,4,0.002,2.0
853,can,can,1,1,0.002,2.0
854,box,box,1,5,0.002,2.0
855,box,box,1,1,0.002,2.0
856,box,box,1,4,0.002,2.0
857,box,box,1,1,0.002,2.0
858,can,can,1,3,0.002,2.0
859,bottle,bottle,1,2,0.002,2.0
860,can,can,1,5,0.002,2.0
861,bottle,bottle,1,3,0.002,2.0
862,bottle,bottle,1,4,0.002,2.0
863,box,box,1,2,0.002,2.0
864,can,can,1,1,0.002,2.0
865,box,box,1,1,0.002,2.0
866,box,box,1,5,0.002,2.0
867,can,can,1,4,0.002,2.0
868,box,box,1,5,0.002,2.0
869,can,can,1,3,0.002,2.0
870,box,box,1,3,0.002,2.0
871,box,box,1,3,0.002,2.0
872,can,can,1,3,0.002,2.0
873,bottle,bottle,1,4,0.002,2.0
874,can,box,0,5,0.002,2.0
875,bottle,bottle,1,2,0.002,2.0
876,box,box,1,5,0.002,2.0
877,can,can,1,5,0.002,2.0
878,bottle,bottle,1,4,0.002,2.0
879,bowl,bowl,1,1,0.002,2.0
880,mug,mug,1,2,0.002,2.0
881,can,can,1,1,0.002,2.0
882,bottle,bottle,1,3,0.002,2.0
883,bowl,bowl,1,5,0.002,2.0
884,mug,mug,1,1,0.002,2.0
885,can,can,1,2,0.002,2.0
886,bottle,bottle,1,5,0.002,2.0
887,bottle,bottle,1,2,0.002,2.0
888,box,box,1,5,0.002,2.0
889,bottle,bottle,1,5,0.002,2.0
890,bowl,bowl,1,4,0.002,2.0
891,mug,mug,1,1,0.002,2.0
892,bowl,bowl,1,5,0.002,2.0
893,mug,mug,1,1,0.002,2.0
894,can,can,1,3,0.002,2.0
895,can,can,1,4,0.002,2.0
896,box,box,1,4,0.002,2.0
897,can,can,1,3,0.002,2.0
898,box,box,1,3,0.002,2.0
899,box,box,1,3,0.002,2.0
900,box,box,1,3,0.002,2.0
901,box,box,1,4,0.002,2.0
902,box,box,1,5,0.002,2.0
903,box,box,1,3,0.002,2.0
904,can,can,1,3,0.002,2.0
905,box,box,1,5,0.002,2.0
906,box,box,1,5,0.002,2.0
907,can,can,1,4,0.002,2.0
908,mug,mug,1,4,0.002,2.0
909,box,box,1,4,0.002,2.0
910,can,can,1,4,0.002,2.0
911,can,can,1,4,0.002,2.0
912,can,can,1,2,0.002,2.0
913,box,box,1,4,0.002,2.0
914,box,box,1,3,0.002,2.0
915,box,box,1,3,0.002,2.0
916,can,can,1,2,0.002,2.0
917,box,box,1,2,0.002,2.0
918,can,can,1,3,0.002,2.0
919,can,can,1,2,0.002,2.0
920,box,box,1,1,0.002,2.0
921,box,box,1,3,0.002,2.0
922,box,box,1,3,0.002,2.0
923,box,box,1,4,0.002,2.0
924,can,can,1,2,0.002,2.0
925,bottle,bottle,1,1,0.002,2.0
926,box,box,1,3,0.002,2.0
927,bottle,bottle,1,3,0.002,2.0
928,mug,mug,1,4,0.002,2.0
929,box,box,1,2,0.002,2.0
930,box,box,1,1,0.002,2.0
931,bowl,bowl,1,5,0.002,2.0
932,mug,mug,1,5,0.002,2.0
933,box,box,1,5,0.002,2.0
934,can,can,1,5,0.002,2.0
935,can,can,1,2,0.002,2.0
936,box,box,1,1,0.002,2.0
937,can,can,1,4,0.002,2.0
938,can,can,1,2,0.002,2.0
939,box,box,1,5,0.002,2.0
940,box,box,1,5,0.002,2.0
941,can,can,1,4,0.002,2.0
942,can,can,1,1,0.002,2.0
943,can,can,1,4,0.002,2.0
944,box,box,1,1,0.002,2.0
945,bowl,bowl,1,5,0.002,2.0
946,mug,mug,1,3,0.002,2.0
947,bottle,bottle,1,1,0.002,2.0
948,can,can,1,4,0.002,2.0
949,bottle,bottle,1,2,0.002,2.0
950,can,can,1,5,0.002,2.0
951,box,box,1,1,0.002,2.0
952,box,box,1,3,0.002,2.0
953,can,can,1,2,0.002,2.0
954,can,can,1,1,0.002,2.0
955,box,box,1,1,0.002,2.0
956,can,can,1,5,0.002,2.0
957,box,box,1,3,0.002,2.0
958,can,can,1,1,0.002,2.0
959,can,can,1,1,0.002,2.0
960,can,can,1,3,0.002,2.0
961,can,can,1,1,0.002,2.0
962,box,box,1,4,0.002,2.0
963,box,box,1,1,0.002,2.0
964,box,box,1,4,0.002,2.0
965,can,bowl,0,4,0.002,2.0
966,can,can,1,2,0.002,2.0
967,bottle,bottle,1,3,0.002,2.0
968,can,can,1,3,0.002,2.0
969,box,box,1,5,0.002,2.0
970,box,box,1,1,0.002,2.0
971,box,box,1,4,0.002,2.0
972,box,box,1,3,0.002,2.0
973,box,box,1,3,0.002,2.0
974,bottle,bottle,1,2,0.002,2.0
975,bowl,bowl,1,4,0.002,2.0
976,mug,mug,1,1,0.002,2.0
977,box,box,1,1,0.002,2.0
978,can,can,1,1,0.002,2.0
979,can,can,1,3,0.002,2.0
980,bottle,bottle,1,2,0.002,2.0
981,can,can,1,3,0.002,2.0
982,box,box,1,4,0.002,2.0
983,can,can,1,3,0.002,2.0
984,box,box,1,1,0.002,2.0
985,box,box,1,5,0.002,2.0
986,box,box,1,3,0.002,2.0
987,can,can,1,3,0.002,2.0
988,can,can,1,4,0.002,2.0
989,can,can,1,4,0.002,2.0
990,box,box,1,2,0.002,2.0
991,can,can,1,4,0.002,2.0
992,box,box,1,4,0.002,2.0
993,bottle,bottle,1,4,0.002,2.0
994,mug,mug,1,1,0.002,2.0
995,box,box,1,5,0.002,2.0
996,can,can,1,1,0.002,2.0
997,can,can,1,1,0.002,2.0
998,box,box,1,2,0.002,2.0
999,box,box,1,4,0.002,2.0
1000,box,box,1,5,0.002,2.0
1001,box,box,1,4,0.002,2.0
1002,can,can,1,5,0.002,2.0
1003,box,box,1,3,0.002,2.0
1004,box,box,1,1,0.002,2.0
1005,bottle,bottle,1,1,0.002,2.0
1006,can,can,1,4,0.002,2.0
1007,box,box,1,4,0.002,2.0
1008,can,can,1,2,0.002,2.0
1009,box,box,1,1,0.002,2.0
1010,box,box,1,2,0.002,2.0
1011,box,box,1,2,0.002,2.0
1012,box,box,1,5,0.002,2.0
1013,box,box,1,2,0.002,2.0
1014,can,can,1,3,0.002,2.0
1015,box,box,1,2,0.002,2.0
1016,box,box,1,1,0.002,2.0
1017,bottle,bottle,1,5,0.002,2.0
1018,can,can,1,5,0.002,2.0
1019,box,box,1,1,0.002,2.0
1020,can,can,1,4,0.002,2.0
1021,box,box,1,4,0.002,2.0
1022,box,box,1,3,0.002,2.0
1023,can,can,1,3,0.002,2.0
1024,bottle,bottle,1,1,0.002,2.0
1025,bowl,bowl,1,3,0.002,2.0
1026,mug,mug,1,3,0.002,2.0
1027,box,box,1,3,0.002,2.0
1028,can,can,1,5,0.002,2.0
1029,can,can,1,5,0.002,2.0
1030,box,box,1,1,0.002,2.0
1031,bottle,bottle,1,3,0.002,2.0
1032,box,box,1,4,0.002,2.0
1033,box,box,1,2,0.002,2.0
1034,can,can,1,5,0.002,2.0
1035,box,box,1,3,0.002,2.0
1036,box,box,1,5,0.002,2.0
1037,bottle,box,0,1,0.002,2.0
1038,bowl,bowl,1,5,0.002,2.0
1039,mug,mug,1,5,0.002,2.0
1040,bottle,bottle,1,5,0.002,2.0
1041,mug,mug,1,2,0.002,2.0
1042,box,box,1,3,0.002,2.0
1043,can,can,1,4,0.002,2.0
1044,box,box,1,5,0.002,2.0
1045,box,box,1,4,0.002,2.0
1046,can,can,1,1,0.002,2.0
1047,can,can,1,4,0.002,2.0
1048,bottle,bottle,1,4,0.002,2.0
1049,bottle,bottle,1,1,0.002,2.0
1050,can,can,1,1,0.002,2.0
1051,mug,mug,1,1,0.002,2.0
1052,can,can,1,4,0.002,2.0
1053,bottle,bottle,1,1,0.002,2.0
1054,can,can,1,4,0.002,2.0
1055,box,box,1,5,0.002,2.0
1056,can,can,1,5,0.002,2.0
1057,box,box,1,4,0.002,2.0
1058,box,box,1,3,0.002,2.0
1059,box,box,1,4,0.002,2.0
1060,can,can,1,2,0.002,2.0
1061,box,box,1,2,0.002,2.0
1062,can,can,1,1,0.002,2.0
1063,box,box,1,2,0.002,2.0
1064,can,can,1,5,0.002,2.0
1065,box,box,1,2,0.002,2.0
1066,box,box,1,4,0.002,2.0
1067,bowl,bowl,1,4,0.002,2.0
1068,mug,mug,1,1,0.002,2.0
1069,box,box,1,2,0.002,2.0
1070,box,box,1,4,0.002,2.0
1071,box,box,1,1,0.002,2.0
1072,can,can,1,4,0.002,2.0
1073,box,box,1,5,0.002,2.0
1074,can,can,1,3,0.002,2.0
1075,box,box,1,4,0.002,2.0
1076,mug,mug,1,3,0.002,2.0
1077,box,box,1,3,0.002,2.0
1078,can,can,1,4,0.002,2.0
1079,box,box,1,2,0.002,2.0
1080,can,can,1,2,0.002,2.0
1081,mug,mug,1,1,0.002,2.0
1082,can,can,1,1,0.002,2.0
1083,bottle,bottle,1,2,0.002,2.0
1084,can,can,1,1,0.002,2.0
1085,box,box,1,5,0.002,2.0
1086,mug,mug,1,2,0.002,2.0
1087,can,can,1,4,0.002,2.0
1088,box,box,1,1,0.002,2.0
1089,bottle,bottle,1,5,0.002,2.0
1090,mug,mug,1,1,0.002,2.0
1091,box,box,1,2,0.002,2.0
1092,box,box,1,1,0.002,2.0
1093,can,can,1,5,0.002,2.0
1094,bowl,bowl,1,4,0.002,2.0
1095,mug,mug,1,5,0.002,2.0
1096,bottle,bottle,1,3,0.002,2.0
1097,bottle,bottle,1,4,0.002,2.0
1098,box,box,1,2,0.002,2.0
1099,box,box,1,3,0.002,2.0
1100,box,box,1,4,0.002,2.0
1101,box,box,1,5,0.002,2.0
1102,bowl,bowl,1,4,0.002,2.0
1103,mug,mug,1,1,0.002,2.0
1104,bowl,bowl,1,2,0.002,2.0
1105,mug,mug,1,3,0.002,2.0
1106,box,box,1,2,0.002,2.0
1107,bowl,bowl,1,5,0.002,2.0
1108,mug,can,0,3,0.002,2.0
0,box,box,1,4,0.0025,2.5
1,box,box,1,5,0.0025,2.5
2,box,box,1,1,0.0025,2.5
3,box,box,1,1,0.0025,2.5
4,can,can,1,3,0.0025,2.5
5,box,box,1,4,0.0025,2.5
6,can,can,1,5,0.0025,2.5
7,box,box,1,1,0.0025,2.5
8,box,box,1,1,0.0025,2.5
9,box,box,1,5,0.0025,2.5
10,can,can,1,3,0.0025,2.5
11,box,box,1,2,0.0025,2.5
12,bottle,bottle,1,1,0.0025,2.5
13,mug,mug,1,3,0.0025,2.5
14,can,can,1,4,0.0025,2.5
15,box,box,1,1,0.0025,2.5
16,can,mug,0,2,0.0025,2.5
17,bottle,bottle,1,4,0.0025,2.5
18,bottle,bottle,1,3,0.0025,2.5
19,box,box,1,1,0.0025,2.5
20,box,box,1,3,0.0025,2.5
21,can,can,1,2,0.0025,2.5
22,box,box,1,2,0.0025,2.5
23,can,can,1,3,0.0025,2.5
24,box,box,1,3,0.0025,2.5
25,can,can,1,5,0.0025,2.5
26,box,box,1,4,0.0025,2.5
27,can,can,1,4,0.0025,2.5
28,box,box,1,4,0.0025,2.5
29,box,box,1,5,0.0025,2.5
30,can,can,1,4,0.0025,2.5
31,box,box,1,2,0.0025,2.5
32,box,box,1,4,0.0025,2.5
33,can,can,1,1,0.0025,2.5
34,bottle,bottle,1,5,0.0025,2.5
35,can,can,1,4,0.0025,2.5
36,can,can,1,4,0.0025,2.5
37,box,box,1,5,0.0025,2.5
38,box,box,1,1,0.0025,2.5
39,box,box,1,1,0.0025,2.5
40,can,can,1,2,0.0025,2.5
41,box,box,1,3,0.0025,2.5
42,can,can,1,5,0.0025,2.5
43,bottle,bottle,1,5,0.0025,2.5
44,bottle,box,0,4,0.0025,2.5
45,box,box,1,1,0.0025,2.5
46,can,can,1,3,0.0025,2.5
47,box,box,1,4,0.0025,2.5
48,box,box,1,1,0.0025,2.5
49,can,can,1,5,0.0025,2.5
50,bottle,bottle,1,2,0.0025,2.5
51,box,box,1,5,0.0025,2.5
52,can,can,1,2,0.0025,2.5
53,box,box,1,1,0.0025,2.5
54,can,can,1,4,0.0025,2.5
55,box,box,1,2,0.0025,2.5
56,box,box,1,2,0.0025,2.5
57,can,can,1,1,0.0025,2.5
58,box,box,1,5,0.0025,2.5
59,box,box,1,5,0.0025,2.5
60,box,box,1,5,0.0025,2.5
61,can,can,1,2,0.0025,2.5
62,bottle,bottle,1,4,0.0025,2.5
63,bottle,bottle,1,5,0.0025,2.5
64,box,box,1,1,0.0025,2.5
65,can,can,1,1,0.0025,2.5
66,bottle,box,0,4,0.0025,2.5
67,mug,mug,1,4,0.0025,2.5
68,box,box,1,2,0.0025,2.5
69,can,can,1,4,0.0025,2.5
70,box,box,1,1,0.0025,2.5
71,box,box,1,5,0.0025,2.5
72,can,can,1,4,0.0025,2.5
73,box,box,1,3,0.0025,2.5
74,can,can,1,1,0.0025,2.5
75,box,box,1,5,0.0025,2.5
76,can,can,1,1,0.0025,2.5
77,can,can,1,4,0.0025,2.5
78,box,box,1,1,0.0025,2.5
79,box,box,1,2,0.0025,2.5
80,can,can,1,3,0.0025,2.5
81,box,box,1,2,0.0025,2.5
82,can,can,1,3,0.0025,2.5
83,can,can,1,2,0.0025,2.5
84,box,box,1,1,0.0025,2.5
85,can,can,1,5,0.0025,2.5
86,box,box,1,1,0.0025,2.5
87,box,box,1,3,0.0025,2.5
88,bottle,box,0,3,0.0025,2.5
89,mug,can,0,4,0.0025,2.5
90,box,box,1,5,0.0025,2.5
91,can,can,1,5,0.0025,2.5
92,box,box,1,4,0.0025,2.5
93,can,can,1,3,0.0025,2.5
94,box,box,1,5,0.0025,2.5
95,can,can,1,5,0.0025,2.5
96,box,box,1,4,0.0025,2.5
97,bottle,bottle,1,5,0.0025,2.5
98,bowl,bowl,1,1,0.0025,2.5
99,mug,mug,1,2,0.0025,2.5
100,box,box,1,1,0.0025,2.5
101,can,can,1,2,0.0025,2.5
102,box,box,1,1,0.0025,2.5
103,can,can,1,1,0.0025,2.5
104,box,box,1,5,0.0025,2.5
105,can,can,1,3,0.0025,2.5
106,can,can,1,2,0.0025,2.5
107,can,can,1,1,0.0025,2.5
108,box,box,1,5,0.0025,2.5
109,can,can,1,5,0.0025,2.5
110,box,box,1,5,0.0025,2.5
111,box,box,1,1,0.0025,2.5
112,can,can,1,1,0.0025,2.5
113,box,box,1,2,0.0025,2.5
114,box,box,1,5,0.0025,2.5
115,box,box,1,3,0.0025,2.5
116,box,box,1,4,0.0025,2.5
117,can,can,1,3,0.0025,2.5
118,box,box,1,5,0.0025,2.5
119,bottle,bottle,1,2,0.0025,2.5
120,can,can,1,4,0.0025,2.5
121,bottle,bottle,1,3,0.0025,2.5
122,mug,mug,1,2,0.0025,2.5
123,box,box,1,1,0.0025,2.5
124,can,can,1,2,0.0025,2.5
125,box,box,1,5,0.0025,2.5
126,box,box,1,2,0.0025,2.5
127,bottle,bottle,1,3,0.0025,2.5
128,box,box,1,2,0.0025,2.5
129,can,can,1,3,0.0025,2.5
130,bowl,bowl,1,3,0.0025,2.5
131,mug,mug,1,3,0.0025,2.5
132,can,can,1,3,0.0025,2.5
133,can,can,1,1,0.0025,2.5
134,bottle,bottle,1,5,0.0025,2.5
135,bottle,bottle,1,5,0.0025,2.5
136,can,can,1,4,0.0025,2.5
137,mug,mug,1,5,0.0025,2.5
138,box,box,1,5,0.0025,2.5
139,can,can,1,2,0.0025,2.5
140,can,can,1,1,0.0025,2.5
141,box,box,1,3,0.0025,2.5
142,box,box,1,4,0.0025,2.5
143,can,can,1,3,0.0025,2.5
144,bowl,bowl,1,3,0.0025,2.5
145,mug,mug,1,4,0.0025,2.5
146,bottle,bottle,1,3,0.0025,2.5
147,box,box,1,3,0.0025,2.5
148,can,can,1,2,0.0025,2.5
149,can,can,1,3,0.0025,2.5
150,box,box,1,5,0.0025,2.5
151,box,box,1,2,0.0025,2.5
152,box,box,1,5,0.0025,2.5
153,can,can,1,1,0.0025,2.5
154,box,box,1,4,0.0025,2.5
155,can,can,1,5,0.0025,2.5
156,can,can,1,4,0.0025,2.5
157,can,can,1,1,0.0025,2.5
158,box,box,1,5,0.0025,2.5
159,bottle,bottle,1,5,0.0025,2.5
160,box,box,1,5,0.0025,2.5
161,can,can,1,2,0.0025,2.5
162,box,box,1,1,0.0025,2.5
163,mug,mug,1,3,0.0025,2.5
164,box,box,1,2,0.0025,2.5
165,can,can,1,5,0.0025,2.5
166,can,can,1,2,0.0025,2.5
167,can,can,1,3,0.0025,2.5
168,bottle,bottle,1,4,0.0025,2.5
169,bottle,bottle,1,1,0.0025,2.5
170,bottle,bottle,1,4,0.0025,2.5
171,box,box,1,4,0.0025,2.5
172,can,can,1,2,0.0025,2.5
173,can,can,1,2,0.0025,2.5
174,box,box,1,1,0.0025,2.5
175,can,can,1,4,0.0025,2.5
176,can,can,1,3,0.0025,2.5
177,box,box,1,4,0.0025,2.5
178,can,can,1,4,0.0025,2.5
179,box,box,1,4,0.0025,2.5
180,box,box,1,1,0.0025,2.5
181,box,box,1,3,0.0025,2.5
182,can,can,1,4,0.0025,2.5
183,bottle,bottle,1,1,0.0025,2.5
184,box,box,1,5,0.0025,2.5
185,box,box,1,5,0.0025,2.5
186,box,box,1,4,0.0025,2.5
187,can,can,1,1,0.0025,2.5
188,can,can,1,2,0.0025,2.5
189,box,box,1,5,0.0025,2.5
190,box,box,1,5,0.0025,2.5
191,mug,mug,1,3,0.0025,2.5
192,can,can,1,3,0.0025,2.5
193,mug,mug,1,5,0.0025,2.5
194,box,box,1,1,0.0025,2.5
195,can,can,1,4,0.0025,2.5
196,box,box,1,3,0.0025,2.5
197,box,box,1,3,0.0025,2.5
198,can,can,1,2,0.0025,2.5
199,can,can,1,3,0.0025,2.5
200,can,can,1,2,0.0025,2.5
201,box,box,1,5,0.0025,2.5
202,box,box,1,1,0.0025,2.5
203,box,box,1,3,0.0025,2.5
204,box,box,1,2,0.0025,2.5
205,box,box,1,3,0.0025,2.5
206,box,box,1,3,0.0025,2.5
207,can,can,1,1,0.0025,2.5
208,box,box,1,3,0.0025,2.5
209,can,can,1,1,0.0025,2.5
210,box,box,1,3,0.0025,2.5
211,can,can,1,2,0.0025,2.5
212,box,box,1,5,0.0025,2.5
213,bottle,bottle,1,2,0.0025,2.5
214,bottle,bottle,1,3,0.0025,2.5
215,can,can,1,4,0.0025,2.5
216,box,box,1,1,0.0025,2.5
217,box,box,1,4,0.0025,2.5
218,can,can,1,5,0.0025,2.5
219,mug,mug,1,5,0.0025,2.5
220,box,box,1,1,0.0025,2.5
221,bottle,can,0,4,0.0025,2.5
222,bowl,bowl,1,2,0.0025,2.5
223,mug,mug,1,4,0.0025,2.5
224,box,box,1,4,0.0025,2.5
225,box,box,1,4,0.0025,2.5
226,bottle,bottle,1,2,0.0025,2.5
227,mug,mug,1,1,0.0025,2.5
228,box,box,1,5,0.0025,2.5
229,can,can,1,2,0.0025,2.5
230,box,box,1,2,0.0025,2.5
231,box,box,1,2,0.0025,2.5
232,can,can,1,3,0.0025,2.5
233,box,box,1,1,0.0025,2.5
234,box,box,1,4,0.0025,2.5
235,bottle,bottle,1,2,0.0025,2.5
236,bowl,bowl,1,1,0.0025,2.5
237,mug,mug,1,4,0.0025,2.5
238,can,can,1,1,0.0025,2.5
239,can,can,1,2,0.0025,2.5
240,box,box,1,3,0.0025,2.5
241,mug,mug,1,5,0.0025,2.5
242,box,box,1,5,0.0025,2.5
243,can,can,1,2,0.0025,2.5
244,box,box,1,1,0.0025,2.5
245,bottle,bottle,1,4,0.0025,2.5
246,mug,mug,1,4,0.0025,2.5
247,box,box,1,1,0.0025,2.5
248,box,box,1,1,0.0025,2.5
249,bottle,bottle,1,2,0.0025,2.5
250,can,can,1,2,0.0025,2.5
251,can,can,1,4,0.0025,2.5
252,can,can,1,1,0.0025,2.5
253,bottle,bottle,1,4,0.0025,2.5
254,bottle,bottle,1,3,0.0025,2.5
255,box,box,1,2,0.0025,2.5
256,can,can,1,4,0.0025,2.5
257,bottle,bottle,1,1,0.0025,2.5
258,mug,mug,1,4,0.0025,2.5
259,can,can,1,4,0.0025,2.5
260,box,box,1,1,0.0025,2.5
261,can,can,1,4,0.0025,2.5
262,box,box,1,1,0.0025,2.5
263,box,box,1,1,0.0025,2.5
264,can,can,1,4,0.0025,2.5
265,box,box,1,5,0.0025,2.5
266,box,box,1,2,0.0025,2.5
267,box,box,1,3,0.0025,2.5
268,box,box,1,5,0.0025,2.5
269,box,box,1,2,0.0025,2.5
270,box,box,1,1,0.0025,2.5
271,box,box,1,3,0.0025,2.5
272,bowl,box,0,2,0.0025,2.5
273,mug,bowl,0,5,0.0025,2.5
274,can,can,1,5,0.0025,2.5
275,box,box,1,5,0.0025,2.5
276,box,box,1,3,0.0025,2.5
277,can,can,1,5,0.0025,2.5
278,box,box,1,2,0.0025,2.5
279,box,box,1,4,0.0025,2.5
280,bottle,box,0,4,0.0025,2.5
281,bowl,bowl,1,2,0.0025,2.5
282,mug,mug,1,3,0.0025,2.5
283,box,box,1,3,0.0025,2.5
284,can,can,1,5,0.0025,2.5
285,box,box,1,4,0.0025,2.5
286,can,can,1,3,0.0025,2.5
287,bottle,bottle,1,5,0.0025,2.5
288,bottle,bottle,1,5,0.0025,2.5
289,bowl,bowl,1,2,0.0025,2.5
290,mug,mug,1,4,0.0025,2.5
291,can,can,1,2,0.0025,2.5
292,box,box,1,5,0.0025,2.5
293,bottle,bottle,1,3,0.0025,2.5
294,bottle,bottle,1,4,0.0025,2.5
295,box,box,1,1,0.0025,2.5
296,bottle,box,0,3,0.0025,2.5
297,mug,mug,1,4,0.0025,2.5
298,box,box,1,2,0.0025,2.5
299,box,box,1,1,0.0025,2.5
300,can,can,1,5,0.0025,2.5
301,box,box,1,1,0.0025,2.5
302,bottle,bottle,1,3,0.0025,2.5
303,mug,mug,1,1,0.0025,2.5
304,bottle,bottle,1,3,0.0025,2.5
305,bowl,bowl,1,3,0.0025,2.5
306,mug,mug,1,2,0.0025,2.5
307,box,box,1,5,0.0025,2.5
308,box,box,1,4,0.0025,2.5
309,can,can,1,4,0.0025,2.5
310,bottle,bottle,1,4,0.0025,2.5
311,bottle,bottle,1,1,0.0025,2.5
312,bowl,bowl,1,1,0.0025,2.5
313,mug,mug,1,3,0.0025,2.5
314,can,can,1,2,0.0025,2.5
315,mug,mug,1,2,0.0025,2.5
316,box,box,1,1,0.0025,2.5
317,box,box,1,5,0.0025,2.5
318,can,can,1,3,0.0025,2.5
319,bottle,bottle,1,1,0.0025,2.5
320,can,can,1,1,0.0025,2.5
321,bottle,bottle,1,2,0.0025,2.5
322,box,box,1,1,0.0025,2.5
323,box,box,1,2,0.0025,2.5
324,can,can,1,1,0.0025,2.5
325,box,box,1,5,0.0025,2.5
326,box,box,1,4,0.0025,2.5
327,bottle,bottle,1,2,0.0025,2.5
328,bottle,bottle,1,1,0.0025,2.5
329,can,can,1,1,0.0025,2.5
330,box,box,1,1,0.0025,2.5
331,box,box,1,2,0.0025,2.5
332,can,can,1,3,0.0025,2.5
333,box,box,1,5,0.0025,2.5
334,can,can,1,4,0.0025,2.5
335,box,box,1,1,0.0025,2.5
336,box,box,1,1,0.0025,2.5
337,box,box,1,5,0.0025,2.5
338,can,can,1,4,0.0025,2.5
339,box,box,1,2,0.0025,2.5
340,box,box,1,5,0.0025,2.5
341,can,can,1,2,0.0025,2.5
342,box,box,1,5,0.0025,2.5
343,can,can,1,2,0.0025,2.5
344,box,box,1,2,0.0025,2.5
345,bottle,bottle,1,1,0.0025,2.5
346,can,can,1,2,0.0025,2.5
347,can,can,1,3,0.0025,2.5
348,box,box,1,2,0.0025,2.5
349,can,can,1,5,0.0025,2.5
350,box,box,1,2,0.0025,2.5
351,can,can,1,1,0.0025,2.5
352,box,box,1,3,0.0025,2.5
353,can,can,1,3,0.0025,2.5
354,box,box,1,3,0.0025,2.5
355,box,box,1,4,0.0025,2.5
356,can,can,1,2,0.0025,2.5
357,box,box,1,4,0.0025,2.5
358,box,box,1,2,0.0025,2.5
359,bottle,bottle,1,1,0.0025,2.5
360,can,can,1,1,0.0025,2.5
361,box,box,1,5,0.0025,2.5
362,can,can,1,1,0.0025,2.5
363,box,box,1,3,0.0025,2.5
364,bottle,bottle,1,4,0.0025,2.5
365,box,box,1,5,0.0025,2.5
366,can,can,1,2,0.0025,2.5
367,can,can,1,1,0.0025,2.5
368,box,box,1,2,0.0025,2.5
369,bottle,bottle,1,3,0.0025,2.5
370,bowl,bowl,1,2,0.0025,2.5
371,box,box,1,5,0.0025,2.5
372,can,can,1,5,0.0025,2.5
373,bottle,bottle,1,2,0.0025,2.5
374,can,can,1,2,0.0025,2.5
375,box,box,1,1,0.0025,2.5
376,box,box,1,4,0.0025,2.5
377,can,can,1,4,0.0025,2.5
378,box,box,1,2,0.0025,2.5
379,box,box,1,4,0.0025,2.5
380,can,can,1,1,0.0025,2.5
381,mug,box,0,2,0.0025,2.5
382,can,can,1,4,0.0025,2.5
383,can,can,1,3,0.0025,2.5
384,can,can,1,5,0.0025,2.5
385,bottle,bottle,1,5,0.0025,2.5
386,can,can,1,2,0.0025,2.5
387,mug,mug,1,5,0.0025,2.5
388,box,box,1,4,0.0025,2.5
389,box,box,1,3,0.0025,2.5
390,can,can,1,2,0.0025,2.5
391,mug,mug,1,5,0.0025,2.5
392,can,can,1,4,0.0025,2.5
393,mug,box,0,2,0.0025,2.5
394,box,box,1,2,0.0025,2.5
395,can,can,1,5,0.0025,2.5
396,can,can,1,1,0.0025,2.5
397,can,can,1,5,0.0025,2.5
398,box,box,1,4,0.0025,2.5
399,box,box,1,2,0.0025,2.5
400,box,box,1,4,0.0025,2.5
401,can,can,1,5,0.0025,2.5
402,can,can,1,3,0.0025,2.5
403,bottle,bottle,1,5,0.0025,2.5
404,can,can,1,5,0.0025,2.5
405,mug,mug,1,1,0.0025,2.5
406,can,can,1,2,0.0025,2.5
407,box,box,1,2,0.0025,2.5
408,box,box,1,3,0.0025,2.5
409,can,can,1,3,0.0025,2.5
410,box,box,1,4,0.0025,2.5
411,can,can,1,5,0.0025,2.5
412,box,box,1,1,0.0025,2.5
413,can,can,1,1,0.0025,2.5
414,box,box,1,3,0.0025,2.5
415,box,box,1,2,0.0025,2.5
416,bottle,bottle,1,2,0.0025,2.5
417,bowl,bowl,1,5,0.0025,2.5
418,mug,mug,1,3,0.0025,2.5
419,box,box,1,3,0.0025,2.5
420,can,can,1,1,0.0025,2.5
421,box,box,1,3,0.0025,2.5
422,box,box,1,1,0.0025,2.5
423,can,can,1,5,0.0025,2.5
424,box,box,1,3,0.0025,2.5
425,can,can,1,1,0.0025,2.5
426,box,box,1,5,0.0025,2.5
427,box,box,1,3,0.0025,2.5
428,can,can,1,1,0.0025,2.5
429,bottle,bottle,1,2,0.0025,2.5
430,bottle,bottle,1,2,0.0025,2.5
431,box,box,1,2,0.0025,2.5
432,mug,mug,1,2,0.0025,2.5
433,box,box,1,3,0.0025,2.5
434,can,can,1,4,0.0025,2.5
435,box,box,1,3,0.0025,2.5
436,box,box,1,3,0.0025,2.5
437,box,box,1,4,0.0025,2.5
438,mug,mug,1,3,0.0025,2.5
439,can,can,1,3,0.0025,2.5
440,box,box,1,5,0.0025,2.5
441,box,box,1,3,0.0025,2.5
442,box,box,1,3,0.0025,2.5
443,can,can,1,5,0.0025,2.5
444,can,can,1,5,0.0025,2.5
445,can,can,1,1,0.0025,2.5
446,box,box,1,4,0.0025,2.5
447,mug,mug,1,2,0.0025,2.5
448,box,box,1,5,0.0025,2.5
449,can,can,1,3,0.0025,2.5
450,box,box,1,1,0.0025,2.5
451,can,can,1,2,0.0025,2.5
452,bottle,bottle,1,3,0.0025,2.5
453,bottle,bottle,1,5,0.0025,2.5
454,can,can,1,5,0.0025,2.5
455,can,can,1,4,0.0025,2.5
456,can,can,1,5,0.0025,2.5
457,can,can,1,4,0.0025,2.5
458,bottle,bottle,1,3,0.0025,2.5
459,can,can,1,1,0.0025,2.5
460,box,box,1,3,0.0025,2.5
461,box,box,1,2,0.0025,2.5
462,can,can,1,4,0.0025,2.5
463,bottle,bottle,1,5,0.0025,2.5
464,can,can,1,1,0.0025,2.5
465,box,box,1,4,0.0025,2.5
466,can,can,1,4,0.0025,2.5
467,bottle,bottle,1,5,0.0025,2.5
468,mug,mug,1,4,0.0025,2.5
469,box,box,1,4,0.0025,2.5
470,can,can,1,3,0.0025,2.5
471,box,box,1,5,0.0025,2.5
472,bottle,bottle,1,3,0.0025,2.5
473,mug,mug,1,3,0.0025,2.5
474,can,can,1,3,0.0025,2.5
475,box,box,1,3,0.0025,2.5
476,can,can,1,1,0.0025,2.5
477,bottle,bottle,1,4,0.0025,2.5
478,bottle,box,0,4,0.0025,2.5
479,box,box,1,1,0.0025,2.5
480,can,can,1,1,0.0025,2.5
481,box,box,1,2,0.0025,2.5
482,box,box,1,4,0.0025,2.5
483,box,box,1,5,0.0025,2.5
484,can,can,1,5,0.0025,2.5
485,box,box,1,1,0.0025,2.5
486,box,box,1,4,0.0025,2.5
487,can,can,1,5,0.0025,2.5
488,bowl,bowl,1,2,0.0025,2.5
489,mug,mug,1,2,0.0025,2.5
490,box,box,1,4,0.0025,2.5
491,box,box,1,2,0.0025,2.5
492,can,can,1,1,0.0025,2.5
493,box,box,1,2,0.0025,2.5
494,can,can,1,5,0.0025,2.5
495,bottle,bottle,1,1,0.0025,2.5
496,bottle,bottle,1,2,0.0025,2.5
497,bottle,bottle,1,2,0.0025,2.5
498,bowl,bowl,1,3,0.0025,2.5
499,mug,mug,1,4,0.0025,2.5
500,can,can,1,5,0.0025,2.5
501,mug,mug,1,4,0.0025,2.5
502,can,can,1,2,0.0025,2.5
503,box,box,1,2,0.0025,2.5
504,can,can,1,2,0.0025,2.5
505,box,box,1,2,0.0025,2.5
506,box,box,1,1,0.0025,2.5
507,box,box,1,5,0.0025,2.5
508,can,can,1,3,0.0025,2.5
509,box,box,1,2,0.0025,2.5
510,can,can,1,5,0.0025,2.5
511,box,box,1,1,0.0025,2.5
512,box,box,1,1,0.0025,2.5
513,box,box,1,4,0.0025,2.5
514,can,can,1,5,0.0025,2.5
515,can,can,1,5,0.0025,2.5
516,can,can,1,5,0.0025,2.5
517,box,box,1,2,0.0025,2.5
518,box,box,1,5,0.0025,2.5
519,can,can,1,5,0.0025,2.5
520,box,box,1,3,0.0025,2.5
521,can,can,1,3,0.0025,2.5
522,can,can,1,2,0.0025,2.5
523,bottle,bottle,1,2,0.0025,2.5
524,bottle,bottle,1,4,0.0025,2.5
525,bowl,bowl,1,3,0.0025,2.5
526,mug,mug,1,4,0.0025,2.5
527,can,can,1,2,0.0025,2.5
528,box,box,1,3,0.0025,2.5
529,bottle,bottle,1,5,0.0025,2.5
530,mug,mug,1,5,0.0025,2.5
531,can,can,1,5,0.0025,2.5
532,can,can,1,3,0.0025,2.5
533,box,box,1,5,0.0025,2.5
534,box,box,1,3,0.0025,2.5
535,box,box,1,3,0.0025,2.5
536,box,box,1,3,0.0025,2.5
537,box,box,1,1,0.0025,2.5
538,can,can,1,1,0.0025,2.5
539,can,can,1,3,0.0025,2.5
540,bottle,bottle,1,4,0.0025,2.5
541,bottle,bottle,1,3,0.0025,2.5
542,mug,mug,1,3,0.0025,2.5
543,can,can,1,2,0.0025,2.5
544,box,box,1,2,0.0025,2.5
545,box,box,1,2,0.0025,2.5
546,box,box,1,3,0.0025,2.5
547,can,can,1,2,0.0025,2.5
548,box,box,1,2,0.0025,2.5
549,can,can,1,2,0.0025,2.5
550,bottle,bottle,1,1,0.0025,2.5
551,mug,mug,1,4,0.0025,2.5
552,can,can,1,1,0.0025,2.5
553,can,can,1,3,0.0025,2.5
554,bottle,bottle,1,3,0.0025,2.5
555,can,can,1,5,0.0025,2.5
556,bottle,bottle,1,5,0.0025,2.5
557,box,box,1,1,0.0025,2.5
558,bottle,bottle,1,1,0.0025,2.5
559,bowl,bowl,1,4,0.0025,2.5
560,mug,mug,1,1,0.0025,2.5
561,box,box,1,1,0.0025,2.5
562,box,box,1,5,0.0025,2.5
563,box,box,1,1,0.0025,2.5
564,can,can,1,2,0.0025,2.5
565,can,can,1,1,0.0025,2.5
566,bottle,bottle,1,4,0.0025,2.5
567,box,box,1,3,0.0025,2.5
568,can,can,1,3,0.0025,2.5
569,box,box,1,2,0.0025,2.5
570,box,box,1,4,0.0025,2.5
571,can,can,1,1,0.0025,2.5
572,can,can,1,5,0.0025,2.5
573,box,box,1,2,0.0025,2.5
574,box,box,1,2,0.0025,2.5
575,bottle,bottle,1,1,0.0025,2.5
576,bowl,bowl,1,1,0.0025,2.5
577,mug,mug,1,2,0.0025,2.5
578,can,can,1,4,0.0025,2.5
579,box,box,1,3,0.0025,2.5
580,box,box,1,4,0.0025,2.5
581,bottle,bottle,1,2,0.0025,2.5
582,mug,mug,1,2,0.0025,2.5
583,bottle,bottle,1,1,0.0025,2.5
584,can,can,1,3,0.0025,2.5
585,box,box,1,4,0.0025,2.5
586,box,box,1,4,0.0025,2.5
587,box,box,1,2,0.0025,2.5
588,can,can,1,3,0.0025,2.5
589,box,box,1,5,0.0025,2.5
590,can,can,1,2,0.0025,2.5
591,box,box,1,1,0.0025,2.5
592,box,box,1,1,0.0025,2.5
593,bottle,bottle,1,2,0.0025,2.5
594,mug,mug,1,5,0.0025,2.5
595,can,can,1,5,0.0025,2.5
596,bottle,bottle,1,2,0.0025,2.5
597,can,can,1,3,0.0025,2.5
598,box,box,1,1,0.0025,2.5
599,box,box,1,2,0.0025,2.5
600,box,box,1,2,0.0025,2.5
601,box,box,1,2,0.0025,2.5
602,bottle,bottle,1,3,0.0025,2.5
603,can,can,1,5,0.0025,2.5
604,can,can,1,2,0.0025,2.5
605,box,box,1,3,0.0025,2.5
606,box,box,1,3,0.0025,2.5
607,can,can,1,4,0.0025,2.5
608,bottle,bottle,1,4,0.0025,2.5
609,box,box,1,4,0.0025,2.5
610,can,can,1,3,0.0025,2.5
611,bottle,bottle,1,3,0.0025,2.5
612,bowl,bowl,1,3,0.0025,2.5
613,mug,mug,1,1,0.0025,2.5
614,mug,mug,1,3,0.0025,2.5
615,box,box,1,4,0.0025,2.5
616,can,can,1,2,0.0025,2.5
617,box,box,1,4,0.0025,2.5
618,bottle,bottle,1,1,0.0025,2.5
619,can,can,1,3,0.0025,2.5
620,can,can,1,4,0.0025,2.5
621,bottle,bottle,1,2,0.0025,2.5
622,bottle,bottle,1,1,0.0025,2.5
623,bowl,bowl,1,3,0.0025,2.5
624,mug,mug,1,5,0.0025,2.5
625,bottle,bottle,1,1,0.0025,2.5
626,mug,mug,1,1,0.0025,2.5
627,box,box,1,4,0.0025,2.5
628,can,can,1,3,0.0025,2.5
629,box,box,1,4,0.0025,2.5
630,can,can,1,1,0.0025,2.5
631,bottle,bottle,1,1,0.0025,2.5
632,bottle,box,0,1,0.0025,2.5
633,can,can,1,5,0.0025,2.5
634,bottle,bottle,1,4,0.0025,2.5
635,box,box,1,5,0.0025,2.5
636,can,can,1,2,0.0025,2.5
637,can,can,1,1,0.0025,2.5
638,box,box,1,2,0.0025,2.5
639,box,box,1,4,0.0025,2.5
640,box,box,1,3,0.0025,2.5
641,box,box,1,5,0.0025,2.5
642,box,box,1,3,0.0025,2.5
643,can,can,1,1,0.0025,2.5
644,box,box,1,2,0.0025,2.5
645,box,box,1,5,0.0025,2.5
646,can,can,1,4,0.0025,2.5
647,can,can,1,2,0.0025,2.5
648,can,can,1,5,0.0025,2.5
649,can,can,1,4,0.0025,2.5
650,box,box,1,3,0.0025,2.5
651,can,can,1,2,0.0025,2.5
652,bottle,bottle,1,2,0.0025,2.5
653,box,box,1,5,0.0025,2.5
654,can,can,1,2,0.0025,2.5
655,can,can,1,3,0.0025,2.5
656,can,can,1,3,0.0025,2.5
657,box,box,1,5,0.0025,2.5
658,box,box,1,5,0.0025,2.5
659,box,box,1,4,0.0025,2.5
660,box,box,1,4,0.0025,2.5
661,box,box,1,4,0.0025,2.5
662,box,box,1,4,0.0025,2.5
663,bottle,box,0,4,0.0025,2.5
664,bowl,bowl,1,4,0.0025,2.5
665,can,can,1,1,0.0025,2.5
666,box,box,1,2,0.0025,2.5
667,box,box,1,2,0.0025,2.5
668,box,box,1,4,0.0025,2.5
669,box,box,1,4,0.0025,2.5
670,box,box,1,4,0.0025,2.5
671,box,box,1,5,0.0025,2.5
672,can,can,1,1,0.0025,2.5
673,box,box,1,4,0.0025,2.5
674,can,can,1,3,0.0025,2.5
675,can,can,1,4,0.0025,2.5
676,box,box,1,3,0.0025,2.5
677,box,box,1,4,0.0025,2.5
678,box,box,1,2,0.0025,2.5
679,can,can,1,1,0.0025,2.5
680,mug,box,0,2,0.0025,2.5
681,box,box,1,2,0.0025,2.5
682,can,can,1,5,0.0025,2.5
683,box,box,1,3,0.0025,2.5
684,can,can,1,2,0.0025,2.5
685,box,box,1,3,0.0025,2.5
686,box,box,1,3,0.0025,2.5
687,bowl,bowl,1,5,0.0025,2.5
688,mug,mug,1,4,0.0025,2.5
689,box,box,1,2,0.0025,2.5
690,can,can,1,3,0.0025,2.5
691,box,box,1,2,0.0025,2.5
692,box,box,1,4,0.0025,2.5
693,can,can,1,5,0.0025,2.5
694,box,can,0,3,0.0025,2.5
695,box,box,1,5,0.0025,2.5
696,can,can,1,2,0.0025,2.5
697,box,box,1,4,0.0025,2.5
698,bottle,bottle,1,4,0.0025,2.5
699,bottle,bottle,1,1,0.0025,2.5
700,can,can,1,3,0.0025,2.5
701,bowl,bowl,1,2,0.0025,2.5
702,mug,mug,1,5,0.0025,2.5
703,can,can,1,1,0.0025,2.5
704,box,box,1,2,0.0025,2.5
705,can,can,1,4,0.0025,2.5
706,box,box,1,4,0.0025,2.5
707,can,can,1,3,0.0025,2.5
708,can,can,1,5,0.0025,2.5
709,box,box,1,5,0.0025,2.5
710,box,box,1,2,0.0025,2.5
711,can,can,1,2,0.0025,2.5
712,box,box,1,4,0.0025,2.5
713,box,box,1,4,0.0025,2.5
714,box,box,1,2,0.0025,2.5
715,bowl,can,0,1,0.0025,2.5
716,mug,mug,1,3,0.0025,2.5
717,box,box,1,4,0.0025,2.5
718,bottle,bottle,1,3,0.0025,2.5
719,mug,mug,1,1,0.0025,2.5
720,can,can,1,1,0.0025,2.5
721,box,box,1,1,0.0025,2.5
722,box,box,1,5,0.0025,2.5
723,bottle,bottle,1,5,0.0025,2.5
724,box,box,1,1,0.0025,2.5
725,can,can,1,4,0.0025,2.5
726,box,box,1,3,0.0025,2.5
727,bottle,bottle,1,3,0.0025,2.5
728,bowl,bowl,1,4,0.0025,2.5
729,mug,mug,1,5,0.0025,2.5
730,can,can,1,3,0.0025,2.5
731,can,can,1,5,0.0025,2.5
732,bottle,bottle,1,1,0.0025,2.5
733,can,can,1,4,0.0025,2.5
734,box,box,1,1,0.0025,2.5
735,box,box,1,3,0.0025,2.5
736,box,box,1,2,0.0025,2.5
737,box,box,1,2,0.0025,2.5
738,box,box,1,1,0.0025,2.5
739,box,box,1,1,0.0025,2.5
740,can,can,1,4,0.0025,2.5
741,box,box,1,1,0.0025,2.5
742,box,box,1,2,0.0025,2.5
743,can,can,1,5,0.0025,2.5
744,bowl,box,0,1,0.0025,2.5
745,mug,mug,1,5,0.0025,2.5
746,box,box,1,2,0.0025,2.5
747,box,box,1,5,0.0025,2.5
748,can,can,1,5,0.0025,2.5
749,bottle,bottle,1,5,0.0025,2.5
750,bottle,bottle,1,1,0.0025,2.5
751,can,can,1,2,0.0025,2.5
752,bottle,bottle,1,5,0.0025,2.5
753,box,box,1,4,0.0025,2.5
754,can,can,1,2,0.0025,2.5
755,box,box,1,3,0.0025,2.5
756,box,bottle,0,2,0.0025,2.5
757,can,can,1,4,0.0025,2.5
758,box,box,1,1,0.0025,2.5
759,box,box,1,3,0.0025,2.5
760,can,can,1,2,0.0025,2.5
761,box,box,1,4,0.0025,2.5
762,can,can,1,3,0.0025,2.5
763,box,box,1,4,0.0025,2.5
764,can,can,1,3,0.0025,2.5
765,bowl,bowl,1,4,0.0025,2.5
766,mug,mug,1,4,0.0025,2.5
767,box,box,1,2,0.0025,2.5
768,can,can,1,1,0.0025,2.5
769,can,bottle,0,3,0.0025,2.5
770,bottle,bottle,1,5,0.0025,2.5
771,can,can,1,2,0.0025,2.5
772,box,box,1,1,0.0025,2.5
773,box,box,1,4,0.0025,2.5
774,can,can,1,5,0.0025,2.5
775,box,box,1,3,0.0025,2.5
776,box,box,1,3,0.0025,2.5
777,box,box,1,3,0.0025,2.5
778,box,box,1,5,0.0025,2.5
779,can,can,1,1,0.0025,2.5
780,box,box,1,1,0.0025,2.5
781,box,box,1,3,0.0025,2.5
782,box,box,1,5,0.0025,2.5
783,box,box,1,2,0.0025,2.5
784,can,can,1,4,0.0025,2.5
785,box,box,1,3,0.0025,2.5
786,box,box,1,5,0.0025,2.5
787,box,box,1,3,0.0025,2.5
788,bottle,bottle,1,5,0.0025,2.5
789,mug,mug,1,5,0.0025,2.5
790,can,can,1,4,0.0025,2.5
791,can,can,1,1,0.0025,2.5
792,bottle,bottle,1,3,0.0025,2.5
793,box,box,1,2,0.0025,2.5
794,box,bottle,0,2,0.0025,2.5
795,can,can,1,1,0.0025,2.5
796,box,box,1,4,0.0025,2.5
797,can,can,1,5,0.0025,2.5
798,box,box,1,3,0.0025,2.5
799,box,box,1,1,0.0025,2.5
800,can,can,1,5,0.0025,2.5
801,bottle,bottle,1,2,0.0025,2.5
802,can,can,1,3,0.0025,2.5
803,can,can,1,1,0.0025,2.5
804,mug,mug,1,3,0.0025,2.5
805,box,box,1,1,0.0025,2.5
806,box,box,1,1,0.0025,2.5
807,can,can,1,5,0.0025,2.5
808,box,box,1,3,0.0025,2.5
809,box,box,1,4,0.0025,2.5
810,can,can,1,3,0.0025,2.5
811,can,can,1,2,0.0025,2.5
812,box,box,1,3,0.0025,2.5
813,box,box,1,5,0.0025,2.5
814,box,box,1,1,0.0025,2.5
815,can,can,1,4,0.0025,2.5
816,box,box,1,5,0.0025,2.5
817,bottle,can,0,4,0.0025,2.5
818,mug,mug,1,2,0.0025,2.5
819,box,box,1,3,0.0025,2.5
820,can,can,1,5,0.0025,2.5
821,box,box,1,3,0.0025,2.5
822,box,box,1,4,0.0025,2.5
823,can,can,1,5,0.0025,2.5
824,box,box,1,2,0.0025,2.5
825,can,can,1,1,0.0025,2.5
826,box,box,1,5,0.0025,2.5
827,box,box,1,2,0.0025,2.5
828,bowl,bowl,1,1,0.0025,2.5
829,mug,mug,1,2,0.0025,2.5
830,bottle,bottle,1,1,0.0025,2.5
831,bottle,bottle,1,5,0.0025,2.5
832,box,box,1,1,0.0025,2.5
833,can,can,1,3,0.0025,2.5
834,can,can,1,4,0.0025,2.5
835,bottle,bottle,1,2,0.0025,2.5
836,box,box,1,2,0.0025,2.5
837,bottle,bowl,0,5,0.0025,2.5
838,bowl,can,0,2,0.0025,2.5
839,mug,mug,1,2,0.0025,2.5
840,box,box,1,2,0.0025,2.5
841,bowl,bowl,1,1,0.0025,2.5
842,can,can,1,2,0.0025,2.5
843,box,box,1,5,0.0025,2.5
844,box,box,1,1,0.0025,2.5
845,can,can,1,1,0.0025,2.5
846,can,can,1,4,0.0025,2.5
847,bottle,bottle,1,3,0.0025,2.5
848,can,can,1,5,0.0025,2.5
849,bottle,bottle,1,5,0.0025,2.5
850,bowl,bowl,1,3,0.0025,2.5
851,mug,mug,1,5,0.0025,2.5
852,box,box,1,4,0.0025,2.5
853,can,can,1,1,0.0025,2.5
854,box,box,1,5,0.0025,2.5
855,box,box,1,1,0.0025,2.5
856,box,box,1,4,0.0025,2.5
857,box,box,1,1,0.0025,2.5
858,can,can,1,3,0.0025,2.5
859,bottle,bottle,1,2,0.0025,2.5
860,can,can,1,5,0.0025,2.5
861,bottle,bottle,1,3,0.0025,2.5
862,bottle,bottle,1,4,0.0025,2.5
863,box,box,1,2,0.0025,2.5
864,can,can,1,1,0.0025,2.5
865,box,box,1,1,0.0025,2.5
866,box,box,1,5,0.0025,2.5
867,can,can,1,4,0.0025,2.5
868,box,box,1,5,0.0025,2.5
869,can,can,1,3,0.0025,2.5
870,box,box,1,3,0.0025,2.5
871,box,box,1,3,0.0025,2.5
872,can,can,1,3,0.0025,2.5
873,bottle,bottle,1,4,0.0025,2.5
874,can,box,0,5,0.0025,2.5
875,bottle,bottle,1,2,0.0025,2.5
876,box,box,1,5,0.0025,2.5
877,can,can,1,5,0.0025,2.5
878,bottle,bottle,1,4,0.0025,2.5
879,bowl,bowl,1,1,0.0025,2.5
880,mug,mug,1,2,0.0025,2.5
881,can,can,1,1,0.0025,2.5
882,bottle,bottle,1,3,0.0025,2.5
883,bowl,bowl,1,5,0.0025,2.5
884,mug,mug,1,1,0.0025,2.5
885,can,can,1,2,0.0025,2.5
886,bottle,bottle,1,5,0.0025,2.5
887,bottle,bottle,1,2,0.0025,2.5
888,box,box,1,5,0.0025,2.5
889,bottle,bottle,1,5,0.0025,2.5
890,bowl,bowl,1,4,0.0025,2.5
891,mug,mug,1,1,0.0025,2.5
892,bowl,bowl,1,5,0.0025,2.5
893,mug,mug,1,1,0.0025,2.5
894,can,can,1,3,0.0025,2.5
895,can,can,1,4,0.0025,2.5
896,box,box,1,4,0.0025,2.5
897,can,can,1,3,0.0025,2.5
898,box,box,1,3,0.0025,2.5
899,box,box,1,3,0.0025,2.5
900,box,box,1,3,0.0025,2.5
901,box,box,1,4,0.0025,2.5
902,box,box,1,5,0.0025,2.5
903,box,box,1,3,0.0025,2.5
904,can,can,1,3,0.0025,2.5
905,box,box,1,5,0.0025,2.5
906,box,box,1,5,0.0025,2.5
907,can,can,1,4,0.0025,2.5
908,mug,mug,1,4,0.0025,2.5
909,box,box,1,4,0.0025,2.5
910,can,can,1,4,0.0025,2.5
911,can,can,1,4,0.0025,2.5
912,can,can,1,2,0.0025,2.5
913,box,box,1,4,0.0025,2.5
914,box,box,1,3,0.0025,2.5
915,box,box,1,3,0.0025,2.5
916,can,can,1,2,0.0025,2.5
917,box,box,1,2,0.0025,2.5
918,can,can,1,3,0.0025,2.5
919,can,can,1,2,0.0025,2.5
920,box,box,1,1,0.0025,2.5
921,box,box,1,3,0.0025,2.5
922,box,box,1,3,0.0025,2.5
923,box,box,1,4,0.0025,2.5
924,can,can,1,2,0.0025,2.5
925,bottle,bottle,1,1,0.0025,2.5
926,box,box,1,3,0.0025,2.5
927,bottle,bottle,1,3,0.0025,2.5
928,mug,mug,1,4,0.0025,2.5
929,box,box,1,2,0.0025,2.5
930,box,box,1,1,0.0025,2.5
931,bowl,bowl,1,5,0.0025,2.5
932,mug,mug,1,5,0.0025,2.5
933,box,box,1,5,0.0025,2.5
934,can,can,1,5,0.0025,2.5
935,can,can,1,2,0.0025,2.5
936,box,box,1,1,0.0025,2.5
937,can,can,1,4,0.0025,2.5
938,can,can,1,2,0.0025,2.5
939,box,box,1,5,0.0025,2.5
940,box,box,1,5,0.0025,2.5
941,can,can,1,4,0.0025,2.5
942,can,can,1,1,0.0025,2.5
943,can,can,1,4,0.0025,2.5
944,box,box,1,1,0.0025,2.5
945,bowl,bowl,1,5,0.0025,2.5
946,mug,mug,1,3,0.0025,2.5
947,bottle,bottle,1,1,0.0025,2.5
948,can,can,1,4,0.0025,2.5
949,bottle,bottle,1,2,0.0025,2.5
950,can,can,1,5,0.0025,2.5
951,box,box,1,1,0.0025,2.5
952,box,box,1,3,0.0025,2.5
953,can,can,1,2,0.0025,2.5
954,can,can,1,1,0.0025,2.5
955,box,box,1,1,0.0025,2.5
956,can,can,1,5,0.0025,2.5
957,box,box,1,3,0.0025,2.5
958,can,can,1,1,0.0025,2.5
959,can,can,1,1,0.0025,2.5
960,can,can,1,3,0.0025,2.5
961,can,can,1,1,0.0025,2.5
962,box,box,1,4,0.0025,2.5
963,box,box,1,1,0.0025,2.5
964,box,box,1,4,0.0025,2.5
965,can,bowl,0,4,0.0025,2.5
966,can,can,1,2,0.0025,2.5
967,bottle,bottle,1,3,0.0025,2.5
968,can,can,1,3,0.0025,2.5
969,box,box,1,5,0.0025,2.5
970,box,box,1,1,0.0025,2.5
971,box,box,1,4,0.0025,2.5
972,box,box,1,3,0.0025,2.5
973,box,box,1,3,0.0025,2.5
974,bottle,bottle,1,2,0.0025,2.5
975,bowl,bowl,1,4,0.0025,2.5
976,mug,mug,1,1,0.0025,2.5
977,box,box,1,1,0.0025,2.5
978,can,can,1,1,0.0025,2.5
979,can,can,1,3,0.0025,2.5
980,bottle,bottle,1,2,0.0025,2.5
981,can,can,1,3,0.0025,2.5
982,box,box,1,4,0.0025,2.5
983,can,can,1,3,0.0025,2.5
984,box,box,1,1,0.0025,2.5
985,box,box,1,5,0.0025,2.5
986,box,box,1,3,0.0025,2.5
987,can,can,1,3,0.0025,2.5
988,can,can,1,4,0.0025,2.5
989,can,can,1,4,0.0025,2.5
990,box,box,1,2,0.0025,2.5
991,can,can,1,4,0.0025,2.5
992,box,box,1,4,0.0025,2.5
993,bottle,bottle,1,4,0.0025,2.5
994,mug,mug,1,1,0.0025,2.5
995,box,box,1,5,0.0025,2.5
996,can,can,1,1,0.0025,2.5
997,can,can,1,1,0.0025,2.5
998,box,box,1,2,0.0025,2.5
999,box,box,1,4,0.0025,2.5
1000,box,box,1,5,0.0025,2.5
1001,box,box,1,4,0.0025,2.5
1002,can,can,1,5,0.0025,2.5
1003,box,box,1,3,0.0025,2.5
1004,box,box,1,1,0.0025,2.5
1005,bottle,bottle,1,1,0.0025,2.5
1006,can,can,1,4,0.0025,2.5
1007,box,box,1,4,0.0025,2.5
1008,can,can,1,2,0.0025,2.5
1009,box,box,1,1,0.0025,2.5
1010,box,box,1,2,0.0025,2.5
1011,box,box,1,2,0.0025,2.5
1012,box,box,1,5,0.0025,2.5
1013,box,box,1,2,0.0025,2.5
1014,can,can,1,3,0.0025,2.5
1015,box,box,1,2,0.0025,2.5
1016,box,box,1,1,0.0025,2.5
1017,bottle,bottle,1,5,0.0025,2.5
1018,can,can,1,5,0.0025,2.5
1019,box,box,1,1,0.0025,2.5
1020,can,can,1,4,0.0025,2.5
1021,box,box,1,4,0.0025,2.5
1022,box,box,1,3,0.0025,2.5
1023,can,can,1,3,0.0025,2.5
1024,bottle,bottle,1,1,0.0025,2.5
1025,bowl,bowl,1,3,0.0025,2.5
1026,mug,mug,1,3,0.0025,2.5
1027,box,box,1,3,0.0025,2.5
1028,can,can,1,5,0.0025,2.5
1029,can,can,1,5,0.0025,2.5
1030,box,box,1,1,0.0025,2.5
1031,bottle,bottle,1,3,0.0025,2.5
1032,box,box,1,4,0.0025,2.5
1033,box,box,1,2,0.0025,2.5
1034,can,can,1,5,0.0025,2.5
1035,box,box,1,3,0.0025,2.5
1036,box,box,1,5,0.0025,2.5
1037,bottle,box,0,1,0.0025,2.5
1038,bowl,bowl,1,5,0.0025,2.5
1039,mug,mug,1,5,0.0025,2.5
1040,bottle,bottle,1,5,0.0025,2.5
1041,mug,mug,1,2,0.0025,2.5
1042,box,box,1,3,0.0025,2.5
1043,can,can,1,4,0.0025,2.5
1044,box,box,1,5,0.0025,2.5
1045,box,box,1,4,0.0025,2.5
1046,can,can,1,1,0.0025,2.5
1047,can,can,1,4,0.0025,2.5
1048,bottle,bottle,1,4,0.0025,2.5
1049,bottle,bottle,1,1,0.0025,2.5
1050,can,can,1,1,0.0025,2.5
1051,mug,mug,1,1,0.0025,2.5
1052,can,can,1,4,0.0025,2.5
1053,bottle,bottle,1,1,0.0025,2.5
1054,can,can,1,4,0.0025,2.5
1055,box,box,1,5,0.0025,2.5
1056,can,can,1,5,0.0025,2.5
1057,box,box,1,4,0.0025,2.5
1058,box,box,1,3,0.0025,2.5
1059,box,box,1,4,0.0025,2.5
1060,can,can,1,2,0.0025,2.5
1061,box,box,1,2,0.0025,2.5
1062,can,can,1,1,0.0025,2.5
1063,box,box,1,2,0.0025,2.5
1064,can,can,1,5,0.0025,2.5
1065,box,box,1,2,0.0025,2.5
1066,box,box,1,4,0.0025,2.5
1067,bowl,bowl,1,4,0.0025,2.5
1068,mug,mug,1,1,0.0025,2.5
1069,box,box,1,2,0.0025,2.5
1070,box,box,1,4,0.0025,2.5
1071,box,box,1,1,0.0025,2.5
1072,can,can,1,4,0.0025,2.5
1073,box,box,1,5,0.0025,2.5
1074,can,can,1,3,0.0025,2.5
1075,box,box,1,4,0.0025,2.5
1076,mug,mug,1,3,0.0025,2.5
1077,box,box,1,3,0.0025,2.5
1078,can,can,1,4,0.0025,2.5
1079,box,box,1,2,0.0025,2.5
1080,can,can,1,2,0.0025,2.5
1081,mug,mug,1,1,0.0025,2.5
1082,can,can,1,1,0.0025,2.5
1083,bottle,bottle,1,2,0.0025,2.5
1084,can,can,1,1,0.0025,2.5
1085,box,box,1,5,0.0025,2.5
1086,mug,mug,1,2,0.0025,2.5
1087,can,can,1,4,0.0025,2.5
1088,box,box,1,1,0.0025,2.5
1089,bottle,bottle,1,5,0.0025,2.5
1090,mug,mug,1,1,0.0025,2.5
1091,box,box,1,2,0.0025,2.5
1092,box,box,1,1,0.0025,2.5
1093,can,can,1,5,0.0025,2.5
1094,bowl,bowl,1,4,0.0025,2.5
1095,mug,mug,1,5,0.0025,2.5
1096,bottle,bottle,1,3,0.0025,2.5
1097,bottle,bottle,1,4,0.0025,2.5
1098,box,box,1,2,0.0025,2.5
1099,box,box,1,3,0.0025,2.5
1100,box,box,1,4,0.0025,2.5
1101,box,box,1,5,0.0025,2.5
1102,bowl,bowl,1,4,0.0025,2.5
1103,mug,mug,1,1,0.0025,2.5
1104,bowl,bowl,1,2,0.0025,2.5
1105,mug,mug,1,3,0.0025,2.5
1106,box,box,1,2,0.0025,2.5
1107,bowl,bowl,1,5,0.0025,2.5
1108,mug,can,0,3,0.0025,2.5
0,box,box,1,4,0.003,3.0
1,box,box,1,5,0.003,3.0
2,box,box,1,1,0.003,3.0
3,box,box,1,1,0.003,3.0
4,can,can,1,3,0.003,3.0
5,box,box,1,4,0.003,3.0
6,can,can,1,5,0.003,3.0
7,box,box,1,1,0.003,3.0
8,box,box,1,1,0.003,3.0
9,box,box,1,5,0.003,3.0
10,can,can,1,3,0.003,3.0
11,box,box,1,2,0.003,3.0
12,bottle,bottle,1,1,0.003,3.0
13,mug,mug,1,3,0.003,3.0
14,can,can,1,4,0.003,3.0
15,box,box,1,1,0.003,3.0
16,can,mug,0,2,0.003,3.0
17,bottle,bottle,1,4,0.003,3.0
18,bottle,bottle,1,3,0.003,3.0
19,box,box,1,1,0.003,3.0
20,box,box,1,3,0.003,3.0
21,can,can,1,2,0.003,3.0
22,box,box,1,2,0.003,3.0
23,can,can,1,3,0.003,3.0
24,box,box,1,3,0.003,3.0
25,can,can,1,5,0.003,3.0
26,box,box,1,4,0.003,3.0
27,can,can,1,4,0.003,3.0
28,box,box,1,4,0.003,3.0
29,box,box,1,5,0.003,3.0
30,can,can,1,4,0.003,3.0
31,box,box,1,2,0.003,3.0
32,box,box,1,4,0.003,3.0
33,can,can,1,1,0.003,3.0
34,bottle,bottle,1,5,0.003,3.0
35,can,can,1,4,0.003,3.0
36,can,can,1,4,0.003,3.0
37,box,box,1,5,0.003,3.0
38,box,box,1,1,0.003,3.0
39,box,box,1,1,0.003,3.0
40,can,can,1,2,0.003,3.0
41,box,box,1,3,0.003,3.0
42,can,can,1,5,0.003,3.0
43,bottle,bottle,1,5,0.003,3.0
44,bottle,box,0,4,0.003,3.0
45,box,box,1,1,0.003,3.0
46,can,can,1,3,0.003,3.0
47,box,box,1,4,0.003,3.0
48,box,box,1,1,0.003,3.0
49,can,can,1,5,0.003,3.0
50,bottle,bottle,1,2,0.003,3.0
51,box,box,1,5,0.003,3.0
52,can,can,1,2,0.003,3.0
53,box,box,1,1,0.003,3.0
54,can,can,1,4,0.003,3.0
55,box,box,1,2,0.003,3.0
56,box,box,1,2,0.003,3.0
57,can,can,1,1,0.003,3.0
58,box,box,1,5,0.003,3.0
59,box,box,1,5,0.003,3.0
60,box,box,1,5,0.003,3.0
61,can,can,1,2,0.003,3.0
62,bottle,bottle,1,4,0.003,3.0
63,bottle,bottle,1,5,0.003,3.0
64,box,box,1,1,0.003,3.0
65,can,can,1,1,0.003,3.0
66,bottle,box,0,4,0.003,3.0
67,mug,mug,1,4,0.003,3.0
68,box,box,1,2,0.003,3.0
69,can,can,1,4,0.003,3.0
70,box,box,1,1,0.003,3.0
71,box,box,1,5,0.003,3.0
72,can,can,1,4,0.003,3.0
73,box,box,1,3,0.003,3.0
74,can,can,1,1,0.003,3.0
75,box,box,1,5,0.003,3.0
76,can,can,1,1,0.003,3.0
77,can,can,1,4,0.003,3.0
78,box,box,1,1,0.003,3.0
79,box,box,1,2,0.003,3.0
80,can,can,1,3,0.003,3.0
81,box,box,1,2,0.003,3.0
82,can,can,1,3,0.003,3.0
83,can,can,1,2,0.003,3.0
84,box,box,1,1,0.003,3.0
85,can,can,1,5,0.003,3.0
86,box,box,1,1,0.003,3.0
87,box,box,1,3,0.003,3.0
88,bottle,box,0,3,0.003,3.0
89,mug,can,0,4,0.003,3.0
90,box,box,1,5,0.003,3.0
91,can,can,1,5,0.003,3.0
92,box,box,1,4,0.003,3.0
93,can,can,1,3,0.003,3.0
94,box,box,1,5,0.003,3.0
95,can,can,1,5,0.003,3.0
96,box,box,1,4,0.003,3.0
97,bottle,bottle,1,5,0.003,3.0
98,bowl,bowl,1,1,0.003,3.0
99,mug,mug,1,2,0.003,3.0
100,box,box,1,1,0.003,3.0
101,can,can,1,2,0.003,3.0
102,box,box,1,1,0.003,3.0
103,can,can,1,1,0.003,3.0
104,box,box,1,5,0.003,3.0
105,can,can,1,3,0.003,3.0
106,can,can,1,2,0.003,3.0
107,can,can,1,1,0.003,3.0
108,box,box,1,5,0.003,3.0
109,can,can,1,5,0.003,3.0
110,box,box,1,5,0.003,3.0
111,box,box,1,1,0.003,3.0
112,can,can,1,1,0.003,3.0
113,box,box,1,2,0.003,3.0
114,box,box,1,5,0.003,3.0
115,box,box,1,3,0.003,3.0
116,box,box,1,4,0.003,3.0
117,can,can,1,3,0.003,3.0
118,box,box,1,5,0.003,3.0
119,bottle,bottle,1,2,0.003,3.0
120,can,can,1,4,0.003,3.0
121,bottle,bottle,1,3,0.003,3.0
122,mug,mug,1,2,0.003,3.0
123,box,box,1,1,0.003,3.0
124,can,can,1,2,0.003,3.0
125,box,box,1,5,0.003,3.0
126,box,box,1,2,0.003,3.0
127,bottle,bottle,1,3,0.003,3.0
128,box,box,1,2,0.003,3.0
129,can,can,1,3,0.003,3.0
130,bowl,bowl,1,3,0.003,3.0
131,mug,mug,1,3,0.003,3.0
132,can,can,1,3,0.003,3.0
133,can,can,1,1,0.003,3.0
134,bottle,bottle,1,5,0.003,3.0
135,bottle,bottle,1,5,0.003,3.0
136,can,can,1,4,0.003,3.0
137,mug,mug,1,5,0.003,3.0
138,box,box,1,5,0.003,3.0
139,can,can,1,2,0.003,3.0
140,can,can,1,1,0.003,3.0
141,box,box,1,3,0.003,3.0
142,box,box,1,4,0.003,3.0
143,can,can,1,3,0.003,3.0
144,bowl,bowl,1,3,0.003,3.0
145,mug,mug,1,4,0.003,3.0
146,bottle,bottle,1,3,0.003,3.0
147,box,box,1,3,0.003,3.0
148,can,can,1,2,0.003,3.0
149,can,can,1,3,0.003,3.0
150,box,box,1,5,0.003,3.0
151,box,box,1,2,0.003,3.0
152,box,box,1,5,0.003,3.0
153,can,can,1,1,0.003,3.0
154,box,box,1,4,0.003,3.0
155,can,can,1,5,0.003,3.0
156,can,can,1,4,0.003,3.0
157,can,can,1,1,0.003,3.0
158,box,box,1,5,0.003,3.0
159,bottle,bottle,1,5,0.003,3.0
160,box,box,1,5,0.003,3.0
161,can,can,1,2,0.003,3.0
162,box,box,1,1,0.003,3.0
163,mug,mug,1,3,0.003,3.0
164,box,box,1,2,0.003,3.0
165,can,can,1,5,0.003,3.0
166,can,can,1,2,0.003,3.0
167,can,can,1,3,0.003,3.0
168,bottle,bottle,1,4,0.003,3.0
169,bottle,bottle,1,1,0.003,3.0
170,bottle,bottle,1,4,0.003,3.0
171,box,box,1,4,0.003,3.0
172,can,can,1,2,0.003,3.0
173,can,can,1,2,0.003,3.0
174,box,box,1,1,0.003,3.0
175,can,can,1,4,0.003,3.0
176,can,can,1,3,0.003,3.0
177,box,box,1,4,0.003,3.0
178,can,can,1,4,0.003,3.0
179,box,box,1,4,0.003,3.0
180,box,box,1,1,0.003,3.0
181,box,box,1,3,0.003,3.0
182,can,can,1,4,0.003,3.0
183,bottle,bottle,1,1,0.003,3.0
184,box,box,1,5,0.003,3.0
185,box,box,1,5,0.003,3.0
186,box,box,1,4,0.003,3.0
187,can,can,1,1,0.003,3.0
188,can,can,1,2,0.003,3.0
189,box,box,1,5,0.003,3.0
190,box,box,1,5,0.003,3.0
191,mug,mug,1,3,0.003,3.0
192,can,can,1,3,0.003,3.0
193,mug,mug,1,5,0.003,3.0
194,box,box,1,1,0.003,3.0
195,can,can,1,4,0.003,3.0
196,box,box,1,3,0.003,3.0
197,box,box,1,3,0.003,3.0
198,can,can,1,2,0.003,3.0
199,can,can,1,3,0.003,3.0
200,can,can,1,2,0.003,3.0
201,box,box,1,5,0.003,3.0
202,box,box,1,1,0.003,3.0
203,box,box,1,3,0.003,3.0
204,box,box,1,2,0.003,3.0
205,box,box,1,3,0.003,3.0
206,box,box,1,3,0.003,3.0
207,can,can,1,1,0.003,3.0
208,box,box,1,3,0.003,3.0
209,can,can,1,1,0.003,3.0
210,box,box,1,3,0.003,3.0
211,can,can,1,2,0.003,3.0
212,box,box,1,5,0.003,3.0
213,bottle,bottle,1,2,0.003,3.0
214,bottle,bottle,1,3,0.003,3.0
215,can,can,1,4,0.003,3.0
216,box,box,1,1,0.003,3.0
217,box,box,1,4,0.003,3.0
218,can,can,1,5,0.003,3.0
219,mug,mug,1,5,0.003,3.0
220,box,box,1,1,0.003,3.0
221,bottle,can,0,4,0.003,3.0
222,bowl,bowl,1,2,0.003,3.0
223,mug,mug,1,4,0.003,3.0
224,box,box,1,4,0.003,3.0
225,box,box,1,4,0.003,3.0
226,bottle,bottle,1,2,0.003,3.0
227,mug,mug,1,1,0.003,3.0
228,box,box,1,5,0.003,3.0
229,can,can,1,2,0.003,3.0
230,box,box,1,2,0.003,3.0
231,box,box,1,2,0.003,3.0
232,can,can,1,3,0.003,3.0
233,box,box,1,1,0.003,3.0
234,box,box,1,4,0.003,3.0
235,bottle,bottle,1,2,0.003,3.0
236,bowl,bowl,1,1,0.003,3.0
237,mug,mug,1,4,0.003,3.0
238,can,can,1,1,0.003,3.0
239,can,can,1,2,0.003,3.0
240,box,box,1,3,0.003,3.0
241,mug,mug,1,5,0.003,3.0
242,box,box,1,5,0.003,3.0
243,can,can,1,2,0.003,3.0
244,box,box,1,1,0.003,3.0
245,bottle,bottle,1,4,0.003,3.0
246,mug,mug,1,4,0.003,3.0
247,box,box,1,1,0.003,3.0
248,box,box,1,1,0.003,3.0
249,bottle,bottle,1,2,0.003,3.0
250,can,can,1,2,0.003,3.0
251,can,can,1,4,0.003,3.0
252,can,can,1,1,0.003,3.0
253,bottle,bottle,1,4,0.003,3.0
254,bottle,bottle,1,3,0.003,3.0
255,box,box,1,2,0.003,3.0
256,can,can,1,4,0.003,3.0
257,bottle,bottle,1,1,0.003,3.0
258,mug,mug,1,4,0.003,3.0
259,can,can,1,4,0.003,3.0
260,box,box,1,1,0.003,3.0
261,can,can,1,4,0.003,3.0
262,box,box,1,1,0.003,3.0
263,box,box,1,1,0.003,3.0
264,can,can,1,4,0.003,3.0
265,box,box,1,5,0.003,3.0
266,box,box,1,2,0.003,3.0
267,box,box,1,3,0.003,3.0
268,box,box,1,5,0.003,3.0
269,box,box,1,2,0.003,3.0
270,box,box,1,1,0.003,3.0
271,box,box,1,3,0.003,3.0
272,bowl,box,0,2,0.003,3.0
273,mug,bowl,0,5,0.003,3.0
274,can,can,1,5,0.003,3.0
275,box,box,1,5,0.003,3.0
276,box,box,1,3,0.003,3.0
277,can,can,1,5,0.003,3.0
278,box,box,1,2,0.003,3.0
279,box,box,1,4,0.003,3.0
280,bottle,box,0,4,0.003,3.0
281,bowl,bowl,1,2,0.003,3.0
282,mug,mug,1,3,0.003,3.0
283,box,box,1,3,0.003,3.0
284,can,can,1,5,0.003,3.0
285,box,box,1,4,0.003,3.0
286,can,can,1,3,0.003,3.0
287,bottle,bottle,1,5,0.003,3.0
288,bottle,bottle,1,5,0.003,3.0
289,bowl,bowl,1,2,0.003,3.0
290,mug,mug,1,4,0.003,3.0
291,can,can,1,2,0.003,3.0
292,box,box,1,5,0.003,3.0
293,bottle,bottle,1,3,0.003,3.0
294,bottle,bottle,1,4,0.003,3.0
295,box,box,1,1,0.003,3.0
296,bottle,box,0,3,0.003,3.0
297,mug,mug,1,4,0.003,3.0
298,box,box,1,2,0.003,3.0
299,box,box,1,1,0.003,3.0
300,can,can,1,5,0.003,3.0
301,box,box,1,1,0.003,3.0
302,bottle,bottle,1,3,0.003,3.0
303,mug,mug,1,1,0.003,3.0
304,bottle,bottle,1,3,0.003,3.0
305,bowl,bowl,1,3,0.003,3.0
306,mug,mug,1,2,0.003,3.0
307,box,box,1,5,0.003,3.0
308,box,box,1,4,0.003,3.0
309,can,can,1,4,0.003,3.0
310,bottle,bottle,1,4,0.003,3.0
311,bottle,bottle,1,1,0.003,3.0
312,bowl,bowl,1,1,0.003,3.0
313,mug,mug,1,3,0.003,3.0
314,can,can,1,2,0.003,3.0
315,mug,mug,1,2,0.003,3.0
316,box,box,1,1,0.003,3.0
317,box,box,1,5,0.003,3.0
318,can,can,1,3,0.003,3.0
319,bottle,bottle,1,1,0.003,3.0
320,can,can,1,1,0.003,3.0
321,bottle,bottle,1,2,0.003,3.0
322,box,box,1,1,0.003,3.0
323,box,box,1,2,0.003,3.0
324,can,can,1,1,0.003,3.0
325,box,box,1,5,0.003,3.0
326,box,box,1,4,0.003,3.0
327,bottle,bottle,1,2,0.003,3.0
328,bottle,bottle,1,1,0.003,3.0
329,can,can,1,1,0.003,3.0
330,box,box,1,1,0.003,3.0
331,box,box,1,2,0.003,3.0
332,can,can,1,3,0.003,3.0
333,box,box,1,5,0.003,3.0
334,can,can,1,4,0.003,3.0
335,box,box,1,1,0.003,3.0
336,box,box,1,1,0.003,3.0
337,box,box,1,5,0.003,3.0
338,can,can,1,4,0.003,3.0
339,box,box,1,2,0.003,3.0
340,box,box,1,5,0.003,3.0
341,can,can,1,2,0.003,3.0
342,box,box,1,5,0.003,3.0
343,can,can,1,2,0.003,3.0
344,box,box,1,2,0.003,3.0
345,bottle,bottle,1,1,0.003,3.0
346,can,can,1,2,0.003,3.0
347,can,can,1,3,0.003,3.0
348,box,box,1,2,0.003,3.0
349,can,can,1,5,0.003,3.0
350,box,box,1,2,0.003,3.0
351,can,can,1,1,0.003,3.0
352,box,box,1,3,0.003,3.0
353,can,can,1,3,0.003,3.0
354,box,box,1,3,0.003,3.0
355,box,box,1,4,0.003,3.0
356,can,can,1,2,0.003,3.0
357,box,box,1,4,0.003,3.0
358,box,box,1,2,0.003,3.0
359,bottle,bottle,1,1,0.003,3.0
360,can,can,1,1,0.003,3.0
361,box,box,1,5,0.003,3.0
362,can,can,1,1,0.003,3.0
363,box,box,1,3,0.003,3.0
364,bottle,bottle,1,4,0.003,3.0
365,box,box,1,5,0.003,3.0
366,can,can,1,2,0.003,3.0
367,can,can,1,1,0.003,3.0
368,box,box,1,2,0.003,3.0
369,bottle,bottle,1,3,0.003,3.0
370,bowl,bowl,1,2,0.003,3.0
371,box,box,1,5,0.003,3.0
372,can,can,1,5,0.003,3.0
373,bottle,bottle,1,2,0.003,3.0
374,can,can,1,2,0.003,3.0
375,box,box,1,1,0.003,3.0
376,box,box,1,4,0.003,3.0
377,can,can,1,4,0.003,3.0
378,box,box,1,2,0.003,3.0
379,box,box,1,4,0.003,3.0
380,can,can,1,1,0.003,3.0
381,mug,box,0,2,0.003,3.0
382,can,can,1,4,0.003,3.0
383,can,can,1,3,0.003,3.0
384,can,can,1,5,0.003,3.0
385,bottle,bottle,1,5,0.003,3.0
386,can,can,1,2,0.003,3.0
387,mug,mug,1,5,0.003,3.0
388,box,box,1,4,0.003,3.0
389,box,box,1,3,0.003,3.0
390,can,can,1,2,0.003,3.0
391,mug,mug,1,5,0.003,3.0
392,can,can,1,4,0.003,3.0
393,mug,box,0,2,0.003,3.0
394,box,box,1,2,0.003,3.0
395,can,can,1,5,0.003,3.0
396,can,can,1,1,0.003,3.0
397,can,can,1,5,0.003,3.0
398,box,box,1,4,0.003,3.0
399,box,box,1,2,0.003,3.0
400,box,box,1,4,0.003,3.0
401,can,can,1,5,0.003,3.0
402,can,can,1,3,0.003,3.0
403,bottle,bottle,1,5,0.003,3.0
404,can,can,1,5,0.003,3.0
405,mug,mug,1,1,0.003,3.0
406,can,can,1,2,0.003,3.0
407,box,box,1,2,0.003,3.0
408,box,box,1,3,0.003,3.0
409,can,can,1,3,0.003,3.0
410,box,box,1,4,0.003,3.0
411,can,can,1,5,0.003,3.0
412,box,box,1,1,0.003,3.0
413,can,can,1,1,0.003,3.0
414,box,box,1,3,0.003,3.0
415,box,box,1,2,0.003,3.0
416,bottle,bottle,1,2,0.003,3.0
417,bowl,bowl,1,5,0.003,3.0
418,mug,mug,1,3,0.003,3.0
419,box,box,1,3,0.003,3.0
420,can,can,1,1,0.003,3.0
421,box,box,1,3,0.003,3.0
422,box,box,1,1,0.003,3.0
423,can,can,1,5,0.003,3.0
424,box,box,1,3,0.003,3.0
425,can,can,1,1,0.003,3.0
426,box,box,1,5,0.003,3.0
427,box,box,1,3,0.003,3.0
428,can,can,1,1,0.003,3.0
429,bottle,bottle,1,2,0.003,3.0
430,bottle,bottle,1,2,0.003,3.0
431,box,box,1,2,0.003,3.0
432,mug,mug,1,2,0.003,3.0
433,box,box,1,3,0.003,3.0
434,can,can,1,4,0.003,3.0
435,box,box,1,3,0.003,3.0
436,box,box,1,3,0.003,3.0
437,box,box,1,4,0.003,3.0
438,mug,mug,1,3,0.003,3.0
439,can,can,1,3,0.003,3.0
440,box,box,1,5,0.003,3.0
441,box,box,1,3,0.003,3.0
442,box,box,1,3,0.003,3.0
443,can,can,1,5,0.003,3.0
444,can,can,1,5,0.003,3.0
445,can,can,1,1,0.003,3.0
446,box,box,1,4,0.003,3.0
447,mug,mug,1,2,0.003,3.0
448,box,box,1,5,0.003,3.0
449,can,can,1,3,0.003,3.0
450,box,box,1,1,0.003,3.0
451,can,can,1,2,0.003,3.0
452,bottle,bottle,1,3,0.003,3.0
453,bottle,bottle,1,5,0.003,3.0
454,can,can,1,5,0.003,3.0
455,can,can,1,4,0.003,3.0
456,can,can,1,5,0.003,3.0
457,can,can,1,4,0.003,3.0
458,bottle,bottle,1,3,0.003,3.0
459,can,can,1,1,0.003,3.0
460,box,box,1,3,0.003,3.0
461,box,box,1,2,0.003,3.0
462,can,can,1,4,0.003,3.0
463,bottle,bottle,1,5,0.003,3.0
464,can,can,1,1,0.003,3.0
465,box,box,1,4,0.003,3.0
466,can,can,1,4,0.003,3.0
467,bottle,bottle,1,5,0.003,3.0
468,mug,mug,1,4,0.003,3.0
469,box,box,1,4,0.003,3.0
470,can,can,1,3,0.003,3.0
471,box,box,1,5,0.003,3.0
472,bottle,bottle,1,3,0.003,3.0
473,mug,mug,1,3,0.003,3.0
474,can,can,1,3,0.003,3.0
475,box,box,1,3,0.003,3.0
476,can,can,1,1,0.003,3.0
477,bottle,bottle,1,4,0.003,3.0
478,bottle,box,0,4,0.003,3.0
479,box,box,1,1,0.003,3.0
480,can,can,1,1,0.003,3.0
481,box,box,1,2,0.003,3.0
482,box,box,1,4,0.003,3.0
483,box,box,1,5,0.003,3.0
484,can,can,1,5,0.003,3.0
485,box,box,1,1,0.003,3.0
486,box,box,1,4,0.003,3.0
487,can,can,1,5,0.003,3.0
488,bowl,bowl,1,2,0.003,3.0
489,mug,mug,1,2,0.003,3.0
490,box,box,1,4,0.003,3.0
491,box,box,1,2,0.003,3.0
492,can,can,1,1,0.003,3.0
493,box,box,1,2,0.003,3.0
494,can,can,1,5,0.003,3.0
495,bottle,bottle,1,1,0.003,3.0
496,bottle,bottle,1,2,0.003,3.0
497,bottle,bottle,1,2,0.003,3.0
498,bowl,bowl,1,3,0.003,3.0
499,mug,mug,1,4,0.003,3.0
500,can,can,1,5,0.003,3.0
501,mug,mug,1,4,0.003,3.0
502,can,can,1,2,0.003,3.0
503,box,box,1,2,0.003,3.0
504,can,can,1,2,0.003,3.0
505,box,box,1,2,0.003,3.0
506,box,box,1,1,0.003,3.0
507,box,box,1,5,0.003,3.0
508,can,can,1,3,0.003,3.0
509,box,box,1,2,0.003,3.0
510,can,can,1,5,0.003,3.0
511,box,box,1,1,0.003,3.0
512,box,box,1,1,0.003,3.0
513,box,box,1,4,0.003,3.0
514,can,can,1,5,0.003,3.0
515,can,can,1,5,0.003,3.0
516,can,can,1,5,0.003,3.0
517,box,box,1,2,0.003,3.0
518,box,box,1,5,0.003,3.0
519,can,can,1,5,0.003,3.0
520,box,box,1,3,0.003,3.0
521,can,can,1,3,0.003,3.0
522,can,can,1,2,0.003,3.0
523,bottle,bottle,1,2,0.003,3.0
524,bottle,bottle,1,4,0.003,3.0
525,bowl,bowl,1,3,0.003,3.0
526,mug,mug,1,4,0.003,3.0
527,can,can,1,2,0.003,3.0
528,box,box,1,3,0.003,3.0
529,bottle,bottle,1,5,0.003,3.0
530,mug,mug,1,5,0.003,3.0
531,can,can,1,5,0.003,3.0
532,can,can,1,3,0.003,3.0
533,box,box,1,5,0.003,3.0
534,box,box,1,3,0.003,3.0
535,box,box,1,3,0.003,3.0
536,box,box,1,3,0.003,3.0
537,box,box,1,1,0.003,3.0
538,can,can,1,1,0.003,3.0
539,can,can,1,3,0.003,3.0
540,bottle,bottle,1,4,0.003,3.0
541,bottle,bottle,1,3,0.003,3.0
542,mug,mug,1,3,0.003,3.0
543,can,can,1,2,0.003,3.0
544,box,box,1,2,0.003,3.0
545,box,box,1,2,0.003,3.0
546,box,box,1,3,0.003,3.0
547,can,can,1,2,0.003,3.0
548,box,box,1,2,0.003,3.0
549,can,can,1,2,0.003,3.0
550,bottle,bottle,1,1,0.003,3.0
551,mug,mug,1,4,0.003,3.0
552,can,can,1,1,0.003,3.0
553,can,can,1,3,0.003,3.0
554,bottle,bottle,1,3,0.003,3.0
555,can,can,1,5,0.003,3.0
556,bottle,bottle,1,5,0.003,3.0
557,box,box,1,1,0.003,3.0
558,bottle,bottle,1,1,0.003,3.0
559,bowl,bowl,1,4,0.003,3.0
560,mug,mug,1,1,0.003,3.0
561,box,box,1,1,0.003,3.0
562,box,box,1,5,0.003,3.0
563,box,box,1,1,0.003,3.0
564,can,can,1,2,0.003,3.0
565,can,can,1,1,0.003,3.0
566,bottle,bottle,1,4,0.003,3.0
567,box,box,1,3,0.003,3.0
568,can,can,1,3,0.003,3.0
569,box,box,1,2,0.003,3.0
570,box,box,1,4,0.003,3.0
571,can,can,1,1,0.003,3.0
572,can,can,1,5,0.003,3.0
573,box,box,1,2,0.003,3.0
574,box,box,1,2,0.003,3.0
575,bottle,bottle,1,1,0.003,3.0
576,bowl,bowl,1,1,0.003,3.0
577,mug,mug,1,2,0.003,3.0
578,can,can,1,4,0.003,3.0
579,box,box,1,3,0.003,3.0
580,box,box,1,4,0.003,3.0
581,bottle,bottle,1,2,0.003,3.0
582,mug,mug,1,2,0.003,3.0
583,bottle,bottle,1,1,0.003,3.0
584,can,can,1,3,0.003,3.0
585,box,box,1,4,0.003,3.0
586,box,box,1,4,0.003,3.0
587,box,box,1,2,0.003,3.0
588,can,can,1,3,0.003,3.0
589,box,box,1,5,0.003,3.0
590,can,can,1,2,0.003,3.0
591,box,box,1,1,0.003,3.0
592,box,box,1,1,0.003,3.0
593,bottle,bottle,1,2,0.003,3.0
594,mug,mug,1,5,0.003,3.0
595,can,can,1,5,0.003,3.0
596,bottle,bottle,1,2,0.003,3.0
597,can,can,1,3,0.003,3.0
598,box,box,1,1,0.003,3.0
599,box,box,1,2,0.003,3.0
600,box,box,1,2,0.003,3.0
601,box,box,1,2,0.003,3.0
602,bottle,bottle,1,3,0.003,3.0
603,can,can,1,5,0.003,3.0
604,can,can,1,2,0.003,3.0
605,box,box,1,3,0.003,3.0
606,box,box,1,3,0.003,3.0
607,can,can,1,4,0.003,3.0
608,bottle,bottle,1,4,0.003,3.0
609,box,box,1,4,0.003,3.0
610,can,can,1,3,0.003,3.0
611,bottle,bottle,1,3,0.003,3.0
612,bowl,bowl,1,3,0.003,3.0
613,mug,mug,1,1,0.003,3.0
614,mug,mug,1,3,0.003,3.0
615,box,box,1,4,0.003,3.0
616,can,can,1,2,0.003,3.0
617,box,box,1,4,0.003,3.0
618,bottle,bottle,1,1,0.003,3.0
619,can,can,1,3,0.003,3.0
620,can,can,1,4,0.003,3.0
621,bottle,bottle,1,2,0.003,3.0
622,bottle,bottle,1,1,0.003,3.0
623,bowl,bowl,1,3,0.003,3.0
624,mug,mug,1,5,0.003,3.0
625,bottle,bottle,1,1,0.003,3.0
626,mug,mug,1,1,0.003,3.0
627,box,box,1,4,0.003,3.0
628,can,can,1,3,0.003,3.0
629,box,box,1,4,0.003,3.0
630,can,can,1,1,0.003,3.0
631,bottle,bottle,1,1,0.003,3.0
632,bottle,box,0,1,0.003,3.0
633,can,can,1,5,0.003,3.0
634,bottle,bottle,1,4,0.003,3.0
635,box,box,1,5,0.003,3.0
636,can,can,1,2,0.003,3.0
637,can,can,1,1,0.003,3.0
638,box,box,1,2,0.003,3.0
639,box,box,1,4,0.003,3.0
640,box,box,1,3,0.003,3.0
641,box,box,1,5,0.003,3.0
642,box,box,1,3,0.003,3.0
643,can,can,1,1,0.003,3.0
644,box,box,1,2,0.003,3.0
645,box,box,1,5,0.003,3.0
646,can,can,1,4,0.003,3.0
647,can,can,1,2,0.003,3.0
648,can,can,1,5,0.003,3.0
649,can,can,1,4,0.003,3.0
650,box,box,1,3,0.003,3.0
651,can,can,1,2,0.003,3.0
652,bottle,bottle,1,2,0.003,3.0
653,box,box,1,5,0.003,3.0
654,can,can,1,2,0.003,3.0
655,can,can,1,3,0.003,3.0
656,can,can,1,3,0.003,3.0
657,box,box,1,5,0.003,3.0
658,box,box,1,5,0.003,3.0
659,box,box,1,4,0.003,3.0
660,box,box,1,4,0.003,3.0
661,box,box,1,4,0.003,3.0
662,box,box,1,4,0.003,3.0
663,bottle,box,0,4,0.003,3.0
664,bowl,bowl,1,4,0.003,3.0
665,can,can,1,1,0.003,3.0
666,box,box,1,2,0.003,3.0
667,box,box,1,2,0.003,3.0
668,box,box,1,4,0.003,3.0
669,box,box,1,4,0.003,3.0
670,box,box,1,4,0.003,3.0
671,box,box,1,5,0.003,3.0
672,can,can,1,1,0.003,3.0
673,box,box,1,4,0.003,3.0
674,can,can,1,3,0.003,3.0
675,can,can,1,4,0.003,3.0
676,box,box,1,3,0.003,3.0
677,box,box,1,4,0.003,3.0
678,box,box,1,2,0.003,3.0
679,can,can,1,1,0.003,3.0
680,mug,box,0,2,0.003,3.0
681,box,box,1,2,0.003,3.0
682,can,box,0,5,0.003,3.0
683,box,box,1,3,0.003,3.0
684,can,can,1,2,0.003,3.0
685,box,box,1,3,0.003,3.0
686,box,box,1,3,0.003,3.0
687,bowl,bowl,1,5,0.003,3.0
688,mug,mug,1,4,0.003,3.0
689,box,box,1,2,0.003,3.0
690,can,can,1,3,0.003,3.0
691,box,box,1,2,0.003,3.0
692,box,box,1,4,0.003,3.0
693,can,can,1,5,0.003,3.0
694,box,can,0,3,0.003,3.0
695,box,box,1,5,0.003,3.0
696,can,can,1,2,0.003,3.0
697,box,box,1,4,0.003,3.0
698,bottle,bottle,1,4,0.003,3.0
699,bottle,bottle,1,1,0.003,3.0
700,can,can,1,3,0.003,3.0
701,bowl,bowl,1,2,0.003,3.0
702,mug,mug,1,5,0.003,3.0
703,can,can,1,1,0.003,3.0
704,box,box,1,2,0.003,3.0
705,can,can,1,4,0.003,3.0
706,box,box,1,4,0.003,3.0
707,can,can,1,3,0.003,3.0
708,can,can,1,5,0.003,3.0
709,box,box,1,5,0.003,3.0
710,box,box,1,2,0.003,3.0
711,can,can,1,2,0.003,3.0
712,box,box,1,4,0.003,3.0
713,box,box,1,4,0.003,3.0
714,box,box,1,2,0.003,3.0
715,bowl,can,0,1,0.003,3.0
716,mug,mug,1,3,0.003,3.0
717,box,box,1,4,0.003,3.0
718,bottle,bottle,1,3,0.003,3.0
719,mug,mug,1,1,0.003,3.0
720,can,can,1,1,0.003,3.0
721,box,box,1,1,0.003,3.0
722,box,box,1,5,0.003,3.0
723,bottle,bottle,1,5,0.003,3.0
724,box,box,1,1,0.003,3.0
725,can,can,1,4,0.003,3.0
726,box,box,1,3,0.003,3.0
727,bottle,bottle,1,3,0.003,3.0
728,bowl,bowl,1,4,0.003,3.0
729,mug,mug,1,5,0.003,3.0
730,can,can,1,3,0.003,3.0
731,can,can,1,5,0.003,3.0
732,bottle,bottle,1,1,0.003,3.0
733,can,can,1,4,0.003,3.0
734,box,box,1,1,0.003,3.0
735,box,box,1,3,0.003,3.0
736,box,box,1,2,0.003,3.0
737,box,box,1,2,0.003,3.0
738,box,box,1,1,0.003,3.0
739,box,box,1,1,0.003,3.0
740,can,can,1,4,0.003,3.0
741,box,box,1,1,0.003,3.0
742,box,box,1,2,0.003,3.0
743,can,can,1,5,0.003,3.0
744,bowl,box,0,1,0.003,3.0
745,mug,mug,1,5,0.003,3.0
746,box,box,1,2,0.003,3.0
747,box,box,1,5,0.003,3.0
748,can,can,1,5,0.003,3.0
749,bottle,bottle,1,5,0.003,3.0
750,bottle,bottle,1,1,0.003,3.0
751,can,can,1,2,0.003,3.0
752,bottle,bottle,1,5,0.003,3.0
753,box,box,1,4,0.003,3.0
754,can,can,1,2,0.003,3.0
755,box,box,1,3,0.003,3.0
756,box,bottle,0,2,0.003,3.0
757,can,can,1,4,0.003,3.0
758,box,box,1,1,0.003,3.0
759,box,box,1,3,0.003,3.0
760,can,can,1,2,0.003,3.0
761,box,box,1,4,0.003,3.0
762,can,can,1,3,0.003,3.0
763,box,box,1,4,0.003,3.0
764,can,can,1,3,0.003,3.0
765,bowl,bowl,1,4,0.003,3.0
766,mug,mug,1,4,0.003,3.0
767,box,box,1,2,0.003,3.0
768,can,can,1,1,0.003,3.0
769,can,bottle,0,3,0.003,3.0
770,bottle,bottle,1,5,0.003,3.0
771,can,can,1,2,0.003,3.0
772,box,box,1,1,0.003,3.0
773,box,box,1,4,0.003,3.0
774,can,can,1,5,0.003,3.0
775,box,box,1,3,0.003,3.0
776,box,box,1,3,0.003,3.0
777,box,box,1,3,0.003,3.0
778,box,box,1,5,0.003,3.0
779,can,can,1,1,0.003,3.0
780,box,box,1,1,0.003,3.0
781,box,box,1,3,0.003,3.0
782,box,box,1,5,0.003,3.0
783,box,box,1,2,0.003,3.0
784,can,can,1,4,0.003,3.0
785,box,box,1,3,0.003,3.0
786,box,box,1,5,0.003,3.0
787,box,box,1,3,0.003,3.0
788,bottle,bottle,1,5,0.003,3.0
789,mug,mug,1,5,0.003,3.0
790,can,can,1,4,0.003,3.0
791,can,can,1,1,0.003,3.0
792,bottle,bottle,1,3,0.003,3.0
793,box,box,1,2,0.003,3.0
794,box,bottle,0,2,0.003,3.0
795,can,can,1,1,0.003,3.0
796,box,box,1,4,0.003,3.0
797,can,can,1,5,0.003,3.0
798,box,box,1,3,0.003,3.0
799,box,box,1,1,0.003,3.0
800,can,can,1,5,0.003,3.0
801,bottle,bottle,1,2,0.003,3.0
802,can,can,1,3,0.003,3.0
803,can,can,1,1,0.003,3.0
804,mug,mug,1,3,0.003,3.0
805,box,box,1,1,0.003,3.0
806,box,box,1,1,0.003,3.0
807,can,can,1,5,0.003,3.0
808,box,box,1,3,0.003,3.0
809,box,box,1,4,0.003,3.0
810,can,can,1,3,0.003,3.0
811,can,can,1,2,0.003,3.0
812,box,box,1,3,0.003,3.0
813,box,box,1,5,0.003,3.0
814,box,box,1,1,0.003,3.0
815,can,can,1,4,0.003,3.0
816,box,box,1,5,0.003,3.0
817,bottle,can,0,4,0.003,3.0
818,mug,mug,1,2,0.003,3.0
819,box,box,1,3,0.003,3.0
820,can,can,1,5,0.003,3.0
821,box,box,1,3,0.003,3.0
822,box,box,1,4,0.003,3.0
823,can,can,1,5,0.003,3.0
824,box,box,1,2,0.003,3.0
825,can,can,1,1,0.003,3.0
826,box,box,1,5,0.003,3.0
827,box,box,1,2,0.003,3.0
828,bowl,bowl,1,1,0.003,3.0
829,mug,mug,1,2,0.003,3.0
830,bottle,bottle,1,1,0.003,3.0
831,bottle,bottle,1,5,0.003,3.0
832,box,box,1,1,0.003,3.0
833,can,can,1,3,0.003,3.0
834,can,can,1,4,0.003,3.0
835,bottle,bottle,1,2,0.003,3.0
836,box,box,1,2,0.003,3.0
837,bottle,bowl,0,5,0.003,3.0
838,bowl,can,0,2,0.003,3.0
839,mug,mug,1,2,0.003,3.0
840,box,box,1,2,0.003,3.0
841,bowl,bowl,1,1,0.003,3.0
842,can,can,1,2,0.003,3.0
843,box,box,1,5,0.003,3.0
844,box,box,1,1,0.003,3.0
845,can,can,1,1,0.003,3.0
846,can,can,1,4,0.003,3.0
847,bottle,bottle,1,3,0.003,3.0
848,can,can,1,5,0.003,3.0
849,bottle,bottle,1,5,0.003,3.0
850,bowl,bowl,1,3,0.003,3.0
851,mug,mug,1,5,0.003,3.0
852,box,box,1,4,0.003,3.0
853,can,can,1,1,0.003,3.0
854,box,box,1,5,0.003,3.0
855,box,box,1,1,0.003,3.0
856,box,box,1,4,0.003,3.0
857,box,box,1,1,0.003,3.0
858,can,can,1,3,0.003,3.0
859,bottle,bottle,1,2,0.003,3.0
860,can,can,1,5,0.003,3.0
861,bottle,bottle,1,3,0.003,3.0
862,bottle,bottle,1,4,0.003,3.0
863,box,box,1,2,0.003,3.0
864,can,can,1,1,0.003,3.0
865,box,box,1,1,0.003,3.0
866,box,box,1,5,0.003,3.0
867,can,can,1,4,0.003,3.0
868,box,box,1,5,0.003,3.0
869,can,can,1,3,0.003,3.0
870,box,box,1,3,0.003,3.0
871,box,box,1,3,0.003,3.0
872,can,can,1,3,0.003,3.0
873,bottle,bottle,1,4,0.003,3.0
874,can,box,0,5,0.003,3.0
875,bottle,bottle,1,2,0.003,3.0
876,box,box,1,5,0.003,3.0
877,can,can,1,5,0.003,3.0
878,bottle,bottle,1,4,0.003,3.0
879,bowl,bowl,1,1,0.003,3.0
880,mug,mug,1,2,0.003,3.0
881,can,can,1,1,0.003,3.0
882,bottle,bottle,1,3,0.003,3.0
883,bowl,bowl,1,5,0.003,3.0
884,mug,mug,1,1,0.003,3.0
885,can,can,1,2,0.003,3.0
886,bottle,bottle,1,5,0.003,3.0
887,bottle,bottle,1,2,0.003,3.0
888,box,box,1,5,0.003,3.0
889,bottle,bottle,1,5,0.003,3.0
890,bowl,bowl,1,4,0.003,3.0
891,mug,mug,1,1,0.003,3.0
892,bowl,bowl,1,5,0.003,3.0
893,mug,mug,1,1,0.003,3.0
894,can,can,1,3,0.003,3.0
895,can,can,1,4,0.003,3.0
896,box,box,1,4,0.003,3.0
897,can,can,1,3,0.003,3.0
898,box,box,1,3,0.003,3.0
899,box,box,1,3,0.003,3.0
900,box,box,1,3,0.003,3.0
901,box,box,1,4,0.003,3.0
902,box,box,1,5,0.003,3.0
903,box,box,1,3,0.003,3.0
904,can,can,1,3,0.003,3.0
905,box,box,1,5,0.003,3.0
906,box,box,1,5,0.003,3.0
907,can,can,1,4,0.003,3.0
908,mug,mug,1,4,0.003,3.0
909,box,box,1,4,0.003,3.0
910,can,can,1,4,0.003,3.0
911,can,can,1,4,0.003,3.0
912,can,can,1,2,0.003,3.0
913,box,box,1,4,0.003,3.0
914,box,box,1,3,0.003,3.0
915,box,box,1,3,0.003,3.0
916,can,can,1,2,0.003,3.0
917,box,box,1,2,0.003,3.0
918,can,can,1,3,0.003,3.0
919,can,can,1,2,0.003,3.0
920,box,box,1,1,0.003,3.0
921,box,box,1,3,0.003,3.0
922,box,box,1,3,0.003,3.0
923,box,box,1,4,0.003,3.0
924,can,can,1,2,0.003,3.0
925,bottle,bottle,1,1,0.003,3.0
926,box,box,1,3,0.003,3.0
927,bottle,bottle,1,3,0.003,3.0
928,mug,mug,1,4,0.003,3.0
929,box,box,1,2,0.003,3.0
930,box,box,1,1,0.003,3.0
931,bowl,bowl,1,5,0.003,3.0
932,mug,mug,1,5,0.003,3.0
933,box,box,1,5,0.003,3.0
934,can,can,1,5,0.003,3.0
935,can,can,1,2,0.003,3.0
936,box,box,1,1,0.003,3.0
937,can,can,1,4,0.003,3.0
938,can,can,1,2,0.003,3.0
939,box,box,1,5,0.003,3.0
940,box,box,1,5,0.003,3.0
941,can,can,1,4,0.003,3.0
942,can,can,1,1,0.003,3.0
943,can,can,1,4,0.003,3.0
944,box,box,1,1,0.003,3.0
945,bowl,bowl,1,5,0.003,3.0
946,mug,mug,1,3,0.003,3.0
947,bottle,bottle,1,1,0.003,3.0
948,can,can,1,4,0.003,3.0
949,bottle,bottle,1,2,0.003,3.0
950,can,can,1,5,0.003,3.0
951,box,box,1,1,0.003,3.0
952,box,box,1,3,0.003,3.0
953,can,can,1,2,0.003,3.0
954,can,can,1,1,0.003,3.0
955,box,box,1,1,0.003,3.0
956,can,can,1,5,0.003,3.0
957,box,box,1,3,0.003,3.0
958,can,can,1,1,0.003,3.0
959,can,can,1,1,0.003,3.0
960,can,can,1,3,0.003,3.0
961,can,can,1,1,0.003,3.0
962,box,box,1,4,0.003,3.0
963,box,box,1,1,0.003,3.0
964,box,box,1,4,0.003,3.0
965,can,bowl,0,4,0.003,3.0
966,can,can,1,2,0.003,3.0
967,bottle,bottle,1,3,0.003,3.0
968,can,can,1,3,0.003,3.0
969,box,box,1,5,0.003,3.0
970,box,box,1,1,0.003,3.0
971,box,box,1,4,0.003,3.0
972,box,box,1,3,0.003,3.0
973,box,box,1,3,0.003,3.0
974,bottle,bottle,1,2,0.003,3.0
975,bowl,bowl,1,4,0.003,3.0
976,mug,mug,1,1,0.003,3.0
977,box,box,1,1,0.003,3.0
978,can,can,1,1,0.003,3.0
979,can,can,1,3,0.003,3.0
980,bottle,bottle,1,2,0.003,3.0
981,can,can,1,3,0.003,3.0
982,box,box,1,4,0.003,3.0
983,can,can,1,3,0.003,3.0
984,box,box,1,1,0.003,3.0
985,box,box,1,5,0.003,3.0
986,box,box,1,3,0.003,3.0
987,can,can,1,3,0.003,3.0
988,can,can,1,4,0.003,3.0
989,can,can,1,4,0.003,3.0
990,box,box,1,2,0.003,3.0
991,can,can,1,4,0.003,3.0
992,box,box,1,4,0.003,3.0
993,bottle,bottle,1,4,0.003,3.0
994,mug,mug,1,1,0.003,3.0
995,box,box,1,5,0.003,3.0
996,can,can,1,1,0.003,3.0
997,can,can,1,1,0.003,3.0
998,box,box,1,2,0.003,3.0
999,box,box,1,4,0.003,3.0
1000,box,box,1,5,0.003,3.0
1001,box,box,1,4,0.003,3.0
1002,can,can,1,5,0.003,3.0
1003,box,box,1,3,0.003,3.0
1004,box,box,1,1,0.003,3.0
1005,bottle,bottle,1,1,0.003,3.0
1006,can,can,1,4,0.003,3.0
1007,box,box,1,4,0.003,3.0
1008,can,can,1,2,0.003,3.0
1009,box,box,1,1,0.003,3.0
1010,box,box,1,2,0.003,3.0
1011,box,box,1,2,0.003,3.0
1012,box,box,1,5,0.003,3.0
1013,box,box,1,2,0.003,3.0
1014,can,can,1,3,0.003,3.0
1015,box,box,1,2,0.003,3.0
1016,box,box,1,1,0.003,3.0
1017,bottle,bottle,1,5,0.003,3.0
1018,can,can,1,5,0.003,3.0
1019,box,box,1,1,0.003,3.0
1020,can,can,1,4,0.003,3.0
1021,box,box,1,4,0.003,3.0
1022,box,box,1,3,0.003,3.0
1023,can,can,1,3,0.003,3.0
1024,bottle,bottle,1,1,0.003,3.0
1025,bowl,bowl,1,3,0.003,3.0
1026,mug,mug,1,3,0.003,3.0
1027,box,box,1,3,0.003,3.0
1028,can,can,1,5,0.003,3.0
1029,can,can,1,5,0.003,3.0
1030,box,box,1,1,0.003,3.0
1031,bottle,bottle,1,3,0.003,3.0
1032,box,box,1,4,0.003,3.0
1033,box,box,1,2,0.003,3.0
1034,can,can,1,5,0.003,3.0
1035,box,box,1,3,0.003,3.0
1036,box,box,1,5,0.003,3.0
1037,bottle,box,0,1,0.003,3.0
1038,bowl,bowl,1,5,0.003,3.0
1039,mug,mug,1,5,0.003,3.0
1040,bottle,bottle,1,5,0.003,3.0
1041,mug,mug,1,2,0.003,3.0
1042,box,box,1,3,0.003,3.0
1043,can,can,1,4,0.003,3.0
1044,box,box,1,5,0.003,3.0
1045,box,box,1,4,0.003,3.0
1046,can,can,1,1,0.003,3.0
1047,can,can,1,4,0.003,3.0
1048,bottle,bottle,1,4,0.003,3.0
1049,bottle,bottle,1,1,0.003,3.0
1050,can,can,1,1,0.003,3.0
1051,mug,mug,1,1,0.003,3.0
1052,can,can,1,4,0.003,3.0
1053,bottle,bottle,1,1,0.003,3.0
1054,can,can,1,4,0.003,3.0
1055,box,box,1,5,0.003,3.0
1056,can,can,1,5,0.003,3.0
1057,box,box,1,4,0.003,3.0
1058,box,box,1,3,0.003,3.0
1059,box,box,1,4,0.003,3.0
1060,can,can,1,2,0.003,3.0
1061,box,box,1,2,0.003,3.0
1062,can,can,1,1,0.003,3.0
1063,box,box,1,2,0.003,3.0
1064,can,can,1,5,0.003,3.0
1065,box,box,1,2,0.003,3.0
1066,box,box,1,4,0.003,3.0
1067,bowl,bowl,1,4,0.003,3.0
1068,mug,mug,1,1,0.003,3.0
1069,box,box,1,2,0.003,3.0
1070,box,box,1,4,0.003,3.0
1071,box,box,1,1,0.003,3.0
1072,can,can,1,4,0.003,3.0
1073,box,box,1,5,0.003,3.0
1074,can,can,1,3,0.003,3.0
1075,box,box,1,4,0.003,3.0
1076,mug,mug,1,3,0.003,3.0
1077,box,box,1,3,0.003,3.0
1078,can,can,1,4,0.003,3.0
1079,box,box,1,2,0.003,3.0
1080,can,can,1,2,0.003,3.0
1081,mug,mug,1,1,0.003,3.0
1082,can,can,1,1,0.003,3.0
1083,bottle,bottle,1,2,0.003,3.0
1084,can,can,1,1,0.003,3.0
1085,box,box,1,5,0.003,3.0
1086,mug,mug,1,2,0.003,3.0
1087,can,can,1,4,0.003,3.0
1088,box,box,1,1,0.003,3.0
1089,bottle,bottle,1,5,0.003,3.0
1090,mug,mug,1,1,0.003,3.0
1091,box,box,1,2,0.003,3.0
1092,box,box,1,1,0.003,3.0
1093,can,can,1,5,0.003,3.0
1094,bowl,bowl,1,4,0.003,3.0
1095,mug,mug,1,5,0.003,3.0
1096,bottle,bottle,1,3,0.003,3.0
1097,bottle,bottle,1,4,0.003,3.0
1098,box,box,1,2,0.003,3.0
1099,box,box,1,3,0.003,3.0
1100,box,box,1,4,0.003,3.0
1101,box,box,1,5,0.003,3.0
1102,bowl,bowl,1,4,0.003,3.0
1103,mug,mug,1,1,0.003,3.0
1104,bowl,bowl,1,2,0.003,3.0
1105,mug,mug,1,3,0.003,3.0
1106,box,box,1,2,0.003,3.0
1107,bowl,bowl,1,5,0.003,3.0
1108,mug,can,0,3,0.003,3.0
0,box,box,1,4,0.0035,3.5
1,box,box,1,5,0.0035,3.5
2,box,box,1,1,0.0035,3.5
3,box,box,1,1,0.0035,3.5
4,can,can,1,3,0.0035,3.5
5,box,box,1,4,0.0035,3.5
6,can,can,1,5,0.0035,3.5
7,box,box,1,1,0.0035,3.5
8,box,box,1,1,0.0035,3.5
9,box,box,1,5,0.0035,3.5
10,can,can,1,3,0.0035,3.5
11,box,box,1,2,0.0035,3.5
12,bottle,bottle,1,1,0.0035,3.5
13,mug,mug,1,3,0.0035,3.5
14,can,can,1,4,0.0035,3.5
15,box,box,1,1,0.0035,3.5
16,can,mug,0,2,0.0035,3.5
17,bottle,bottle,1,4,0.0035,3.5
18,bottle,bottle,1,3,0.0035,3.5
19,box,box,1,1,0.0035,3.5
20,box,box,1,3,0.0035,3.5
21,can,can,1,2,0.0035,3.5
22,box,box,1,2,0.0035,3.5
23,can,can,1,3,0.0035,3.5
24,box,box,1,3,0.0035,3.5
25,can,can,1,5,0.0035,3.5
26,box,box,1,4,0.0035,3.5
27,can,can,1,4,0.0035,3.5
28,box,box,1,4,0.0035,3.5
29,box,box,1,5,0.0035,3.5
30,can,can,1,4,0.0035,3.5
31,box,box,1,2,0.0035,3.5
32,box,box,1,4,0.0035,3.5
33,can,can,1,1,0.0035,3.5
34,bottle,bottle,1,5,0.0035,3.5
35,can,can,1,4,0.0035,3.5
36,can,can,1,4,0.0035,3.5
37,box,box,1,5,0.0035,3.5
38,box,box,1,1,0.0035,3.5
39,box,box,1,1,0.0035,3.5
40,can,can,1,2,0.0035,3.5
41,box,box,1,3,0.0035,3.5
42,can,mug,0,5,0.0035,3.5
43,bottle,bottle,1,5,0.0035,3.5
44,bottle,box,0,4,0.0035,3.5
45,box,box,1,1,0.0035,3.5
46,can,can,1,3,0.0035,3.5
47,box,box,1,4,0.0035,3.5
48,box,box,1,1,0.0035,3.5
49,can,can,1,5,0.0035,3.5
50,bottle,bottle,1,2,0.0035,3.5
51,box,box,1,5,0.0035,3.5
52,can,can,1,2,0.0035,3.5
53,box,box,1,1,0.0035,3.5
54,can,can,1,4,0.0035,3.5
55,box,box,1,2,0.0035,3.5
56,box,box,1,2,0.0035,3.5
57,can,can,1,1,0.0035,3.5
58,box,box,1,5,0.0035,3.5
59,box,box,1,5,0.0035,3.5
60,box,box,1,5,0.0035,3.5
61,can,can,1,2,0.0035,3.5
62,bottle,bottle,1,4,0.0035,3.5
63,bottle,bottle,1,5,0.0035,3.5
64,box,box,1,1,0.0035,3.5
65,can,can,1,1,0.0035,3.5
66,bottle,box,0,4,0.0035,3.5
67,mug,mug,1,4,0.0035,3.5
68,box,box,1,2,0.0035,3.5
69,can,can,1,4,0.0035,3.5
70,box,box,1,1,0.0035,3.5
71,box,box,1,5,0.0035,3.5
72,can,can,1,4,0.0035,3.5
73,box,box,1,3,0.0035,3.5
74,can,can,1,1,0.0035,3.5
75,box,box,1,5,0.0035,3.5
76,can,can,1,1,0.0035,3.5
77,can,can,1,4,0.0035,3.5
78,box,box,1,1,0.0035,3.5
79,box,box,1,2,0.0035,3.5
80,can,can,1,3,0.0035,3.5
81,box,box,1,2,0.0035,3.5
82,can,can,1,3,0.0035,3.5
83,can,can,1,2,0.0035,3.5
84,box,box,1,1,0.0035,3.5
85,can,can,1,5,0.0035,3.5
86,box,box,1,1,0.0035,3.5
87,box,box,1,3,0.0035,3.5
88,bottle,box,0,3,0.0035,3.5
89,mug,can,0,4,0.0035,3.5
90,box,box,1,5,0.0035,3.5
91,can,can,1,5,0.0035,3.5
92,box,box,1,4,0.0035,3.5
93,can,can,1,3,0.0035,3.5
94,box,box,1,5,0.0035,3.5
95,can,can,1,5,0.0035,3.5
96,box,box,1,4,0.0035,3.5
97,bottle,bottle,1,5,0.0035,3.5
98,bowl,bowl,1,1,0.0035,3.5
99,mug,mug,1,2,0.0035,3.5
100,box,box,1,1,0.0035,3.5
101,can,can,1,2,0.0035,3.5
102,box,box,1,1,0.0035,3.5
103,can,can,1,1,0.0035,3.5
104,box,box,1,5,0.0035,3.5
105,can,can,1,3,0.0035,3.5
106,can,can,1,2,0.0035,3.5
107,can,can,1,1,0.0035,3.5
108,box,box,1,5,0.0035,3.5
109,can,can,1,5,0.0035,3.5
110,box,box,1,5,0.0035,3.5
111,box,box,1,1,0.0035,3.5
112,can,can,1,1,0.0035,3.5
113,box,box,1,2,0.0035,3.5
114,box,box,1,5,0.0035,3.5
115,box,box,1,3,0.0035,3.5
116,box,box,1,4,0.0035,3.5
117,can,can,1,3,0.0035,3.5
118,box,box,1,5,0.0035,3.5
119,bottle,bottle,1,2,0.0035,3.5
120,can,can,1,4,0.0035,3.5
121,bottle,bottle,1,3,0.0035,3.5
122,mug,mug,1,2,0.0035,3.5
123,box,box,1,1,0.0035,3.5
124,can,can,1,2,0.0035,3.5
125,box,box,1,5,0.0035,3.5
126,box,box,1,2,0.0035,3.5
127,bottle,bottle,1,3,0.0035,3.5
128,box,box,1,2,0.0035,3.5
129,can,can,1,3,0.0035,3.5
130,bowl,bowl,1,3,0.0035,3.5
131,mug,mug,1,3,0.0035,3.5
132,can,can,1,3,0.0035,3.5
133,can,can,1,1,0.0035,3.5
134,bottle,bottle,1,5,0.0035,3.5
135,bottle,bottle,1,5,0.0035,3.5
136,can,can,1,4,0.0035,3.5
137,mug,mug,1,5,0.0035,3.5
138,box,box,1,5,0.0035,3.5
139,can,can,1,2,0.0035,3.5
140,can,can,1,1,0.0035,3.5
141,box,box,1,3,0.0035,3.5
142,box,box,1,4,0.0035,3.5
143,can,can,1,3,0.0035,3.5
144,bowl,bowl,1,3,0.0035,3.5
145,mug,mug,1,4,0.0035,3.5
146,bottle,bottle,1,3,0.0035,3.5
147,box,box,1,3,0.0035,3.5
148,can,can,1,2,0.0035,3.5
149,can,can,1,3,0.0035,3.5
150,box,box,1,5,0.0035,3.5
151,box,box,1,2,0.0035,3.5
152,box,box,1,5,0.0035,3.5
153,can,can,1,1,0.0035,3.5
154,box,box,1,4,0.0035,3.5
155,can,can,1,5,0.0035,3.5
156,can,can,1,4,0.0035,3.5
157,can,can,1,1,0.0035,3.5
158,box,box,1,5,0.0035,3.5
159,bottle,bottle,1,5,0.0035,3.5
160,box,box,1,5,0.0035,3.5
161,can,can,1,2,0.0035,3.5
162,box,box,1,1,0.0035,3.5
163,mug,mug,1,3,0.0035,3.5
164,box,box,1,2,0.0035,3.5
165,can,can,1,5,0.0035,3.5
166,can,can,1,2,0.0035,3.5
167,can,can,1,3,0.0035,3.5
168,bottle,bottle,1,4,0.0035,3.5
169,bottle,bottle,1,1,0.0035,3.5
170,bottle,bottle,1,4,0.0035,3.5
171,box,box,1,4,0.0035,3.5
172,can,can,1,2,0.0035,3.5
173,can,can,1,2,0.0035,3.5
174,box,box,1,1,0.0035,3.5
175,can,can,1,4,0.0035,3.5
176,can,can,1,3,0.0035,3.5
177,box,box,1,4,0.0035,3.5
178,can,can,1,4,0.0035,3.5
179,box,box,1,4,0.0035,3.5
180,box,box,1,1,0.0035,3.5
181,box,box,1,3,0.0035,3.5
182,can,can,1,4,0.0035,3.5
183,bottle,bottle,1,1,0.0035,3.5
184,box,box,1,5,0.0035,3.5
185,box,box,1,5,0.0035,3.5
186,box,box,1,4,0.0035,3.5
187,can,can,1,1,0.0035,3.5
188,can,can,1,2,0.0035,3.5
189,box,box,1,5,0.0035,3.5
190,box,box,1,5,0.0035,3.5
191,mug,mug,1,3,0.0035,3.5
192,can,can,1,3,0.0035,3.5
193,mug,mug,1,5,0.0035,3.5
194,box,box,1,1,0.0035,3.5
195,can,can,1,4,0.0035,3.5
196,box,box,1,3,0.0035,3.5
197,box,box,1,3,0.0035,3.5
198,can,can,1,2,0.0035,3.5
199,can,can,1,3,0.0035,3.5
200,can,can,1,2,0.0035,3.5
201,box,box,1,5,0.0035,3.5
202,box,box,1,1,0.0035,3.5
203,box,box,1,3,0.0035,3.5
204,box,box,1,2,0.0035,3.5
205,box,box,1,3,0.0035,3.5
206,box,box,1,3,0.0035,3.5
207,can,can,1,1,0.0035,3.5
208,box,box,1,3,0.0035,3.5
209,can,can,1,1,0.0035,3.5
210,box,box,1,3,0.0035,3.5
211,can,can,1,2,0.0035,3.5
212,box,box,1,5,0.0035,3.5
213,bottle,bottle,1,2,0.0035,3.5
214,bottle,bottle,1,3,0.0035,3.5
215,can,can,1,4,0.0035,3.5
216,box,box,1,1,0.0035,3.5
217,box,box,1,4,0.0035,3.5
218,can,can,1,5,0.0035,3.5
219,mug,mug,1,5,0.0035,3.5
220,box,box,1,1,0.0035,3.5
221,bottle,can,0,4,0.0035,3.5
222,bowl,bowl,1,2,0.0035,3.5
223,mug,mug,1,4,0.0035,3.5
224,box,box,1,4,0.0035,3.5
225,box,box,1,4,0.0035,3.5
226,bottle,bottle,1,2,0.0035,3.5
227,mug,mug,1,1,0.0035,3.5
228,box,box,1,5,0.0035,3.5
229,can,can,1,2,0.0035,3.5
230,box,box,1,2,0.0035,3.5
231,box,box,1,2,0.0035,3.5
232,can,can,1,3,0.0035,3.5
233,box,box,1,1,0.0035,3.5
234,box,box,1,4,0.0035,3.5
235,bottle,bottle,1,2,0.0035,3.5
236,bowl,bowl,1,1,0.0035,3.5
237,mug,mug,1,4,0.0035,3.5
238,can,can,1,1,0.0035,3.5
239,can,can,1,2,0.0035,3.5
240,box,box,1,3,0.0035,3.5
241,mug,mug,1,5,0.0035,3.5
242,box,box,1,5,0.0035,3.5
243,can,can,1,2,0.0035,3.5
244,box,box,1,1,0.0035,3.5
245,bottle,bottle,1,4,0.0035,3.5
246,mug,mug,1,4,0.0035,3.5
247,box,box,1,1,0.0035,3.5
248,box,box,1,1,0.0035,3.5
249,bottle,bottle,1,2,0.0035,3.5
250,can,can,1,2,0.0035,3.5
251,can,can,1,4,0.0035,3.5
252,can,can,1,1,0.0035,3.5
253,bottle,bottle,1,4,0.0035,3.5
254,bottle,bottle,1,3,0.0035,3.5
255,box,box,1,2,0.0035,3.5
256,can,can,1,4,0.0035,3.5
257,bottle,bottle,1,1,0.0035,3.5
258,mug,mug,1,4,0.0035,3.5
259,can,can,1,4,0.0035,3.5
260,box,box,1,1,0.0035,3.5
261,can,can,1,4,0.0035,3.5
262,box,box,1,1,0.0035,3.5
263,box,box,1,1,0.0035,3.5
264,can,can,1,4,0.0035,3.5
265,box,box,1,5,0.0035,3.5
266,box,box,1,2,0.0035,3.5
267,box,box,1,3,0.0035,3.5
268,box,box,1,5,0.0035,3.5
269,box,box,1,2,0.0035,3.5
270,box,box,1,1,0.0035,3.5
271,box,box,1,3,0.0035,3.5
272,bowl,box,0,2,0.0035,3.5
273,mug,bowl,0,5,0.0035,3.5
274,can,can,1,5,0.0035,3.5
275,box,box,1,5,0.0035,3.5
276,box,box,1,3,0.0035,3.5
277,can,can,1,5,0.0035,3.5
278,box,box,1,2,0.0035,3.5
279,box,box,1,4,0.0035,3.5
280,bottle,box,0,4,0.0035,3.5
281,bowl,bowl,1,2,0.0035,3.5
282,mug,mug,1,3,0.0035,3.5
283,box,box,1,3,0.0035,3.5
284,can,can,1,5,0.0035,3.5
285,box,box,1,4,0.0035,3.5
286,can,can,1,3,0.0035,3.5
287,bottle,bottle,1,5,0.0035,3.5
288,bottle,bottle,1,5,0.0035,3.5
289,bowl,bowl,1,2,0.0035,3.5
290,mug,mug,1,4,0.0035,3.5
291,can,can,1,2,0.0035,3.5
292,box,box,1,5,0.0035,3.5
293,bottle,bottle,1,3,0.0035,3.5
294,bottle,bottle,1,4,0.0035,3.5
295,box,box,1,1,0.0035,3.5
296,bottle,box,0,3,0.0035,3.5
297,mug,mug,1,4,0.0035,3.5
298,box,box,1,2,0.0035,3.5
299,box,box,1,1,0.0035,3.5
300,can,can,1,5,0.0035,3.5
301,box,box,1,1,0.0035,3.5
302,bottle,bottle,1,3,0.0035,3.5
303,mug,mug,1,1,0.0035,3.5
304,bottle,bottle,1,3,0.0035,3.5
305,bowl,bowl,1,3,0.0035,3.5
306,mug,mug,1,2,0.0035,3.5
307,box,box,1,5,0.0035,3.5
308,box,box,1,4,0.0035,3.5
309,can,can,1,4,0.0035,3.5
310,bottle,bottle,1,4,0.0035,3.5
311,bottle,bottle,1,1,0.0035,3.5
312,bowl,bowl,1,1,0.0035,3.5
313,mug,mug,1,3,0.0035,3.5
314,can,can,1,2,0.0035,3.5
315,mug,mug,1,2,0.0035,3.5
316,box,box,1,1,0.0035,3.5
317,box,box,1,5,0.0035,3.5
318,can,can,1,3,0.0035,3.5
319,bottle,bottle,1,1,0.0035,3.5
320,can,can,1,1,0.0035,3.5
321,bottle,bottle,1,2,0.0035,3.5
322,box,box,1,1,0.0035,3.5
323,box,box,1,2,0.0035,3.5
324,can,can,1,1,0.0035,3.5
325,box,box,1,5,0.0035,3.5
326,box,box,1,4,0.0035,3.5
327,bottle,bottle,1,2,0.0035,3.5
328,bottle,bottle,1,1,0.0035,3.5
329,can,can,1,1,0.0035,3.5
330,box,box,1,1,0.0035,3.5
331,box,box,1,2,0.0035,3.5
332,can,can,1,3,0.0035,3.5
333,box,box,1,5,0.0035,3.5
334,can,can,1,4,0.0035,3.5
335,box,box,1,1,0.0035,3.5
336,box,box,1,1,0.0035,3.5
337,box,box,1,5,0.0035,3.5
338,can,can,1,4,0.0035,3.5
339,box,box,1,2,0.0035,3.5
340,box,box,1,5,0.0035,3.5
341,can,can,1,2,0.0035,3.5
342,box,box,1,5,0.0035,3.5
343,can,can,1,2,0.0035,3.5
344,box,box,1,2,0.0035,3.5
345,bottle,bottle,1,1,0.0035,3.5
346,can,can,1,2,0.0035,3.5
347,can,can,1,3,0.0035,3.5
348,box,box,1,2,0.0035,3.5
349,can,can,1,5,0.0035,3.5
350,box,box,1,2,0.0035,3.5
351,can,can,1,1,0.0035,3.5
352,box,box,1,3,0.0035,3.5
353,can,can,1,3,0.0035,3.5
354,box,box,1,3,0.0035,3.5
355,box,box,1,4,0.0035,3.5
356,can,can,1,2,0.0035,3.5
357,box,box,1,4,0.0035,3.5
358,box,box,1,2,0.0035,3.5
359,bottle,bottle,1,1,0.0035,3.5
360,can,can,1,1,0.0035,3.5
361,box,box,1,5,0.0035,3.5
362,can,can,1,1,0.0035,3.5
363,box,box,1,3,0.0035,3.5
364,bottle,bottle,1,4,0.0035,3.5
365,box,box,1,5,0.0035,3.5
366,can,can,1,2,0.0035,3.5
367,can,can,1,1,0.0035,3.5
368,box,box,1,2,0.0035,3.5
369,bottle,bottle,1,3,0.0035,3.5
370,bowl,bowl,1,2,0.0035,3.5
371,box,box,1,5,0.0035,3.5
372,can,can,1,5,0.0035,3.5
373,bottle,bottle,1,2,0.0035,3.5
374,can,can,1,2,0.0035,3.5
375,box,box,1,1,0.0035,3.5
376,box,box,1,4,0.0035,3.5
377,can,can,1,4,0.0035,3.5
378,box,box,1,2,0.0035,3.5
379,box,box,1,4,0.0035,3.5
380,can,can,1,1,0.0035,3.5
381,mug,box,0,2,0.0035,3.5
382,can,can,1,4,0.0035,3.5
383,can,can,1,3,0.0035,3.5
384,can,box,0,5,0.0035,3.5
385,bottle,bottle,1,5,0.0035,3.5
386,can,can,1,2,0.0035,3.5
387,mug,mug,1,5,0.0035,3.5
388,box,box,1,4,0.0035,3.5
389,box,box,1,3,0.0035,3.5
390,can,can,1,2,0.0035,3.5
391,mug,mug,1,5,0.0035,3.5
392,can,can,1,4,0.0035,3.5
393,mug,box,0,2,0.0035,3.5
394,box,box,1,2,0.0035,3.5
395,can,can,1,5,0.0035,3.5
396,can,can,1,1,0.0035,3.5
397,can,can,1,5,0.0035,3.5
398,box,box,1,4,0.0035,3.5
399,box,box,1,2,0.0035,3.5
400,box,box,1,4,0.0035,3.5
401,can,can,1,5,0.0035,3.5
402,can,can,1,3,0.0035,3.5
403,bottle,bottle,1,5,0.0035,3.5
404,can,can,1,5,0.0035,3.5
405,mug,mug,1,1,0.0035,3.5
406,can,can,1,2,0.0035,3.5
407,box,box,1,2,0.0035,3.5
408,box,box,1,3,0.0035,3.5
409,can,can,1,3,0.0035,3.5
410,box,box,1,4,0.0035,3.5
411,can,can,1,5,0.0035,3.5
412,box,box,1,1,0.0035,3.5
413,can,can,1,1,0.0035,3.5
414,box,box,1,3,0.0035,3.5
415,box,box,1,2,0.0035,3.5
416,bottle,bottle,1,2,0.0035,3.5
417,bowl,bowl,1,5,0.0035,3.5
418,mug,mug,1,3,0.0035,3.5
419,box,box,1,3,0.0035,3.5
420,can,can,1,1,0.0035,3.5
421,box,box,1,3,0.0035,3.5
422,box,box,1,1,0.0035,3.5
423,can,can,1,5,0.0035,3.5
424,box,box,1,3,0.0035,3.5
425,can,can,1,1,0.0035,3.5
426,box,box,1,5,0.0035,3.5
427,box,box,1,3,0.0035,3.5
428,can,can,1,1,0.0035,3.5
429,bottle,bottle,1,2,0.0035,3.5
430,bottle,bottle,1,2,0.0035,3.5
431,box,box,1,2,0.0035,3.5
432,mug,mug,1,2,0.0035,3.5
433,box,box,1,3,0.0035,3.5
434,can,can,1,4,0.0035,3.5
435,box,box,1,3,0.0035,3.5
436,box,box,1,3,0.0035,3.5
437,box,box,1,4,0.0035,3.5
438,mug,mug,1,3,0.0035,3.5
439,can,can,1,3,0.0035,3.5
440,box,box,1,5,0.0035,3.5
441,box,box,1,3,0.0035,3.5
442,box,box,1,3,0.0035,3.5
443,can,can,1,5,0.0035,3.5
444,can,can,1,5,0.0035,3.5
445,can,can,1,1,0.0035,3.5
446,box,box,1,4,0.0035,3.5
447,mug,mug,1,2,0.0035,3.5
448,box,box,1,5,0.0035,3.5
449,can,can,1,3,0.0035,3.5
450,box,box,1,1,0.0035,3.5
451,can,can,1,2,0.0035,3.5
452,bottle,bottle,1,3,0.0035,3.5
453,bottle,bottle,1,5,0.0035,3.5
454,can,can,1,5,0.0035,3.5
455,can,can,1,4,0.0035,3.5
456,can,can,1,5,0.0035,3.5
457,can,can,1,4,0.0035,3.5
458,bottle,bottle,1,3,0.0035,3.5
459,can,can,1,1,0.0035,3.5
460,box,box,1,3,0.0035,3.5
461,box,box,1,2,0.0035,3.5
462,can,can,1,4,0.0035,3.5
463,bottle,bottle,1,5,0.0035,3.5
464,can,can,1,1,0.0035,3.5
465,box,box,1,4,0.0035,3.5
466,can,can,1,4,0.0035,3.5
467,bottle,bottle,1,5,0.0035,3.5
468,mug,mug,1,4,0.0035,3.5
469,box,box,1,4,0.0035,3.5
470,can,can,1,3,0.0035,3.5
471,box,box,1,5,0.0035,3.5
472,bottle,bottle,1,3,0.0035,3.5
473,mug,mug,1,3,0.0035,3.5
474,can,can,1,3,0.0035,3.5
475,box,box,1,3,0.0035,3.5
476,can,can,1,1,0.0035,3.5
477,bottle,bottle,1,4,0.0035,3.5
478,bottle,box,0,4,0.0035,3.5
479,box,box,1,1,0.0035,3.5
480,can,can,1,1,0.0035,3.5
481,box,box,1,2,0.0035,3.5
482,box,box,1,4,0.0035,3.5
483,box,box,1,5,0.0035,3.5
484,can,can,1,5,0.0035,3.5
485,box,box,1,1,0.0035,3.5
486,box,box,1,4,0.0035,3.5
487,can,can,1,5,0.0035,3.5
488,bowl,bowl,1,2,0.0035,3.5
489,mug,mug,1,2,0.0035,3.5
490,box,box,1,4,0.0035,3.5
491,box,box,1,2,0.0035,3.5
492,can,can,1,1,0.0035,3.5
493,box,box,1,2,0.0035,3.5
494,can,can,1,5,0.0035,3.5
495,bottle,bottle,1,1,0.0035,3.5
496,bottle,bottle,1,2,0.0035,3.5
497,bottle,bottle,1,2,0.0035,3.5
498,bowl,bowl,1,3,0.0035,3.5
499,mug,mug,1,4,0.0035,3.5
500,can,can,1,5,0.0035,3.5
501,mug,mug,1,4,0.0035,3.5
502,can,can,1,2,0.0035,3.5
503,box,box,1,2,0.0035,3.5
504,can,can,1,2,0.0035,3.5
505,box,box,1,2,0.0035,3.5
506,box,box,1,1,0.0035,3.5
507,box,box,1,5,0.0035,3.5
508,can,can,1,3,0.0035,3.5
509,box,box,1,2,0.0035,3.5
510,can,can,1,5,0.0035,3.5
511,box,box,1,1,0.0035,3.5
512,box,box,1,1,0.0035,3.5
513,box,box,1,4,0.0035,3.5
514,can,can,1,5,0.0035,3.5
515,can,can,1,5,0.0035,3.5
516,can,can,1,5,0.0035,3.5
517,box,box,1,2,0.0035,3.5
518,box,box,1,5,0.0035,3.5
519,can,can,1,5,0.0035,3.5
520,box,box,1,3,0.0035,3.5
521,can,can,1,3,0.0035,3.5
522,can,can,1,2,0.0035,3.5
523,bottle,bottle,1,2,0.0035,3.5
524,bottle,bottle,1,4,0.0035,3.5
525,bowl,bowl,1,3,0.0035,3.5
526,mug,mug,1,4,0.0035,3.5
527,can,can,1,2,0.0035,3.5
528,box,box,1,3,0.0035,3.5
529,bottle,bottle,1,5,0.0035,3.5
530,mug,mug,1,5,0.0035,3.5
531,can,can,1,5,0.0035,3.5
532,can,can,1,3,0.0035,3.5
533,box,box,1,5,0.0035,3.5
534,box,box,1,3,0.0035,3.5
535,box,box,1,3,0.0035,3.5
536,box,box,1,3,0.0035,3.5
537,box,box,1,1,0.0035,3.5
538,can,can,1,1,0.0035,3.5
539,can,can,1,3,0.0035,3.5
540,bottle,bottle,1,4,0.0035,3.5
541,bottle,bottle,1,3,0.0035,3.5
542,mug,mug,1,3,0.0035,3.5
543,can,can,1,2,0.0035,3.5
544,box,box,1,2,0.0035,3.5
545,box,box,1,2,0.0035,3.5
546,box,box,1,3,0.0035,3.5
547,can,can,1,2,0.0035,3.5
548,box,box,1,2,0.0035,3.5
549,can,can,1,2,0.0035,3.5
550,bottle,bottle,1,1,0.0035,3.5
551,mug,mug,1,4,0.0035,3.5
552,can,can,1,1,0.0035,3.5
553,can,can,1,3,0.0035,3.5
554,bottle,bottle,1,3,0.0035,3.5
555,can,can,1,5,0.0035,3.5
556,bottle,bottle,1,5,0.0035,3.5
557,box,box,1,1,0.0035,3.5
558,bottle,bottle,1,1,0.0035,3.5
559,bowl,bowl,1,4,0.0035,3.5
560,mug,mug,1,1,0.0035,3.5
561,box,box,1,1,0.0035,3.5
562,box,box,1,5,0.0035,3.5
563,box,box,1,1,0.0035,3.5
564,can,can,1,2,0.0035,3.5
565,can,can,1,1,0.0035,3.5
566,bottle,bottle,1,4,0.0035,3.5
567,box,box,1,3,0.0035,3.5
568,can,can,1,3,0.0035,3.5
569,box,box,1,2,0.0035,3.5
570,box,box,1,4,0.0035,3.5
571,can,can,1,1,0.0035,3.5
572,can,can,1,5,0.0035,3.5
573,box,box,1,2,0.0035,3.5
574,box,box,1,2,0.0035,3.5
575,bottle,bottle,1,1,0.0035,3.5
576,bowl,bowl,1,1,0.0035,3.5
577,mug,mug,1,2,0.0035,3.5
578,can,can,1,4,0.0035,3.5
579,box,box,1,3,0.0035,3.5
580,box,box,1,4,0.0035,3.5
581,bottle,bottle,1,2,0.0035,3.5
582,mug,mug,1,2,0.0035,3.5
583,bottle,bottle,1,1,0.0035,3.5
584,can,can,1,3,0.0035,3.5
585,box,box,1,4,0.0035,3.5
586,box,box,1,4,0.0035,3.5
587,box,box,1,2,0.0035,3.5
588,can,can,1,3,0.0035,3.5
589,box,box,1,5,0.0035,3.5
590,can,can,1,2,0.0035,3.5
591,box,box,1,1,0.0035,3.5
592,box,box,1,1,0.0035,3.5
593,bottle,bottle,1,2,0.0035,3.5
594,mug,mug,1,5,0.0035,3.5
595,can,can,1,5,0.0035,3.5
596,bottle,bottle,1,2,0.0035,3.5
597,can,can,1,3,0.0035,3.5
598,box,box,1,1,0.0035,3.5
599,box,box,1,2,0.0035,3.5
600,box,box,1,2,0.0035,3.5
601,box,box,1,2,0.0035,3.5
602,bottle,bottle,1,3,0.0035,3.5
603,can,can,1,5,0.0035,3.5
604,can,can,1,2,0.0035,3.5
605,box,box,1,3,0.0035,3.5
606,box,box,1,3,0.0035,3.5
607,can,can,1,4,0.0035,3.5
608,bottle,bottle,1,4,0.0035,3.5
609,box,box,1,4,0.0035,3.5
610,can,can,1,3,0.0035,3.5
611,bottle,bottle,1,3,0.0035,3.5
612,bowl,bowl,1,3,0.0035,3.5
613,mug,mug,1,1,0.0035,3.5
614,mug,mug,1,3,0.0035,3.5
615,box,box,1,4,0.0035,3.5
616,can,can,1,2,0.0035,3.5
617,box,box,1,4,0.0035,3.5
618,bottle,bottle,1,1,0.0035,3.5
619,can,can,1,3,0.0035,3.5
620,can,can,1,4,0.0035,3.5
621,bottle,bottle,1,2,0.0035,3.5
622,bottle,bottle,1,1,0.0035,3.5
623,bowl,bowl,1,3,0.0035,3.5
624,mug,mug,1,5,0.0035,3.5
625,bottle,bottle,1,1,0.0035,3.5
626,mug,mug,1,1,0.0035,3.5
627,box,box,1,4,0.0035,3.5
628,can,can,1,3,0.0035,3.5
629,box,box,1,4,0.0035,3.5
630,can,can,1,1,0.0035,3.5
631,bottle,bottle,1,1,0.0035,3.5
632,bottle,box,0,1,0.0035,3.5
633,can,can,1,5,0.0035,3.5
634,bottle,bottle,1,4,0.0035,3.5
635,box,box,1,5,0.0035,3.5
636,can,can,1,2,0.0035,3.5
637,can,can,1,1,0.0035,3.5
638,box,box,1,2,0.0035,3.5
639,box,box,1,4,0.0035,3.5
640,box,box,1,3,0.0035,3.5
641,box,box,1,5,0.0035,3.5
642,box,box,1,3,0.0035,3.5
643,can,can,1,1,0.0035,3.5
644,box,box,1,2,0.0035,3.5
645,box,box,1,5,0.0035,3.5
646,can,can,1,4,0.0035,3.5
647,can,can,1,2,0.0035,3.5
648,can,can,1,5,0.0035,3.5
649,can,can,1,4,0.0035,3.5
650,box,box,1,3,0.0035,3.5
651,can,can,1,2,0.0035,3.5
652,bottle,bottle,1,2,0.0035,3.5
653,box,box,1,5,0.0035,3.5
654,can,can,1,2,0.0035,3.5
655,can,can,1,3,0.0035,3.5
656,can,can,1,3,0.0035,3.5
657,box,box,1,5,0.0035,3.5
658,box,box,1,5,0.0035,3.5
659,box,box,1,4,0.0035,3.5
660,box,box,1,4,0.0035,3.5
661,box,box,1,4,0.0035,3.5
662,box,box,1,4,0.0035,3.5
663,bottle,box,0,4,0.0035,3.5
664,bowl,bowl,1,4,0.0035,3.5
665,can,can,1,1,0.0035,3.5
666,box,box,1,2,0.0035,3.5
667,box,box,1,2,0.0035,3.5
668,box,box,1,4,0.0035,3.5
669,box,box,1,4,0.0035,3.5
670,box,box,1,4,0.0035,3.5
671,box,box,1,5,0.0035,3.5
672,can,can,1,1,0.0035,3.5
673,box,box,1,4,0.0035,3.5
674,can,can,1,3,0.0035,3.5
675,can,can,1,4,0.0035,3.5
676,box,box,1,3,0.0035,3.5
677,box,box,1,4,0.0035,3.5
678,box,box,1,2,0.0035,3.5
679,can,can,1,1,0.0035,3.5
680,mug,box,0,2,0.0035,3.5
681,box,box,1,2,0.0035,3.5
682,can,box,0,5,0.0035,3.5
683,box,box,1,3,0.0035,3.5
684,can,can,1,2,0.0035,3.5
685,box,box,1,3,0.0035,3.5
686,box,box,1,3,0.0035,3.5
687,bowl,bowl,1,5,0.0035,3.5
688,mug,mug,1,4,0.0035,3.5
689,box,box,1,2,0.0035,3.5
690,can,can,1,3,0.0035,3.5
691,box,box,1,2,0.0035,3.5
692,box,box,1,4,0.0035,3.5
693,can,can,1,5,0.0035,3.5
694,box,can,0,3,0.0035,3.5
695,box,box,1,5,0.0035,3.5
696,can,can,1,2,0.0035,3.5
697,box,box,1,4,0.0035,3.5
698,bottle,bottle,1,4,0.0035,3.5
699,bottle,bottle,1,1,0.0035,3.5
700,can,can,1,3,0.0035,3.5
701,bowl,bowl,1,2,0.0035,3.5
702,mug,mug,1,5,0.0035,3.5
703,can,can,1,1,0.0035,3.5
704,box,box,1,2,0.0035,3.5
705,can,can,1,4,0.0035,3.5
706,box,box,1,4,0.0035,3.5
707,can,can,1,3,0.0035,3.5
708,can,can,1,5,0.0035,3.5
709,box,box,1,5,0.0035,3.5
710,box,box,1,2,0.0035,3.5
711,can,can,1,2,0.0035,3.5
712,box,box,1,4,0.0035,3.5
713,box,box,1,4,0.0035,3.5
714,box,box,1,2,0.0035,3.5
715,bowl,can,0,1,0.0035,3.5
716,mug,mug,1,3,0.0035,3.5
717,box,box,1,4,0.0035,3.5
718,bottle,bottle,1,3,0.0035,3.5
719,mug,mug,1,1,0.0035,3.5
720,can,can,1,1,0.0035,3.5
721,box,box,1,1,0.0035,3.5
722,box,box,1,5,0.0035,3.5
723,bottle,bottle,1,5,0.0035,3.5
724,box,box,1,1,0.0035,3.5
725,can,can,1,4,0.0035,3.5
726,box,box,1,3,0.0035,3.5
727,bottle,bottle,1,3,0.0035,3.5
728,bowl,bowl,1,4,0.0035,3.5
729,mug,mug,1,5,0.0035,3.5
730,can,can,1,3,0.0035,3.5
731,can,can,1,5,0.0035,3.5
732,bottle,bottle,1,1,0.0035,3.5
733,can,can,1,4,0.0035,3.5
734,box,box,1,1,0.0035,3.5
735,box,box,1,3,0.0035,3.5
736,box,box,1,2,0.0035,3.5
737,box,box,1,2,0.0035,3.5
738,box,box,1,1,0.0035,3.5
739,box,box,1,1,0.0035,3.5
740,can,can,1,4,0.0035,3.5
741,box,box,1,1,0.0035,3.5
742,box,box,1,2,0.0035,3.5
743,can,can,1,5,0.0035,3.5
744,bowl,box,0,1,0.0035,3.5
745,mug,mug,1,5,0.0035,3.5
746,box,box,1,2,0.0035,3.5
747,box,box,1,5,0.0035,3.5
748,can,can,1,5,0.0035,3.5
749,bottle,bottle,1,5,0.0035,3.5
750,bottle,bottle,1,1,0.0035,3.5
751,can,can,1,2,0.0035,3.5
752,bottle,bottle,1,5,0.0035,3.5
753,box,box,1,4,0.0035,3.5
754,can,can,1,2,0.0035,3.5
755,box,box,1,3,0.0035,3.5
756,box,bottle,0,2,0.0035,3.5
757,can,can,1,4,0.0035,3.5
758,box,box,1,1,0.0035,3.5
759,box,box,1,3,0.0035,3.5
760,can,can,1,2,0.0035,3.5
761,box,box,1,4,0.0035,3.5
762,can,can,1,3,0.0035,3.5
763,box,box,1,4,0.0035,3.5
764,can,can,1,3,0.0035,3.5
765,bowl,bowl,1,4,0.0035,3.5
766,mug,mug,1,4,0.0035,3.5
767,box,box,1,2,0.0035,3.5
768,can,can,1,1,0.0035,3.5
769,can,bottle,0,3,0.0035,3.5
770,bottle,bottle,1,5,0.0035,3.5
771,can,can,1,2,0.0035,3.5
772,box,box,1,1,0.0035,3.5
773,box,box,1,4,0.0035,3.5
774,can,can,1,5,0.0035,3.5
775,box,box,1,3,0.0035,3.5
776,box,box,1,3,0.0035,3.5
777,box,box,1,3,0.0035,3.5
778,box,box,1,5,0.0035,3.5
779,can,can,1,1,0.0035,3.5
780,box,box,1,1,0.0035,3.5
781,box,box,1,3,0.0035,3.5
782,box,box,1,5,0.0035,3.5
783,box,box,1,2,0.0035,3.5
784,can,can,1,4,0.0035,3.5
785,box,box,1,3,0.0035,3.5
786,box,box,1,5,0.0035,3.5
787,box,box,1,3,0.0035,3.5
788,bottle,bottle,1,5,0.0035,3.5
789,mug,mug,1,5,0.0035,3.5
790,can,can,1,4,0.0035,3.5
791,can,can,1,1,0.0035,3.5
792,bottle,bottle,1,3,0.0035,3.5
793,box,box,1,2,0.0035,3.5
794,box,bottle,0,2,0.0035,3.5
795,can,can,1,1,0.0035,3.5
796,box,box,1,4,0.0035,3.5
797,can,can,1,5,0.0035,3.5
798,box,box,1,3,0.0035,3.5
799,box,box,1,1,0.0035,3.5
800,can,can,1,5,0.0035,3.5
801,bottle,bottle,1,2,0.0035,3.5
802,can,can,1,3,0.0035,3.5
803,can,can,1,1,0.0035,3.5
804,mug,mug,1,3,0.0035,3.5
805,box,box,1,1,0.0035,3.5
806,box,box,1,1,0.0035,3.5
807,can,can,1,5,0.0035,3.5
808,box,box,1,3,0.0035,3.5
809,box,box,1,4,0.0035,3.5
810,can,can,1,3,0.0035,3.5
811,can,can,1,2,0.0035,3.5
812,box,box,1,3,0.0035,3.5
813,box,box,1,5,0.0035,3.5
814,box,box,1,1,0.0035,3.5
815,can,can,1,4,0.0035,3.5
816,box,box,1,5,0.0035,3.5
817,bottle,can,0,4,0.0035,3.5
818,mug,mug,1,2,0.0035,3.5
819,box,box,1,3,0.0035,3.5
820,can,can,1,5,0.0035,3.5
821,box,box,1,3,0.0035,3.5
822,box,box,1,4,0.0035,3.5
823,can,can,1,5,0.0035,3.5
824,box,box,1,2,0.0035,3.5
825,can,can,1,1,0.0035,3.5
826,box,box,1,5,0.0035,3.5
827,box,box,1,2,0.0035,3.5
828,bowl,bowl,1,1,0.0035,3.5
829,mug,mug,1,2,0.0035,3.5
830,bottle,bottle,1,1,0.0035,3.5
831,bottle,bottle,1,5,0.0035,3.5
832,box,box,1,1,0.0035,3.5
833,can,can,1,3,0.0035,3.5
834,can,can,1,4,0.0035,3.5
835,bottle,bottle,1,2,0.0035,3.5
836,box,box,1,2,0.0035,3.5
837,bottle,bowl,0,5,0.0035,3.5
838,bowl,can,0,2,0.0035,3.5
839,mug,mug,1,2,0.0035,3.5
840,box,box,1,2,0.0035,3.5
841,bowl,bowl,1,1,0.0035,3.5
842,can,can,1,2,0.0035,3.5
843,box,box,1,5,0.0035,3.5
844,box,box,1,1,0.0035,3.5
845,can,can,1,1,0.0035,3.5
846,can,can,1,4,0.0035,3.5
847,bottle,bottle,1,3,0.0035,3.5
848,can,can,1,5,0.0035,3.5
849,bottle,bottle,1,5,0.0035,3.5
850,bowl,bowl,1,3,0.0035,3.5
851,mug,mug,1,5,0.0035,3.5
852,box,box,1,4,0.0035,3.5
853,can,can,1,1,0.0035,3.5
854,box,box,1,5,0.0035,3.5
855,box,box,1,1,0.0035,3.5
856,box,box,1,4,0.0035,3.5
857,box,box,1,1,0.0035,3.5
858,can,can,1,3,0.0035,3.5
859,bottle,bottle,1,2,0.0035,3.5
860,can,can,1,5,0.0035,3.5
861,bottle,bottle,1,3,0.0035,3.5
862,bottle,bottle,1,4,0.0035,3.5
863,box,box,1,2,0.0035,3.5
864,can,can,1,1,0.0035,3.5
865,box,box,1,1,0.0035,3.5
866,box,box,1,5,0.0035,3.5
867,can,can,1,4,0.0035,3.5
868,box,box,1,5,0.0035,3.5
869,can,can,1,3,0.0035,3.5
870,box,box,1,3,0.0035,3.5
871,box,box,1,3,0.0035,3.5
872,can,can,1,3,0.0035,3.5
873,bottle,bottle,1,4,0.0035,3.5
874,can,box,0,5,0.0035,3.5
875,bottle,bottle,1,2,0.0035,3.5
876,box,box,1,5,0.0035,3.5
877,can,can,1,5,0.0035,3.5
878,bottle,bottle,1,4,0.0035,3.5
879,bowl,bowl,1,1,0.0035,3.5
880,mug,mug,1,2,0.0035,3.5
881,can,can,1,1,0.0035,3.5
882,bottle,bottle,1,3,0.0035,3.5
883,bowl,bowl,1,5,0.0035,3.5
884,mug,mug,1,1,0.0035,3.5
885,can,can,1,2,0.0035,3.5
886,bottle,bottle,1,5,0.0035,3.5
887,bottle,bottle,1,2,0.0035,3.5
888,box,box,1,5,0.0035,3.5
889,bottle,bottle,1,5,0.0035,3.5
890,bowl,bowl,1,4,0.0035,3.5
891,mug,mug,1,1,0.0035,3.5
892,bowl,bowl,1,5,0.0035,3.5
893,mug,mug,1,1,0.0035,3.5
894,can,can,1,3,0.0035,3.5
895,can,can,1,4,0.0035,3.5
896,box,box,1,4,0.0035,3.5
897,can,can,1,3,0.0035,3.5
898,box,box,1,3,0.0035,3.5
899,box,box,1,3,0.0035,3.5
900,box,box,1,3,0.0035,3.5
901,box,box,1,4,0.0035,3.5
902,box,box,1,5,0.0035,3.5
903,box,box,1,3,0.0035,3.5
904,can,can,1,3,0.0035,3.5
905,box,box,1,5,0.0035,3.5
906,box,box,1,5,0.0035,3.5
907,can,can,1,4,0.0035,3.5
908,mug,mug,1,4,0.0035,3.5
909,box,box,1,4,0.0035,3.5
910,can,can,1,4,0.0035,3.5
911,can,can,1,4,0.0035,3.5
912,can,can,1,2,0.0035,3.5
913,box,box,1,4,0.0035,3.5
914,box,box,1,3,0.0035,3.5
915,box,box,1,3,0.0035,3.5
916,can,can,1,2,0.0035,3.5
917,box,box,1,2,0.0035,3.5
918,can,can,1,3,0.0035,3.5
919,can,can,1,2,0.0035,3.5
920,box,box,1,1,0.0035,3.5
921,box,box,1,3,0.0035,3.5
922,box,box,1,3,0.0035,3.5
923,box,box,1,4,0.0035,3.5
924,can,can,1,2,0.0035,3.5
925,bottle,bottle,1,1,0.0035,3.5
926,box,box,1,3,0.0035,3.5
927,bottle,bottle,1,3,0.0035,3.5
928,mug,mug,1,4,0.0035,3.5
929,box,box,1,2,0.0035,3.5
930,box,box,1,1,0.0035,3.5
931,bowl,bowl,1,5,0.0035,3.5
932,mug,mug,1,5,0.0035,3.5
933,box,box,1,5,0.0035,3.5
934,can,can,1,5,0.0035,3.5
935,can,can,1,2,0.0035,3.5
936,box,box,1,1,0.0035,3.5
937,can,can,1,4,0.0035,3.5
938,can,can,1,2,0.0035,3.5
939,box,box,1,5,0.0035,3.5
940,box,box,1,5,0.0035,3.5
941,can,can,1,4,0.0035,3.5
942,can,can,1,1,0.0035,3.5
943,can,can,1,4,0.0035,3.5
944,box,box,1,1,0.0035,3.5
945,bowl,bowl,1,5,0.0035,3.5
946,mug,mug,1,3,0.0035,3.5
947,bottle,bottle,1,1,0.0035,3.5
948,can,can,1,4,0.0035,3.5
949,bottle,bottle,1,2,0.0035,3.5
950,can,can,1,5,0.0035,3.5
951,box,box,1,1,0.0035,3.5
952,box,box,1,3,0.0035,3.5
953,can,can,1,2,0.0035,3.5
954,can,can,1,1,0.0035,3.5
955,box,box,1,1,0.0035,3.5
956,can,can,1,5,0.0035,3.5
957,box,box,1,3,0.0035,3.5
958,can,can,1,1,0.0035,3.5
959,can,can,1,1,0.0035,3.5
960,can,can,1,3,0.0035,3.5
961,can,can,1,1,0.0035,3.5
962,box,box,1,4,0.0035,3.5
963,box,box,1,1,0.0035,3.5
964,box,box,1,4,0.0035,3.5
965,can,bowl,0,4,0.0035,3.5
966,can,can,1,2,0.0035,3.5
967,bottle,bottle,1,3,0.0035,3.5
968,can,can,1,3,0.0035,3.5
969,box,box,1,5,0.0035,3.5
970,box,box,1,1,0.0035,3.5
971,box,box,1,4,0.0035,3.5
972,box,box,1,3,0.0035,3.5
973,box,box,1,3,0.0035,3.5
974,bottle,bottle,1,2,0.0035,3.5
975,bowl,bowl,1,4,0.0035,3.5
976,mug,mug,1,1,0.0035,3.5
977,box,box,1,1,0.0035,3.5
978,can,can,1,1,0.0035,3.5
979,can,can,1,3,0.0035,3.5
980,bottle,bottle,1,2,0.0035,3.5
981,can,can,1,3,0.0035,3.5
982,box,box,1,4,0.0035,3.5
983,can,can,1,3,0.0035,3.5
984,box,box,1,1,0.0035,3.5
985,box,box,1,5,0.0035,3.5
986,box,box,1,3,0.0035,3.5
987,can,can,1,3,0.0035,3.5
988,can,box,0,4,0.0035,3.5
989,can,can,1,4,0.0035,3.5
990,box,box,1,2,0.0035,3.5
991,can,can,1,4,0.0035,3.5
992,box,box,1,4,0.0035,3.5
993,bottle,bottle,1,4,0.0035,3.5
994,mug,mug,1,1,0.0035,3.5
995,box,box,1,5,0.0035,3.5
996,can,can,1,1,0.0035,3.5
997,can,can,1,1,0.0035,3.5
998,box,box,1,2,0.0035,3.5
999,box,box,1,4,0.0035,3.5
1000,box,box,1,5,0.0035,3.5
1001,box,box,1,4,0.0035,3.5
1002,can,can,1,5,0.0035,3.5
1003,box,box,1,3,0.0035,3.5
1004,box,box,1,1,0.0035,3.5
1005,bottle,bottle,1,1,0.0035,3.5
1006,can,can,1,4,0.0035,3.5
1007,box,box,1,4,0.0035,3.5
1008,can,can,1,2,0.0035,3.5
1009,box,box,1,1,0.0035,3.5
1010,box,box,1,2,0.0035,3.5
1011,box,box,1,2,0.0035,3.5
1012,box,box,1,5,0.0035,3.5
1013,box,box,1,2,0.0035,3.5
1014,can,can,1,3,0.0035,3.5
1015,box,box,1,2,0.0035,3.5
1016,box,box,1,1,0.0035,3.5
1017,bottle,bottle,1,5,0.0035,3.5
1018,can,can,1,5,0.0035,3.5
1019,box,box,1,1,0.0035,3.5
1020,can,can,1,4,0.0035,3.5
1021,box,box,1,4,0.0035,3.5
1022,box,box,1,3,0.0035,3.5
1023,can,can,1,3,0.0035,3.5
1024,bottle,bottle,1,1,0.0035,3.5
1025,bowl,bowl,1,3,0.0035,3.5
1026,mug,mug,1,3,0.0035,3.5
1027,box,box,1,3,0.0035,3.5
1028,can,can,1,5,0.0035,3.5
1029,can,can,1,5,0.0035,3.5
1030,box,box,1,1,0.0035,3.5
1031,bottle,bottle,1,3,0.0035,3.5
1032,box,box,1,4,0.0035,3.5
1033,box,box,1,2,0.0035,3.5
1034,can,can,1,5,0.0035,3.5
1035,box,box,1,3,0.0035,3.5
1036,box,box,1,5,0.0035,3.5
1037,bottle,box,0,1,0.0035,3.5
1038,bowl,bowl,1,5,0.0035,3.5
1039,mug,mug,1,5,0.0035,3.5
1040,bottle,bottle,1,5,0.0035,3.5
1041,mug,mug,1,2,0.0035,3.5
1042,box,box,1,3,0.0035,3.5
1043,can,can,1,4,0.0035,3.5
1044,box,box,1,5,0.0035,3.5
1045,box,box,1,4,0.0035,3.5
1046,can,can,1,1,0.0035,3.5
1047,can,can,1,4,0.0035,3.5
1048,bottle,bottle,1,4,0.0035,3.5
1049,bottle,bottle,1,1,0.0035,3.5
1050,can,can,1,1,0.0035,3.5
1051,mug,mug,1,1,0.0035,3.5
1052,can,can,1,4,0.0035,3.5
1053,bottle,bottle,1,1,0.0035,3.5
1054,can,can,1,4,0.0035,3.5
1055,box,box,1,5,0.0035,3.5
1056,can,can,1,5,0.0035,3.5
1057,box,box,1,4,0.0035,3.5
1058,box,box,1,3,0.0035,3.5
1059,box,box,1,4,0.0035,3.5
1060,can,can,1,2,0.0035,3.5
1061,box,box,1,2,0.0035,3.5
1062,can,can,1,1,0.0035,3.5
1063,box,box,1,2,0.0035,3.5
1064,can,can,1,5,0.0035,3.5
1065,box,box,1,2,0.0035,3.5
1066,box,box,1,4,0.0035,3.5
1067,bowl,bowl,1,4,0.0035,3.5
1068,mug,mug,1,1,0.0035,3.5
1069,box,box,1,2,0.0035,3.5
1070,box,box,1,4,0.0035,3.5
1071,box,box,1,1,0.0035,3.5
1072,can,can,1,4,0.0035,3.5
1073,box,box,1,5,0.0035,3.5
1074,can,can,1,3,0.0035,3.5
1075,box,box,1,4,0.0035,3.5
1076,mug,mug,1,3,0.0035,3.5
1077,box,box,1,3,0.0035,3.5
1078,can,can,1,4,0.0035,3.5
1079,box,box,1,2,0.0035,3.5
1080,can,can,1,2,0.0035,3.5
1081,mug,mug,1,1,0.0035,3.5
1082,can,can,1,1,0.0035,3.5
1083,bottle,bottle,1,2,0.0035,3.5
1084,can,can,1,1,0.0035,3.5
1085,box,box,1,5,0.0035,3.5
1086,mug,mug,1,2,0.0035,3.5
1087,can,can,1,4,0.0035,3.5
1088,box,box,1,1,0.0035,3.5
1089,bottle,bottle,1,5,0.0035,3.5
1090,mug,mug,1,1,0.0035,3.5
1091,box,box,1,2,0.0035,3.5
1092,box,box,1,1,0.0035,3.5
1093,can,can,1,5,0.0035,3.5
1094,bowl,bowl,1,4,0.0035,3.5
1095,mug,mug,1,5,0.0035,3.5
1096,bottle,bottle,1,3,0.0035,3.5
1097,bottle,bottle,1,4,0.0035,3.5
1098,box,box,1,2,0.0035,3.5
1099,box,box,1,3,0.0035,3.5
1100,box,box,1,4,0.0035,3.5
1101,box,box,1,5,0.0035,3.5
1102,bowl,bowl,1,4,0.0035,3.5
1103,mug,mug,1,1,0.0035,3.5
1104,bowl,bowl,1,2,0.0035,3.5
1105,mug,mug,1,3,0.0035,3.5
1106,box,box,1,2,0.0035,3.5
1107,bowl,bowl,1,5,0.0035,3.5
1108,mug,can,0,3,0.0035,3.5
0,box,box,1,4,0.004,4.0
1,box,box,1,5,0.004,4.0
2,box,box,1,1,0.004,4.0
3,box,box,1,1,0.004,4.0
4,can,can,1,3,0.004,4.0
5,box,box,1,4,0.004,4.0
6,can,can,1,5,0.004,4.0
7,box,box,1,1,0.004,4.0
8,box,box,1,1,0.004,4.0
9,box,box,1,5,0.004,4.0
10,can,can,1,3,0.004,4.0
11,box,box,1,2,0.004,4.0
12,bottle,bottle,1,1,0.004,4.0
13,mug,mug,1,3,0.004,4.0
14,can,can,1,4,0.004,4.0
15,box,box,1,1,0.004,4.0
16,can,mug,0,2,0.004,4.0
17,bottle,bottle,1,4,0.004,4.0
18,bottle,bottle,1,3,0.004,4.0
19,box,box,1,1,0.004,4.0
20,box,box,1,3,0.004,4.0
21,can,can,1,2,0.004,4.0
22,box,box,1,2,0.004,4.0
23,can,can,1,3,0.004,4.0
24,box,box,1,3,0.004,4.0
25,can,can,1,5,0.004,4.0
26,box,box,1,4,0.004,4.0
27,can,can,1,4,0.004,4.0
28,box,box,1,4,0.004,4.0
29,box,box,1,5,0.004,4.0
30,can,can,1,4,0.004,4.0
31,box,box,1,2,0.004,4.0
32,box,box,1,4,0.004,4.0
33,can,can,1,1,0.004,4.0
34,bottle,bottle,1,5,0.004,4.0
35,can,can,1,4,0.004,4.0
36,can,can,1,4,0.004,4.0
37,box,box,1,5,0.004,4.0
38,box,box,1,1,0.004,4.0
39,box,box,1,1,0.004,4.0
40,can,can,1,2,0.004,4.0
41,box,box,1,3,0.004,4.0
42,can,mug,0,5,0.004,4.0
43,bottle,bottle,1,5,0.004,4.0
44,bottle,box,0,4,0.004,4.0
45,box,box,1,1,0.004,4.0
46,can,can,1,3,0.004,4.0
47,box,box,1,4,0.004,4.0
48,box,box,1,1,0.004,4.0
49,can,can,1,5,0.004,4.0
50,bottle,bottle,1,2,0.004,4.0
51,box,box,1,5,0.004,4.0
52,can,can,1,2,0.004,4.0
53,box,box,1,1,0.004,4.0
54,can,can,1,4,0.004,4.0
55,box,box,1,2,0.004,4.0
56,box,box,1,2,0.004,4.0
57,can,can,1,1,0.004,4.0
58,box,box,1,5,0.004,4.0
59,box,box,1,5,0.004,4.0
60,box,box,1,5,0.004,4.0
61,can,can,1,2,0.004,4.0
62,bottle,bottle,1,4,0.004,4.0
63,bottle,bottle,1,5,0.004,4.0
64,box,box,1,1,0.004,4.0
65,can,can,1,1,0.004,4.0
66,bottle,box,0,4,0.004,4.0
67,mug,mug,1,4,0.004,4.0
68,box,box,1,2,0.004,4.0
69,can,can,1,4,0.004,4.0
70,box,box,1,1,0.004,4.0
71,box,box,1,5,0.004,4.0
72,can,can,1,4,0.004,4.0
73,box,box,1,3,0.004,4.0
74,can,can,1,1,0.004,4.0
75,box,box,1,5,0.004,4.0
76,can,can,1,1,0.004,4.0
77,can,can,1,4,0.004,4.0
78,box,box,1,1,0.004,4.0
79,box,box,1,2,0.004,4.0
80,can,can,1,3,0.004,4.0
81,box,box,1,2,0.004,4.0
82,can,can,1,3,0.004,4.0
83,can,can,1,2,0.004,4.0
84,box,box,1,1,0.004,4.0
85,can,can,1,5,0.004,4.0
86,box,box,1,1,0.004,4.0
87,box,box,1,3,0.004,4.0
88,bottle,box,0,3,0.004,4.0
89,mug,can,0,4,0.004,4.0
90,box,box,1,5,0.004,4.0
91,can,can,1,5,0.004,4.0
92,box,box,1,4,0.004,4.0
93,can,can,1,3,0.004,4.0
94,box,box,1,5,0.004,4.0
95,can,can,1,5,0.004,4.0
96,box,box,1,4,0.004,4.0
97,bottle,bottle,1,5,0.004,4.0
98,bowl,bowl,1,1,0.004,4.0
99,mug,mug,1,2,0.004,4.0
100,box,box,1,1,0.004,4.0
101,can,can,1,2,0.004,4.0
102,box,box,1,1,0.004,4.0
103,can,can,1,1,0.004,4.0
104,box,box,1,5,0.004,4.0
105,can,can,1,3,0.004,4.0
106,can,can,1,2,0.004,4.0
107,can,can,1,1,0.004,4.0
108,box,box,1,5,0.004,4.0
109,can,can,1,5,0.004,4.0
110,box,box,1,5,0.004,4.0
111,box,box,1,1,0.004,4.0
112,can,can,1,1,0.004,4.0
113,box,box,1,2,0.004,4.0
114,box,box,1,5,0.004,4.0
115,box,box,1,3,0.004,4.0
116,box,box,1,4,0.004,4.0
117,can,can,1,3,0.004,4.0
118,box,box,1,5,0.004,4.0
119,bottle,bottle,1,2,0.004,4.0
120,can,can,1,4,0.004,4.0
121,bottle,bottle,1,3,0.004,4.0
122,mug,mug,1,2,0.004,4.0
123,box,box,1,1,0.004,4.0
124,can,can,1,2,0.004,4.0
125,box,box,1,5,0.004,4.0
126,box,box,1,2,0.004,4.0
127,bottle,bottle,1,3,0.004,4.0
128,box,box,1,2,0.004,4.0
129,can,can,1,3,0.004,4.0
130,bowl,bowl,1,3,0.004,4.0
131,mug,mug,1,3,0.004,4.0
132,can,can,1,3,0.004,4.0
133,can,can,1,1,0.004,4.0
134,bottle,bottle,1,5,0.004,4.0
135,bottle,bottle,1,5,0.004,4.0
136,can,can,1,4,0.004,4.0
137,mug,box,0,5,0.004,4.0
138,box,box,1,5,0.004,4.0
139,can,can,1,2,0.004,4.0
140,can,can,1,1,0.004,4.0
141,box,box,1,3,0.004,4.0
142,box,box,1,4,0.004,4.0
143,can,can,1,3,0.004,4.0
144,bowl,bowl,1,3,0.004,4.0
145,mug,mug,1,4,0.004,4.0
146,bottle,bottle,1,3,0.004,4.0
147,box,box,1,3,0.004,4.0
148,can,can,1,2,0.004,4.0
149,can,can,1,3,0.004,4.0
150,box,box,1,5,0.004,4.0
151,box,box,1,2,0.004,4.0
152,box,box,1,5,0.004,4.0
153,can,can,1,1,0.004,4.0
154,box,box,1,4,0.004,4.0
155,can,can,1,5,0.004,4.0
156,can,can,1,4,0.004,4.0
157,can,can,1,1,0.004,4.0
158,box,box,1,5,0.004,4.0
159,bottle,bottle,1,5,0.004,4.0
160,box,box,1,5,0.004,4.0
161,can,can,1,2,0.004,4.0
162,box,box,1,1,0.004,4.0
163,mug,mug,1,3,0.004,4.0
164,box,box,1,2,0.004,4.0
165,can,can,1,5,0.004,4.0
166,can,can,1,2,0.004,4.0
167,can,can,1,3,0.004,4.0
168,bottle,bottle,1,4,0.004,4.0
169,bottle,bottle,1,1,0.004,4.0
170,bottle,bottle,1,4,0.004,4.0
171,box,box,1,4,0.004,4.0
172,can,can,1,2,0.004,4.0
173,can,can,1,2,0.004,4.0
174,box,box,1,1,0.004,4.0
175,can,can,1,4,0.004,4.0
176,can,can,1,3,0.004,4.0
177,box,box,1,4,0.004,4.0
178,can,can,1,4,0.004,4.0
179,box,box,1,4,0.004,4.0
180,box,box,1,1,0.004,4.0
181,box,box,1,3,0.004,4.0
182,can,can,1,4,0.004,4.0
183,bottle,bottle,1,1,0.004,4.0
184,box,box,1,5,0.004,4.0
185,box,box,1,5,0.004,4.0
186,box,box,1,4,0.004,4.0
187,can,can,1,1,0.004,4.0
188,can,can,1,2,0.004,4.0
189,box,box,1,5,0.004,4.0
190,box,box,1,5,0.004,4.0
191,mug,mug,1,3,0.004,4.0
192,can,can,1,3,0.004,4.0
193,mug,mug,1,5,0.004,4.0
194,box,box,1,1,0.004,4.0
195,can,can,1,4,0.004,4.0
196,box,box,1,3,0.004,4.0
197,box,box,1,3,0.004,4.0
198,can,can,1,2,0.004,4.0
199,can,can,1,3,0.004,4.0
200,can,can,1,2,0.004,4.0
201,box,box,1,5,0.004,4.0
202,box,box,1,1,0.004,4.0
203,box,box,1,3,0.004,4.0
204,box,box,1,2,0.004,4.0
205,box,box,1,3,0.004,4.0
206,box,box,1,3,0.004,4.0
207,can,can,1,1,0.004,4.0
208,box,box,1,3,0.004,4.0
209,can,can,1,1,0.004,4.0
210,box,box,1,3,0.004,4.0
211,can,can,1,2,0.004,4.0
212,box,box,1,5,0.004,4.0
213,bottle,bottle,1,2,0.004,4.0
214,bottle,bottle,1,3,0.004,4.0
215,can,can,1,4,0.004,4.0
216,box,box,1,1,0.004,4.0
217,box,box,1,4,0.004,4.0
218,can,can,1,5,0.004,4.0
219,mug,box,0,5,0.004,4.0
220,box,box,1,1,0.004,4.0
221,bottle,box,0,4,0.004,4.0
222,bowl,bowl,1,2,0.004,4.0
223,mug,mug,1,4,0.004,4.0
224,box,box,1,4,0.004,4.0
225,box,box,1,4,0.004,4.0
226,bottle,bottle,1,2,0.004,4.0
227,mug,mug,1,1,0.004,4.0
228,box,box,1,5,0.004,4.0
229,can,can,1,2,0.004,4.0
230,box,box,1,2,0.004,4.0
231,box,box,1,2,0.004,4.0
232,can,can,1,3,0.004,4.0
233,box,box,1,1,0.004,4.0
234,box,box,1,4,0.004,4.0
235,bottle,bottle,1,2,0.004,4.0
236,bowl,bowl,1,1,0.004,4.0
237,mug,mug,1,4,0.004,4.0
238,can,can,1,1,0.004,4.0
239,can,can,1,2,0.004,4.0
240,box,box,1,3,0.004,4.0
241,mug,mug,1,5,0.004,4.0
242,box,box,1,5,0.004,4.0
243,can,can,1,2,0.004,4.0
244,box,box,1,1,0.004,4.0
245,bottle,bottle,1,4,0.004,4.0
246,mug,mug,1,4,0.004,4.0
247,box,box,1,1,0.004,4.0
248,box,box,1,1,0.004,4.0
249,bottle,bottle,1,2,0.004,4.0
250,can,can,1,2,0.004,4.0
251,can,can,1,4,0.004,4.0
252,can,can,1,1,0.004,4.0
253,bottle,bottle,1,4,0.004,4.0
254,bottle,bottle,1,3,0.004,4.0
255,box,box,1,2,0.004,4.0
256,can,can,1,4,0.004,4.0
257,bottle,bottle,1,1,0.004,4.0
258,mug,mug,1,4,0.004,4.0
259,can,can,1,4,0.004,4.0
260,box,box,1,1,0.004,4.0
261,can,can,1,4,0.004,4.0
262,box,box,1,1,0.004,4.0
263,box,box,1,1,0.004,4.0
264,can,can,1,4,0.004,4.0
265,box,box,1,5,0.004,4.0
266,box,box,1,2,0.004,4.0
267,box,box,1,3,0.004,4.0
268,box,box,1,5,0.004,4.0
269,box,box,1,2,0.004,4.0
270,box,box,1,1,0.004,4.0
271,box,box,1,3,0.004,4.0
272,bowl,box,0,2,0.004,4.0
273,mug,bowl,0,5,0.004,4.0
274,can,can,1,5,0.004,4.0
275,box,box,1,5,0.004,4.0
276,box,box,1,3,0.004,4.0
277,can,can,1,5,0.004,4.0
278,box,box,1,2,0.004,4.0
279,box,box,1,4,0.004,4.0
280,bottle,box,0,4,0.004,4.0
281,bowl,bowl,1,2,0.004,4.0
282,mug,mug,1,3,0.004,4.0
283,box,box,1,3,0.004,4.0
284,can,can,1,5,0.004,4.0
285,box,box,1,4,0.004,4.0
286,can,can,1,3,0.004,4.0
287,bottle,bottle,1,5,0.004,4.0
288,bottle,bottle,1,5,0.004,4.0
289,bowl,bowl,1,2,0.004,4.0
290,mug,mug,1,4,0.004,4.0
291,can,can,1,2,0.004,4.0
292,box,box,1,5,0.004,4.0
293,bottle,bottle,1,3,0.004,4.0
294,bottle,bottle,1,4,0.004,4.0
295,box,box,1,1,0.004,4.0
296,bottle,box,0,3,0.004,4.0
297,mug,mug,1,4,0.004,4.0
298,box,box,1,2,0.004,4.0
299,box,box,1,1,0.004,4.0
300,can,can,1,5,0.004,4.0
301,box,box,1,1,0.004,4.0
302,bottle,bottle,1,3,0.004,4.0
303,mug,mug,1,1,0.004,4.0
304,bottle,bottle,1,3,0.004,4.0
305,bowl,bowl,1,3,0.004,4.0
306,mug,mug,1,2,0.004,4.0
307,box,box,1,5,0.004,4.0
308,box,box,1,4,0.004,4.0
309,can,can,1,4,0.004,4.0
310,bottle,bottle,1,4,0.004,4.0
311,bottle,bottle,1,1,0.004,4.0
312,bowl,bowl,1,1,0.004,4.0
313,mug,mug,1,3,0.004,4.0
314,can,can,1,2,0.004,4.0
315,mug,mug,1,2,0.004,4.0
316,box,box,1,1,0.004,4.0
317,box,box,1,5,0.004,4.0
318,can,can,1,3,0.004,4.0
319,bottle,bottle,1,1,0.004,4.0
320,can,can,1,1,0.004,4.0
321,bottle,bottle,1,2,0.004,4.0
322,box,box,1,1,0.004,4.0
323,box,box,1,2,0.004,4.0
324,can,can,1,1,0.004,4.0
325,box,box,1,5,0.004,4.0
326,box,box,1,4,0.004,4.0
327,bottle,bottle,1,2,0.004,4.0
328,bottle,bottle,1,1,0.004,4.0
329,can,can,1,1,0.004,4.0
330,box,box,1,1,0.004,4.0
331,box,box,1,2,0.004,4.0
332,can,can,1,3,0.004,4.0
333,box,box,1,5,0.004,4.0
334,can,can,1,4,0.004,4.0
335,box,box,1,1,0.004,4.0
336,box,box,1,1,0.004,4.0
337,box,box,1,5,0.004,4.0
338,can,can,1,4,0.004,4.0
339,box,box,1,2,0.004,4.0
340,box,box,1,5,0.004,4.0
341,can,can,1,2,0.004,4.0
342,box,box,1,5,0.004,4.0
343,can,can,1,2,0.004,4.0
344,box,box,1,2,0.004,4.0
345,bottle,bottle,1,1,0.004,4.0
346,can,can,1,2,0.004,4.0
347,can,can,1,3,0.004,4.0
348,box,box,1,2,0.004,4.0
349,can,can,1,5,0.004,4.0
350,box,box,1,2,0.004,4.0
351,can,can,1,1,0.004,4.0
352,box,box,1,3,0.004,4.0
353,can,can,1,3,0.004,4.0
354,box,box,1,3,0.004,4.0
355,box,box,1,4,0.004,4.0
356,can,can,1,2,0.004,4.0
357,box,box,1,4,0.004,4.0
358,box,box,1,2,0.004,4.0
359,bottle,bottle,1,1,0.004,4.0
360,can,can,1,1,0.004,4.0
361,box,box,1,5,0.004,4.0
362,can,can,1,1,0.004,4.0
363,box,box,1,3,0.004,4.0
364,bottle,bottle,1,4,0.004,4.0
365,box,box,1,5,0.004,4.0
366,can,can,1,2,0.004,4.0
367,can,can,1,1,0.004,4.0
368,box,box,1,2,0.004,4.0
369,bottle,bottle,1,3,0.004,4.0
370,bowl,bowl,1,2,0.004,4.0
371,box,box,1,5,0.004,4.0
372,can,can,1,5,0.004,4.0
373,bottle,bottle,1,2,0.004,4.0
374,can,can,1,2,0.004,4.0
375,box,box,1,1,0.004,4.0
376,box,box,1,4,0.004,4.0
377,can,can,1,4,0.004,4.0
378,box,box,1,2,0.004,4.0
379,box,box,1,4,0.004,4.0
380,can,can,1,1,0.004,4.0
381,mug,box,0,2,0.004,4.0
382,can,can,1,4,0.004,4.0
383,can,can,1,3,0.004,4.0
384,can,box,0,5,0.004,4.0
385,bottle,bottle,1,5,0.004,4.0
386,can,can,1,2,0.004,4.0
387,mug,mug,1,5,0.004,4.0
388,box,box,1,4,0.004,4.0
389,box,box,1,3,0.004,4.0
390,can,can,1,2,0.004,4.0
391,mug,box,0,5,0.004,4.0
392,can,can,1,4,0.004,4.0
393,mug,box,0,2,0.004,4.0
394,box,box,1,2,0.004,4.0
395,can,can,1,5,0.004,4.0
396,can,can,1,1,0.004,4.0
397,can,can,1,5,0.004,4.0
398,box,box,1,4,0.004,4.0
399,box,box,1,2,0.004,4.0
400,box,box,1,4,0.004,4.0
401,can,can,1,5,0.004,4.0
402,can,can,1,3,0.004,4.0
403,bottle,bottle,1,5,0.004,4.0
404,can,can,1,5,0.004,4.0
405,mug,mug,1,1,0.004,4.0
406,can,can,1,2,0.004,4.0
407,box,box,1,2,0.004,4.0
408,box,box,1,3,0.004,4.0
409,can,can,1,3,0.004,4.0
410,box,box,1,4,0.004,4.0
411,can,can,1,5,0.004,4.0
412,box,box,1,1,0.004,4.0
413,can,can,1,1,0.004,4.0
414,box,box,1,3,0.004,4.0
415,box,box,1,2,0.004,4.0
416,bottle,bottle,1,2,0.004,4.0
417,bowl,bowl,1,5,0.004,4.0
418,mug,mug,1,3,0.004,4.0
419,box,box,1,3,0.004,4.0
420,can,can,1,1,0.004,4.0
421,box,box,1,3,0.004,4.0
422,box,box,1,1,0.004,4.0
423,can,can,1,5,0.004,4.0
424,box,box,1,3,0.004,4.0
425,can,can,1,1,0.004,4.0
426,box,box,1,5,0.004,4.0
427,box,box,1,3,0.004,4.0
428,can,can,1,1,0.004,4.0
429,bottle,bottle,1,2,0.004,4.0
430,bottle,bottle,1,2,0.004,4.0
431,box,box,1,2,0.004,4.0
432,mug,mug,1,2,0.004,4.0
433,box,box,1,3,0.004,4.0
434,can,can,1,4,0.004,4.0
435,box,box,1,3,0.004,4.0
436,box,box,1,3,0.004,4.0
437,box,box,1,4,0.004,4.0
438,mug,mug,1,3,0.004,4.0
439,can,can,1,3,0.004,4.0
440,box,box,1,5,0.004,4.0
441,box,box,1,3,0.004,4.0
442,box,box,1,3,0.004,4.0
443,can,can,1,5,0.004,4.0
444,can,can,1,5,0.004,4.0
445,can,can,1,1,0.004,4.0
446,box,box,1,4,0.004,4.0
447,mug,mug,1,2,0.004,4.0
448,box,box,1,5,0.004,4.0
449,can,can,1,3,0.004,4.0
450,box,box,1,1,0.004,4.0
451,can,can,1,2,0.004,4.0
452,bottle,bottle,1,3,0.004,4.0
453,bottle,bottle,1,5,0.004,4.0
454,can,can,1,5,0.004,4.0
455,can,can,1,4,0.004,4.0
456,can,can,1,5,0.004,4.0
457,can,can,1,4,0.004,4.0
458,bottle,bottle,1,3,0.004,4.0
459,can,can,1,1,0.004,4.0
460,box,box,1,3,0.004,4.0
461,box,box,1,2,0.004,4.0
462,can,can,1,4,0.004,4.0
463,bottle,bottle,1,5,0.004,4.0
464,can,can,1,1,0.004,4.0
465,box,box,1,4,0.004,4.0
466,can,can,1,4,0.004,4.0
467,bottle,bottle,1,5,0.004,4.0
468,mug,mug,1,4,0.004,4.0
469,box,box,1,4,0.004,4.0
470,can,can,1,3,0.004,4.0
471,box,box,1,5,0.004,4.0
472,bottle,bottle,1,3,0.004,4.0
473,mug,mug,1,3,0.004,4.0
474,can,can,1,3,0.004,4.0
475,box,box,1,3,0.004,4.0
476,can,can,1,1,0.004,4.0
477,bottle,bottle,1,4,0.004,4.0
478,bottle,box,0,4,0.004,4.0
479,box,box,1,1,0.004,4.0
480,can,can,1,1,0.004,4.0
481,box,box,1,2,0.004,4.0
482,box,box,1,4,0.004,4.0
483,box,box,1,5,0.004,4.0
484,can,can,1,5,0.004,4.0
485,box,box,1,1,0.004,4.0
486,box,box,1,4,0.004,4.0
487,can,can,1,5,0.004,4.0
488,bowl,bowl,1,2,0.004,4.0
489,mug,mug,1,2,0.004,4.0
490,box,box,1,4,0.004,4.0
491,box,box,1,2,0.004,4.0
492,can,can,1,1,0.004,4.0
493,box,box,1,2,0.004,4.0
494,can,can,1,5,0.004,4.0
495,bottle,bottle,1,1,0.004,4.0
496,bottle,bottle,1,2,0.004,4.0
497,bottle,bottle,1,2,0.004,4.0
498,bowl,bowl,1,3,0.004,4.0
499,mug,mug,1,4,0.004,4.0
500,can,can,1,5,0.004,4.0
501,mug,mug,1,4,0.004,4.0
502,can,can,1,2,0.004,4.0
503,box,box,1,2,0.004,4.0
504,can,can,1,2,0.004,4.0
505,box,box,1,2,0.004,4.0
506,box,box,1,1,0.004,4.0
507,box,box,1,5,0.004,4.0
508,can,can,1,3,0.004,4.0
509,box,box,1,2,0.004,4.0
510,can,can,1,5,0.004,4.0
511,box,box,1,1,0.004,4.0
512,box,box,1,1,0.004,4.0
513,box,box,1,4,0.004,4.0
514,can,can,1,5,0.004,4.0
515,can,can,1,5,0.004,4.0
516,can,can,1,5,0.004,4.0
517,box,box,1,2,0.004,4.0
518,box,box,1,5,0.004,4.0
519,can,can,1,5,0.004,4.0
520,box,box,1,3,0.004,4.0
521,can,can,1,3,0.004,4.0
522,can,can,1,2,0.004,4.0
523,bottle,bottle,1,2,0.004,4.0
524,bottle,bottle,1,4,0.004,4.0
525,bowl,bowl,1,3,0.004,4.0
526,mug,mug,1,4,0.004,4.0
527,can,can,1,2,0.004,4.0
528,box,box,1,3,0.004,4.0
529,bottle,bottle,1,5,0.004,4.0
530,mug,mug,1,5,0.004,4.0
531,can,can,1,5,0.004,4.0
532,can,can,1,3,0.004,4.0
533,box,box,1,5,0.004,4.0
534,box,box,1,3,0.004,4.0
535,box,box,1,3,0.004,4.0
536,box,box,1,3,0.004,4.0
537,box,box,1,1,0.004,4.0
538,can,can,1,1,0.004,4.0
539,can,can,1,3,0.004,4.0
540,bottle,bottle,1,4,0.004,4.0
541,bottle,box,0,3,0.004,4.0
542,mug,mug,1,3,0.004,4.0
543,can,can,1,2,0.004,4.0
544,box,box,1,2,0.004,4.0
545,box,box,1,2,0.004,4.0
546,box,box,1,3,0.004,4.0
547,can,can,1,2,0.004,4.0
548,box,box,1,2,0.004,4.0
549,can,can,1,2,0.004,4.0
550,bottle,bottle,1,1,0.004,4.0
551,mug,mug,1,4,0.004,4.0
552,can,can,1,1,0.004,4.0
553,can,can,1,3,0.004,4.0
554,bottle,bottle,1,3,0.004,4.0
555,can,box,0,5,0.004,4.0
556,bottle,bottle,1,5,0.004,4.0
557,box,box,1,1,0.004,4.0
558,bottle,bottle,1,1,0.004,4.0
559,bowl,bowl,1,4,0.004,4.0
560,mug,mug,1,1,0.004,4.0
561,box,box,1,1,0.004,4.0
562,box,box,1,5,0.004,4.0
563,box,box,1,1,0.004,4.0
564,can,can,1,2,0.004,4.0
565,can,can,1,1,0.004,4.0
566,bottle,bottle,1,4,0.004,4.0
567,box,box,1,3,0.004,4.0
568,can,can,1,3,0.004,4.0
569,box,box,1,2,0.004,4.0
570,box,box,1,4,0.004,4.0
571,can,can,1,1,0.004,4.0
572,can,can,1,5,0.004,4.0
573,box,box,1,2,0.004,4.0
574,box,box,1,2,0.004,4.0
575,bottle,bottle,1,1,0.004,4.0
576,bowl,bowl,1,1,0.004,4.0
577,mug,mug,1,2,0.004,4.0
578,can,can,1,4,0.004,4.0
579,box,box,1,3,0.004,4.0
580,box,box,1,4,0.004,4.0
581,bottle,bottle,1,2,0.004,4.0
582,mug,mug,1,2,0.004,4.0
583,bottle,bottle,1,1,0.004,4.0
584,can,can,1,3,0.004,4.0
585,box,box,1,4,0.004,4.0
586,box,box,1,4,0.004,4.0
587,box,box,1,2,0.004,4.0
588,can,can,1,3,0.004,4.0
589,box,box,1,5,0.004,4.0
590,can,can,1,2,0.004,4.0
591,box,box,1,1,0.004,4.0
592,box,box,1,1,0.004,4.0
593,bottle,bottle,1,2,0.004,4.0
594,mug,mug,1,5,0.004,4.0
595,can,can,1,5,0.004,4.0
596,bottle,bottle,1,2,0.004,4.0
597,can,can,1,3,0.004,4.0
598,box,box,1,1,0.004,4.0
599,box,box,1,2,0.004,4.0
600,box,box,1,2,0.004,4.0
601,box,box,1,2,0.004,4.0
602,bottle,bottle,1,3,0.004,4.0
603,can,can,1,5,0.004,4.0
604,can,can,1,2,0.004,4.0
605,box,box,1,3,0.004,4.0
606,box,box,1,3,0.004,4.0
607,can,can,1,4,0.004,4.0
608,bottle,bottle,1,4,0.004,4.0
609,box,box,1,4,0.004,4.0
610,can,can,1,3,0.004,4.0
611,bottle,bottle,1,3,0.004,4.0
612,bowl,bowl,1,3,0.004,4.0
613,mug,mug,1,1,0.004,4.0
614,mug,mug,1,3,0.004,4.0
615,box,box,1,4,0.004,4.0
616,can,can,1,2,0.004,4.0
617,box,box,1,4,0.004,4.0
618,bottle,bottle,1,1,0.004,4.0
619,can,can,1,3,0.004,4.0
620,can,can,1,4,0.004,4.0
621,bottle,bottle,1,2,0.004,4.0
622,bottle,bottle,1,1,0.004,4.0
623,bowl,bowl,1,3,0.004,4.0
624,mug,mug,1,5,0.004,4.0
625,bottle,bottle,1,1,0.004,4.0
626,mug,mug,1,1,0.004,4.0
627,box,box,1,4,0.004,4.0
628,can,can,1,3,0.004,4.0
629,box,box,1,4,0.004,4.0
630,can,can,1,1,0.004,4.0
631,bottle,bottle,1,1,0.004,4.0
632,bottle,box,0,1,0.004,4.0
633,can,can,1,5,0.004,4.0
634,bottle,bottle,1,4,0.004,4.0
635,box,box,1,5,0.004,4.0
636,can,can,1,2,0.004,4.0
637,can,can,1,1,0.004,4.0
638,box,box,1,2,0.004,4.0
639,box,box,1,4,0.004,4.0
640,box,box,1,3,0.004,4.0
641,box,box,1,5,0.004,4.0
642,box,box,1,3,0.004,4.0
643,can,can,1,1,0.004,4.0
644,box,box,1,2,0.004,4.0
645,box,box,1,5,0.004,4.0
646,can,can,1,4,0.004,4.0
647,can,can,1,2,0.004,4.0
648,can,can,1,5,0.004,4.0
649,can,can,1,4,0.004,4.0
650,box,box,1,3,0.004,4.0
651,can,can,1,2,0.004,4.0
652,bottle,bottle,1,2,0.004,4.0
653,box,box,1,5,0.004,4.0
654,can,can,1,2,0.004,4.0
655,can,can,1,3,0.004,4.0
656,can,can,1,3,0.004,4.0
657,box,box,1,5,0.004,4.0
658,box,box,1,5,0.004,4.0
659,box,box,1,4,0.004,4.0
660,box,box,1,4,0.004,4.0
661,box,box,1,4,0.004,4.0
662,box,box,1,4,0.004,4.0
663,bottle,box,0,4,0.004,4.0
664,bowl,bowl,1,4,0.004,4.0
665,can,can,1,1,0.004,4.0
666,box,box,1,2,0.004,4.0
667,box,box,1,2,0.004,4.0
668,box,box,1,4,0.004,4.0
669,box,box,1,4,0.004,4.0
670,box,box,1,4,0.004,4.0
671,box,box,1,5,0.004,4.0
672,can,can,1,1,0.004,4.0
673,box,box,1,4,0.004,4.0
674,can,can,1,3,0.004,4.0
675,can,can,1,4,0.004,4.0
676,box,box,1,3,0.004,4.0
677,box,box,1,4,0.004,4.0
678,box,box,1,2,0.004,4.0
679,can,can,1,1,0.004,4.0
680,mug,box,0,2,0.004,4.0
681,box,box,1,2,0.004,4.0
682,can,box,0,5,0.004,4.0
683,box,box,1,3,0.004,4.0
684,can,can,1,2,0.004,4.0
685,box,box,1,3,0.004,4.0
686,box,box,1,3,0.004,4.0
687,bowl,bowl,1,5,0.004,4.0
688,mug,mug,1,4,0.004,4.0
689,box,box,1,2,0.004,4.0
690,can,can,1,3,0.004,4.0
691,box,box,1,2,0.004,4.0
692,box,box,1,4,0.004,4.0
693,can,can,1,5,0.004,4.0
694,box,can,0,3,0.004,4.0
695,box,box,1,5,0.004,4.0
696,can,can,1,2,0.004,4.0
697,box,box,1,4,0.004,4.0
698,bottle,bottle,1,4,0.004,4.0
699,bottle,bottle,1,1,0.004,4.0
700,can,can,1,3,0.004,4.0
701,bowl,bowl,1,2,0.004,4.0
702,mug,mug,1,5,0.004,4.0
703,can,can,1,1,0.004,4.0
704,box,box,1,2,0.004,4.0
705,can,can,1,4,0.004,4.0
706,box,box,1,4,0.004,4.0
707,can,can,1,3,0.004,4.0
708,can,can,1,5,0.004,4.0
709,box,box,1,5,0.004,4.0
710,box,box,1,2,0.004,4.0
711,can,can,1,2,0.004,4.0
712,box,box,1,4,0.004,4.0
713,box,box,1,4,0.004,4.0
714,box,box,1,2,0.004,4.0
715,bowl,can,0,1,0.004,4.0
716,mug,mug,1,3,0.004,4.0
717,box,box,1,4,0.004,4.0
718,bottle,bottle,1,3,0.004,4.0
719,mug,mug,1,1,0.004,4.0
720,can,can,1,1,0.004,4.0
721,box,box,1,1,0.004,4.0
722,box,box,1,5,0.004,4.0
723,bottle,bottle,1,5,0.004,4.0
724,box,box,1,1,0.004,4.0
725,can,can,1,4,0.004,4.0
726,box,box,1,3,0.004,4.0
727,bottle,bottle,1,3,0.004,4.0
728,bowl,bowl,1,4,0.004,4.0
729,mug,mug,1,5,0.004,4.0
730,can,can,1,3,0.004,4.0
731,can,can,1,5,0.004,4.0
732,bottle,bottle,1,1,0.004,4.0
733,can,can,1,4,0.004,4.0
734,box,box,1,1,0.004,4.0
735,box,box,1,3,0.004,4.0
736,box,box,1,2,0.004,4.0
737,box,box,1,2,0.004,4.0
738,box,box,1,1,0.004,4.0
739,box,box,1,1,0.004,4.0
740,can,can,1,4,0.004,4.0
741,box,box,1,1,0.004,4.0
742,box,box,1,2,0.004,4.0
743,can,can,1,5,0.004,4.0
744,bowl,box,0,1,0.004,4.0
745,mug,mug,1,5,0.004,4.0
746,box,box,1,2,0.004,4.0
747,box,box,1,5,0.004,4.0
748,can,can,1,5,0.004,4.0
749,bottle,bottle,1,5,0.004,4.0
750,bottle,bottle,1,1,0.004,4.0
751,can,can,1,2,0.004,4.0
752,bottle,bottle,1,5,0.004,4.0
753,box,box,1,4,0.004,4.0
754,can,can,1,2,0.004,4.0
755,box,box,1,3,0.004,4.0
756,box,bottle,0,2,0.004,4.0
757,can,can,1,4,0.004,4.0
758,box,box,1,1,0.004,4.0
759,box,box,1,3,0.004,4.0
760,can,can,1,2,0.004,4.0
761,box,box,1,4,0.004,4.0
762,can,can,1,3,0.004,4.0
763,box,box,1,4,0.004,4.0
764,can,can,1,3,0.004,4.0
765,bowl,bowl,1,4,0.004,4.0
766,mug,mug,1,4,0.004,4.0
767,box,box,1,2,0.004,4.0
768,can,can,1,1,0.004,4.0
769,can,bottle,0,3,0.004,4.0
770,bottle,bottle,1,5,0.004,4.0
771,can,can,1,2,0.004,4.0
772,box,box,1,1,0.004,4.0
773,box,box,1,4,0.004,4.0
774,can,can,1,5,0.004,4.0
775,box,box,1,3,0.004,4.0
776,box,box,1,3,0.004,4.0
777,box,box,1,3,0.004,4.0
778,box,box,1,5,0.004,4.0
779,can,can,1,1,0.004,4.0
780,box,box,1,1,0.004,4.0
781,box,box,1,3,0.004,4.0
782,box,box,1,5,0.004,4.0
783,box,box,1,2,0.004,4.0
784,can,can,1,4,0.004,4.0
785,box,box,1,3,0.004,4.0
786,box,box,1,5,0.004,4.0
787,box,box,1,3,0.004,4.0
788,bottle,bottle,1,5,0.004,4.0
789,mug,mug,1,5,0.004,4.0
790,can,can,1,4,0.004,4.0
791,can,can,1,1,0.004,4.0
792,bottle,bottle,1,3,0.004,4.0
793,box,box,1,2,0.004,4.0
794,box,bottle,0,2,0.004,4.0
795,can,can,1,1,0.004,4.0
796,box,box,1,4,0.004,4.0
797,can,can,1,5,0.004,4.0
798,box,box,1,3,0.004,4.0
799,box,box,1,1,0.004,4.0
800,can,can,1,5,0.004,4.0
801,bottle,bottle,1,2,0.004,4.0
802,can,can,1,3,0.004,4.0
803,can,can,1,1,0.004,4.0
804,mug,mug,1,3,0.004,4.0
805,box,box,1,1,0.004,4.0
806,box,box,1,1,0.004,4.0
807,can,can,1,5,0.004,4.0
808,box,box,1,3,0.004,4.0
809,box,box,1,4,0.004,4.0
810,can,can,1,3,0.004,4.0
811,can,can,1,2,0.004,4.0
812,box,box,1,3,0.004,4.0
813,box,box,1,5,0.004,4.0
814,box,box,1,1,0.004,4.0
815,can,can,1,4,0.004,4.0
816,box,box,1,5,0.004,4.0
817,bottle,can,0,4,0.004,4.0
818,mug,mug,1,2,0.004,4.0
819,box,box,1,3,0.004,4.0
820,can,can,1,5,0.004,4.0
821,box,box,1,3,0.004,4.0
822,box,box,1,4,0.004,4.0
823,can,can,1,5,0.004,4.0
824,box,box,1,2,0.004,4.0
825,can,can,1,1,0.004,4.0
826,box,box,1,5,0.004,4.0
827,box,box,1,2,0.004,4.0
828,bowl,bowl,1,1,0.004,4.0
829,mug,mug,1,2,0.004,4.0
830,bottle,bottle,1,1,0.004,4.0
831,bottle,bottle,1,5,0.004,4.0
832,box,box,1,1,0.004,4.0
833,can,can,1,3,0.004,4.0
834,can,can,1,4,0.004,4.0
835,bottle,bottle,1,2,0.004,4.0
836,box,box,1,2,0.004,4.0
837,bottle,bowl,0,5,0.004,4.0
838,bowl,mug,0,2,0.004,4.0
839,mug,mug,1,2,0.004,4.0
840,box,box,1,2,0.004,4.0
841,bowl,bowl,1,1,0.004,4.0
842,can,can,1,2,0.004,4.0
843,box,box,1,5,0.004,4.0
844,box,box,1,1,0.004,4.0
845,can,can,1,1,0.004,4.0
846,can,can,1,4,0.004,4.0
847,bottle,bottle,1,3,0.004,4.0
848,can,can,1,5,0.004,4.0
849,bottle,bottle,1,5,0.004,4.0
850,bowl,bowl,1,3,0.004,4.0
851,mug,mug,1,5,0.004,4.0
852,box,box,1,4,0.004,4.0
853,can,can,1,1,0.004,4.0
854,box,box,1,5,0.004,4.0
855,box,box,1,1,0.004,4.0
856,box,box,1,4,0.004,4.0
857,box,box,1,1,0.004,4.0
858,can,can,1,3,0.004,4.0
859,bottle,bottle,1,2,0.004,4.0
860,can,can,1,5,0.004,4.0
861,bottle,bottle,1,3,0.004,4.0
862,bottle,bottle,1,4,0.004,4.0
863,box,box,1,2,0.004,4.0
864,can,can,1,1,0.004,4.0
865,box,box,1,1,0.004,4.0
866,box,box,1,5,0.004,4.0
867,can,can,1,4,0.004,4.0
868,box,box,1,5,0.004,4.0
869,can,can,1,3,0.004,4.0
870,box,box,1,3,0.004,4.0
871,box,box,1,3,0.004,4.0
872,can,can,1,3,0.004,4.0
873,bottle,bottle,1,4,0.004,4.0
874,can,box,0,5,0.004,4.0
875,bottle,bottle,1,2,0.004,4.0
876,box,box,1,5,0.004,4.0
877,can,can,1,5,0.004,4.0
878,bottle,bottle,1,4,0.004,4.0
879,bowl,bowl,1,1,0.004,4.0
880,mug,mug,1,2,0.004,4.0
881,can,can,1,1,0.004,4.0
882,bottle,bottle,1,3,0.004,4.0
883,bowl,bowl,1,5,0.004,4.0
884,mug,mug,1,1,0.004,4.0
885,can,can,1,2,0.004,4.0
886,bottle,bottle,1,5,0.004,4.0
887,bottle,bottle,1,2,0.004,4.0
888,box,box,1,5,0.004,4.0
889,bottle,bottle,1,5,0.004,4.0
890,bowl,bowl,1,4,0.004,4.0
891,mug,mug,1,1,0.004,4.0
892,bowl,bowl,1,5,0.004,4.0
893,mug,mug,1,1,0.004,4.0
894,can,can,1,3,0.004,4.0
895,can,can,1,4,0.004,4.0
896,box,box,1,4,0.004,4.0
897,can,can,1,3,0.004,4.0
898,box,box,1,3,0.004,4.0
899,box,box,1,3,0.004,4.0
900,box,box,1,3,0.004,4.0
901,box,box,1,4,0.004,4.0
902,box,box,1,5,0.004,4.0
903,box,box,1,3,0.004,4.0
904,can,can,1,3,0.004,4.0
905,box,box,1,5,0.004,4.0
906,box,box,1,5,0.004,4.0
907,can,can,1,4,0.004,4.0
908,mug,mug,1,4,0.004,4.0
909,box,box,1,4,0.004,4.0
910,can,can,1,4,0.004,4.0
911,can,can,1,4,0.004,4.0
912,can,can,1,2,0.004,4.0
913,box,box,1,4,0.004,4.0
914,box,box,1,3,0.004,4.0
915,box,box,1,3,0.004,4.0
916,can,can,1,2,0.004,4.0
917,box,box,1,2,0.004,4.0
918,can,can,1,3,0.004,4.0
919,can,can,1,2,0.004,4.0
920,box,box,1,1,0.004,4.0
921,box,box,1,3,0.004,4.0
922,box,box,1,3,0.004,4.0
923,box,box,1,4,0.004,4.0
924,can,can,1,2,0.004,4.0
925,bottle,bottle,1,1,0.004,4.0
926,box,box,1,3,0.004,4.0
927,bottle,bottle,1,3,0.004,4.0
928,mug,mug,1,4,0.004,4.0
929,box,box,1,2,0.004,4.0
930,box,box,1,1,0.004,4.0
931,bowl,bowl,1,5,0.004,4.0
932,mug,mug,1,5,0.004,4.0
933,box,box,1,5,0.004,4.0
934,can,can,1,5,0.004,4.0
935,can,can,1,2,0.004,4.0
936,box,box,1,1,0.004,4.0
937,can,can,1,4,0.004,4.0
938,can,can,1,2,0.004,4.0
939,box,box,1,5,0.004,4.0
940,box,box,1,5,0.004,4.0
941,can,can,1,4,0.004,4.0
942,can,can,1,1,0.004,4.0
943,can,can,1,4,0.004,4.0
944,box,box,1,1,0.004,4.0
945,bowl,bowl,1,5,0.004,4.0
946,mug,mug,1,3,0.004,4.0
947,bottle,bottle,1,1,0.004,4.0
948,can,can,1,4,0.004,4.0
949,bottle,bottle,1,2,0.004,4.0
950,can,can,1,5,0.004,4.0
951,box,box,1,1,0.004,4.0
952,box,box,1,3,0.004,4.0
953,can,can,1,2,0.004,4.0
954,can,can,1,1,0.004,4.0
955,box,box,1,1,0.004,4.0
956,can,can,1,5,0.004,4.0
957,box,box,1,3,0.004,4.0
958,can,can,1,1,0.004,4.0
959,can,can,1,1,0.004,4.0
960,can,can,1,3,0.004,4.0
961,can,can,1,1,0.004,4.0
962,box,box,1,4,0.004,4.0
963,box,box,1,1,0.004,4.0
964,box,box,1,4,0.004,4.0
965,can,bowl,0,4,0.004,4.0
966,can,can,1,2,0.004,4.0
967,bottle,bottle,1,3,0.004,4.0
968,can,can,1,3,0.004,4.0
969,box,box,1,5,0.004,4.0
970,box,box,1,1,0.004,4.0
971,box,box,1,4,0.004,4.0
972,box,box,1,3,0.004,4.0
973,box,box,1,3,0.004,4.0
974,bottle,bottle,1,2,0.004,4.0
975,bowl,bowl,1,4,0.004,4.0
976,mug,mug,1,1,0.004,4.0
977,box,box,1,1,0.004,4.0
978,can,can,1,1,0.004,4.0
979,can,can,1,3,0.004,4.0
980,bottle,bottle,1,2,0.004,4.0
981,can,can,1,3,0.004,4.0
982,box,box,1,4,0.004,4.0
983,can,can,1,3,0.004,4.0
984,box,box,1,1,0.004,4.0
985,box,box,1,5,0.004,4.0
986,box,box,1,3,0.004,4.0
987,can,can,1,3,0.004,4.0
988,can,box,0,4,0.004,4.0
989,can,can,1,4,0.004,4.0
990,box,box,1,2,0.004,4.0
991,can,can,1,4,0.004,4.0
992,box,box,1,4,0.004,4.0
993,bottle,bottle,1,4,0.004,4.0
994,mug,mug,1,1,0.004,4.0
995,box,box,1,5,0.004,4.0
996,can,can,1,1,0.004,4.0
997,can,can,1,1,0.004,4.0
998,box,box,1,2,0.004,4.0
999,box,box,1,4,0.004,4.0
1000,box,box,1,5,0.004,4.0
1001,box,box,1,4,0.004,4.0
1002,can,can,1,5,0.004,4.0
1003,box,box,1,3,0.004,4.0
1004,box,box,1,1,0.004,4.0
1005,bottle,bottle,1,1,0.004,4.0
1006,can,can,1,4,0.004,4.0
1007,box,box,1,4,0.004,4.0
1008,can,can,1,2,0.004,4.0
1009,box,box,1,1,0.004,4.0
1010,box,box,1,2,0.004,4.0
1011,box,box,1,2,0.004,4.0
1012,box,box,1,5,0.004,4.0
1013,box,box,1,2,0.004,4.0
1014,can,can,1,3,0.004,4.0
1015,box,box,1,2,0.004,4.0
1016,box,box,1,1,0.004,4.0
1017,bottle,bottle,1,5,0.004,4.0
1018,can,can,1,5,0.004,4.0
1019,box,box,1,1,0.004,4.0
1020,can,can,1,4,0.004,4.0
1021,box,box,1,4,0.004,4.0
1022,box,box,1,3,0.004,4.0
1023,can,can,1,3,0.004,4.0
1024,bottle,bottle,1,1,0.004,4.0
1025,bowl,bowl,1,3,0.004,4.0
1026,mug,mug,1,3,0.004,4.0
1027,box,box,1,3,0.004,4.0
1028,can,can,1,5,0.004,4.0
1029,can,can,1,5,0.004,4.0
1030,box,box,1,1,0.004,4.0
1031,bottle,bottle,1,3,0.004,4.0
1032,box,box,1,4,0.004,4.0
1033,box,box,1,2,0.004,4.0
1034,can,can,1,5,0.004,4.0
1035,box,box,1,3,0.004,4.0
1036,box,box,1,5,0.004,4.0
1037,bottle,box,0,1,0.004,4.0
1038,bowl,bowl,1,5,0.004,4.0
1039,mug,mug,1,5,0.004,4.0
1040,bottle,bottle,1,5,0.004,4.0
1041,mug,mug,1,2,0.004,4.0
1042,box,box,1,3,0.004,4.0
1043,can,can,1,4,0.004,4.0
1044,box,box,1,5,0.004,4.0
1045,box,box,1,4,0.004,4.0
1046,can,can,1,1,0.004,4.0
1047,can,can,1,4,0.004,4.0
1048,bottle,bottle,1,4,0.004,4.0
1049,bottle,bottle,1,1,0.004,4.0
1050,can,can,1,1,0.004,4.0
1051,mug,mug,1,1,0.004,4.0
1052,can,can,1,4,0.004,4.0
1053,bottle,bottle,1,1,0.004,4.0
1054,can,can,1,4,0.004,4.0
1055,box,box,1,5,0.004,4.0
1056,can,can,1,5,0.004,4.0
1057,box,box,1,4,0.004,4.0
1058,box,box,1,3,0.004,4.0
1059,box,box,1,4,0.004,4.0
1060,can,can,1,2,0.004,4.0
1061,box,box,1,2,0.004,4.0
1062,can,can,1,1,0.004,4.0
1063,box,box,1,2,0.004,4.0
1064,can,can,1,5,0.004,4.0
1065,box,box,1,2,0.004,4.0
1066,box,box,1,4,0.004,4.0
1067,bowl,bowl,1,4,0.004,4.0
1068,mug,mug,1,1,0.004,4.0
1069,box,box,1,2,0.004,4.0
1070,box,box,1,4,0.004,4.0
1071,box,box,1,1,0.004,4.0
1072,can,can,1,4,0.004,4.0
1073,box,box,1,5,0.004,4.0
1074,can,can,1,3,0.004,4.0
1075,box,box,1,4,0.004,4.0
1076,mug,mug,1,3,0.004,4.0
1077,box,box,1,3,0.004,4.0
1078,can,can,1,4,0.004,4.0
1079,box,box,1,2,0.004,4.0
1080,can,can,1,2,0.004,4.0
1081,mug,mug,1,1,0.004,4.0
1082,can,can,1,1,0.004,4.0
1083,bottle,bottle,1,2,0.004,4.0
1084,can,can,1,1,0.004,4.0
1085,box,box,1,5,0.004,4.0
1086,mug,mug,1,2,0.004,4.0
1087,can,can,1,4,0.004,4.0
1088,box,box,1,1,0.004,4.0
1089,bottle,bottle,1,5,0.004,4.0
1090,mug,mug,1,1,0.004,4.0
1091,box,box,1,2,0.004,4.0
1092,box,box,1,1,0.004,4.0
1093,can,can,1,5,0.004,4.0
1094,bowl,bowl,1,4,0.004,4.0
1095,mug,mug,1,5,0.004,4.0
1096,bottle,bottle,1,3,0.004,4.0
1097,bottle,bottle,1,4,0.004,4.0
1098,box,box,1,2,0.004,4.0
1099,box,box,1,3,0.004,4.0
1100,box,box,1,4,0.004,4.0
1101,box,box,1,5,0.004,4.0
1102,bowl,bowl,1,4,0.004,4.0
1103,mug,mug,1,1,0.004,4.0
1104,bowl,bowl,1,2,0.004,4.0
1105,mug,mug,1,3,0.004,4.0
1106,box,box,1,2,0.004,4.0
1107,bowl,bowl,1,5,0.004,4.0
1108,mug,can,0,3,0.004,4.0
