instance_id,true_label,predicted_label,correct,fold,point_count
0,box,box,1,4,1024
1,box,box,1,5,1024
2,box,box,1,1,1024
3,box,box,1,1,1024
4,can,can,1,3,1024
5,box,box,1,4,1024
6,can,can,1,5,1024
7,box,box,1,1,1024
8,box,box,1,1,1024
9,box,box,1,5,1024
10,can,can,1,3,1024
11,box,box,1,2,1024
12,bottle,bottle,1,1,1024
13,mug,mug,1,3,1024
14,can,can,1,4,1024
15,box,box,1,1,1024
16,can,mug,0,2,1024
17,bottle,bottle,1,4,1024
18,bottle,bottle,1,3,1024
19,box,box,1,1,1024
20,box,box,1,3,1024
21,can,can,1,2,1024
22,box,box,1,2,1024
23,can,can,1,3,1024
24,box,box,1,3,1024
25,can,can,1,5,1024
26,box,box,1,4,1024
27,can,can,1,4,1024
28,box,box,1,4,1024
29,box,box,1,5,1024
30,can,can,1,4,1024
31,box,box,1,2,1024
32,box,box,1,4,1024
33,can,can,1,1,1024
34,bottle,bottle,1,5,1024
35,can,can,1,4,1024
36,can,can,1,4,1024
37,box,box,1,5,1024
38,box,box,1,1,1024
39,box,box,1,1,1024
40,can,can,1,2,1024
41,box,box,1,3,1024
42,can,can,1,5,1024
43,bottle,bottle,1,5,1024
44,bottle,box,0,4,1024
45,box,box,1,1,1024
46,can,can,1,3,1024
47,box,box,1,4,1024
48,box,box,1,1,1024
49,can,can,1,5,1024
50,bottle,bottle,1,2,1024
51,box,box,1,5,1024
52,can,can,1,2,1024
53,box,box,1,1,1024
54,can,can,1,4,1024
55,box,box,1,2,1024
56,box,box,1,2,1024
57,can,can,1,1,1024
58,box,box,1,5,1024
59,box,box,1,5,1024
60,box,box,1,5,1024
61,can,can,1,2,1024
62,bottle,bottle,1,4,1024
63,bottle,bottle,1,5,1024
64,box,box,1,1,1024
65,can,can,1,1,1024
66,bottle,box,0,4,1024
67,mug,mug,1,4,1024
68,box,box,1,2,1024
69,can,can,1,4,1024
70,box,box,1,1,1024
71,box,box,1,5,1024
72,can,can,1,4,1024
73,box,box,1,3,1024
74,can,can,1,1,1024
75,box,box,1,5,1024
76,can,can,1,1,1024
77,can,can,1,4,1024
78,box,box,1,1,1024
79,box,box,1,2,1024
80,can,can,1,3,1024
81,box,box,1,2,1024
82,can,can,1,3,1024
83,can,can,1,2,1024
84,box,box,1,1,1024
85,can,can,1,5,1024
86,box,box,1,1,1024
87,box,box,1,3,1024
88,bottle,box,0,3,1024
89,mug,can,0,4,1024
90,box,box,1,5,1024
91,can,can,1,5,1024
92,box,box,1,4,1024
93,can,can,1,3,1024
94,box,box,1,5,1024
95,can,can,1,5,1024
96,box,box,1,4,1024
97,bottle,bottle,1,5,1024
98,bowl,bowl,1,1,1024
99,mug,mug,1,2,1024
100,box,box,1,1,1024
101,can,can,1,2,1024
102,box,box,1,1,1024
103,can,can,1,1,1024
104,box,box,1,5,1024
105,can,can,1,3,1024
106,can,can,1,2,1024
107,can,can,1,1,1024
108,box,box,1,5,1024
109,can,can,1,5,1024
110,box,box,1,5,1024
111,box,box,1,1,1024
112,can,can,1,1,1024
113,box,box,1,2,1024
114,box,box,1,5,1024
115,box,box,1,3,1024
116,box,box,1,4,1024
117,can,can,1,3,1024
118,box,box,1,5,1024
119,bottle,bottle,1,2,1024
120,can,can,1,4,1024
121,bottle,bottle,1,3,1024
122,mug,mug,1,2,1024
123,box,box,1,1,1024
124,can,can,1,2,1024
125,box,box,1,5,1024
126,box,box,1,2,1024
127,bottle,bottle,1,3,1024
128,box,box,1,2,1024
129,can,can,1,3,1024
130,bowl,bowl,1,3,1024
131,mug,mug,1,3,1024
132,can,can,1,3,1024
133,can,can,1,1,1024
134,bottle,bottle,1,5,1024
135,bottle,bottle,1,5,1024
136,can,can,1,4,1024
137,mug,mug,1,5,1024
138,box,box,1,5,1024
139,can,can,1,2,1024
140,can,can,1,1,1024
141,box,box,1,3,1024
142,box,box,1,4,1024
143,can,can,1,3,1024
144,bowl,bowl,1,3,1024
145,mug,mug,1,4,1024
146,bottle,bottle,1,3,1024
147,box,box,1,3,1024
148,can,can,1,2,1024
149,can,can,1,3,1024
150,box,box,1,5,1024
151,box,box,1,2,1024
152,box,box,1,5,1024
153,can,can,1,1,1024
154,box,box,1,4,1024
155,can,can,1,5,1024
156,can,can,1,4,1024
157,can,can,1,1,1024
158,box,box,1,5,1024
159,bottle,bottle,1,5,1024
160,box,box,1,5,1024
161,can,can,1,2,1024
162,box,box,1,1,1024
163,mug,mug,1,3,1024
164,box,box,1,2,1024
165,can,can,1,5,1024
166,can,can,1,2,1024
167,can,can,1,3,1024
168,bottle,bottle,1,4,1024
169,bottle,bottle,1,1,1024
170,bottle,bottle,1,4,1024
171,box,box,1,4,1024
172,can,can,1,2,1024
173,can,can,1,2,1024
174,box,box,1,1,1024
175,can,can,1,4,1024
176,can,can,1,3,1024
177,box,box,1,4,1024
178,can,can,1,4,1024
179,box,box,1,4,1024
180,box,box,1,1,1024
181,box,box,1,3,1024
182,can,can,1,4,1024
183,bottle,bottle,1,1,1024
184,box,box,1,5,1024
185,box,box,1,5,1024
186,box,box,1,4,1024
187,can,can,1,1,1024
188,can,can,1,2,1024
189,box,box,1,5,1024
190,box,box,1,5,1024
191,mug,mug,1,3,1024
192,can,can,1,3,1024
193,mug,mug,1,5,1024
194,box,box,1,1,1024
195,can,can,1,4,1024
196,box,box,1,3,1024
197,box,box,1,3,1024
198,can,can,1,2,1024
199,can,can,1,3,1024
200,can,can,1,2,1024
201,box,box,1,5,1024
202,box,box,1,1,1024
203,box,box,1,3,1024
204,box,box,1,2,1024
205,box,box,1,3,1024
206,box,box,1,3,1024
207,can,can,1,1,1024
208,box,box,1,3,1024
209,can,can,1,1,1024
210,box,box,1,3,1024
211,can,can,1,2,1024
212,box,box,1,5,1024
213,bottle,bottle,1,2,1024
214,bottle,bottle,1,3,1024
215,can,can,1,4,1024
216,box,box,1,1,1024
217,box,box,1,4,1024
218,can,can,1,5,1024
219,mug,mug,1,5,1024
220,box,box,1,1,1024
221,bottle,can,0,4,1024
222,bowl,bowl,1,2,1024
223,mug,mug,1,4,1024
224,box,box,1,4,1024
225,box,box,1,4,1024
226,bottle,bottle,1,2,1024
227,mug,mug,1,1,1024
228,box,box,1,5,1024
229,can,can,1,2,1024
230,box,box,1,2,1024
231,box,box,1,2,1024
232,can,can,1,3,1024
233,box,box,1,1,1024
234,box,box,1,4,1024
235,bottle,bottle,1,2,1024
236,bowl,bowl,1,1,1024
237,mug,mug,1,4,1024
238,can,can,1,1,1024
239,can,can,1,2,1024
240,box,box,1,3,1024
241,mug,mug,1,5,1024
242,box,box,1,5,1024
243,can,can,1,2,1024
244,box,box,1,1,1024
245,bottle,bottle,1,4,1024
246,mug,mug,1,4,1024
247,box,box,1,1,1024
248,box,box,1,1,1024
249,bottle,bottle,1,2,1024
250,can,can,1,2,1024
251,can,can,1,4,1024
252,can,can,1,1,1024
253,bottle,bottle,1,4,1024
254,bottle,bottle,1,3,1024
255,box,box,1,2,1024
256,can,can,1,4,1024
257,bottle,bottle,1,1,1024
258,mug,mug,1,4,1024
259,can,can,1,4,1024
260,box,box,1,1,1024
261,can,can,1,4,1024
262,box,box,1,1,1024
263,box,box,1,1,1024
264,can,can,1,4,1024
265,box,box,1,5,1024
266,box,box,1,2,1024
267,box,box,1,3,1024
268,box,box,1,5,1024
269,box,box,1,2,1024
270,box,box,1,1,1024
271,box,box,1,3,1024
272,bowl,box,0,2,1024
273,mug,bowl,0,5,1024
274,can,can,1,5,1024
275,box,box,1,5,1024
276,box,box,1,3,1024
277,can,can,1,5,1024
278,box,box,1,2,1024
279,box,box,1,4,1024
280,bottle,box,0,4,1024
281,bowl,bowl,1,2,1024
282,mug,mug,1,3,1024
283,box,box,1,3,1024
284,can,can,1,5,1024
285,box,box,1,4,1024
286,can,can,1,3,1024
287,bottle,bottle,1,5,1024
288,bottle,bottle,1,5,1024
289,bowl,bowl,1,2,1024
290,mug,mug,1,4,1024
291,can,can,1,2,1024
292,box,box,1,5,1024
293,bottle,bottle,1,3,1024
294,bottle,bottle,1,4,1024
295,box,box,1,1,1024
296,bottle,box,0,3,1024
297,mug,mug,1,4,1024
298,box,box,1,2,1024
299,box,box,1,1,1024
300,can,can,1,5,1024
301,box,box,1,1,1024
302,bottle,bottle,1,3,1024
303,mug,mug,1,1,1024
304,bottle,bottle,1,3,1024
305,bowl,bowl,1,3,1024
306,mug,mug,1,2,1024
307,box,box,1,5,1024
308,box,box,1,4,1024
309,can,can,1,4,1024
310,bottle,bottle,1,4,1024
311,bottle,bottle,1,1,1024
312,bowl,bowl,1,1,1024
313,mug,mug,1,3,1024
314,can,can,1,2,1024
315,mug,mug,1,2,1024
316,box,box,1,1,1024
317,box,box,1,5,1024
318,can,can,1,3,1024
319,bottle,bottle,1,1,1024
320,can,can,1,1,1024
321,bottle,bottle,1,2,1024
322,box,box,1,1,1024
323,box,box,1,2,1024
324,can,can,1,1,1024
325,box,box,1,5,1024
326,box,box,1,4,1024
327,bottle,bottle,1,2,1024
328,bottle,bottle,1,1,1024
329,can,can,1,1,1024
330,box,box,1,1,1024
331,box,box,1,2,1024
332,can,can,1,3,1024
333,box,box,1,5,1024
334,can,can,1,4,1024
335,box,box,1,1,1024
336,box,box,1,1,1024
337,box,box,1,5,1024
338,can,can,1,4,1024
339,box,box,1,2,1024
340,box,box,1,5,1024
341,can,can,1,2,1024
342,box,box,1,5,1024
343,can,can,1,2,1024
344,box,box,1,2,1024
345,bottle,bottle,1,1,1024
346,can,can,1,2,1024
347,can,can,1,3,1024
348,box,box,1,2,1024
349,can,can,1,5,1024
350,box,box,1,2,1024
351,can,can,1,1,1024
352,box,box,1,3,1024
353,can,can,1,3,1024
354,box,box,1,3,1024
355,box,box,1,4,1024
356,can,can,1,2,1024
357,box,box,1,4,1024
358,box,box,1,2,1024
359,bottle,bottle,1,1,1024
360,can,can,1,1,1024
361,box,box,1,5,1024
362,can,can,1,1,1024
363,box,box,1,3,1024
364,bottle,bottle,1,4,1024
365,box,box,1,5,1024
366,can,can,1,2,1024
367,can,can,1,1,1024
368,box,box,1,2,1024
369,bottle,bottle,1,3,1024
370,bowl,bowl,1,2,1024
371,box,box,1,5,1024
372,can,can,1,5,1024
373,bottle,bottle,1,2,1024
374,can,can,1,2,1024
375,box,box,1,1,1024
376,box,box,1,4,1024
377,can,can,1,4,1024
378,box,box,1,2,1024
379,box,box,1,4,1024
380,can,can,1,1,1024
381,mug,mug,1,2,1024
382,can,can,1,4,1024
383,can,can,1,3,1024
384,can,can,1,5,1024
385,bottle,bottle,1,5,1024
386,can,can,1,2,1024
387,mug,mug,1,5,1024
388,box,box,1,4,1024
389,box,box,1,3,1024
390,can,can,1,2,1024
391,mug,mug,1,5,1024
392,can,can,1,4,1024
393,mug,box,0,2,1024
394,box,box,1,2,1024
395,can,can,1,5,1024
396,can,can,1,1,1024
397,can,can,1,5,1024
398,box,box,1,4,1024
399,box,box,1,2,1024
400,box,box,1,4,1024
401,can,can,1,5,1024
402,can,can,1,3,1024
403,bottle,bottle,1,5,1024
404,can,can,1,5,1024
405,mug,mug,1,1,1024
406,can,can,1,2,1024
407,box,box,1,2,1024
408,box,box,1,3,1024
409,can,can,1,3,1024
410,box,box,1,4,1024
411,can,can,1,5,1024
412,box,box,1,1,1024
413,can,can,1,1,1024
414,box,box,1,3,1024
415,box,box,1,2,1024
416,bottle,bottle,1,2,1024
417,bowl,bowl,1,5,1024
418,mug,mug,1,3,1024
419,box,box,1,3,1024
420,can,can,1,1,1024
421,box,box,1,3,1024
422,box,box,1,1,1024
423,can,can,1,5,1024
424,box,box,1,3,1024
425,can,can,1,1,1024
426,box,box,1,5,1024
427,box,box,1,3,1024
428,can,can,1,1,1024
429,bottle,bottle,1,2,1024
430,bottle,bottle,1,2,1024
431,box,box,1,2,1024
432,mug,mug,1,2,1024
433,box,box,1,3,1024
434,can,can,1,4,1024
435,box,box,1,3,1024
436,box,box,1,3,1024
437,box,box,1,4,1024
438,mug,mug,1,3,1024
439,can,can,1,3,1024
440,box,box,1,5,1024
441,box,box,1,3,1024
442,box,box,1,3,1024
443,can,can,1,5,1024
444,can,can,1,5,1024
445,can,can,1,1,1024
446,box,box,1,4,1024
447,mug,mug,1,2,1024
448,box,box,1,5,1024
449,can,can,1,3,1024
450,box,box,1,1,1024
451,can,can,1,2,1024
452,bottle,bottle,1,3,1024
453,bottle,bottle,1,5,1024
454,can,can,1,5,1024
455,can,can,1,4,1024
456,can,can,1,5,1024
457,can,can,1,4,1024
458,bottle,bottle,1,3,1024
459,can,can,1,1,1024
460,box,box,1,3,1024
461,box,box,1,2,1024
462,can,can,1,4,1024
463,bottle,bottle,1,5,1024
464,can,can,1,1,1024
465,box,box,1,4,1024
466,can,can,1,4,1024
467,bottle,bottle,1,5,1024
468,mug,mug,1,4,1024
469,box,box,1,4,1024
470,can,can,1,3,1024
471,box,box,1,5,1024
472,bottle,bottle,1,3,1024
473,mug,mug,1,3,1024
474,can,can,1,3,1024
475,box,box,1,3,1024
476,can,can,1,1,1024
477,bottle,bottle,1,4,1024
478,bottle,can,0,4,1024
479,box,box,1,1,1024
480,can,can,1,1,1024
481,box,box,1,2,1024
482,box,box,1,4,1024
483,box,box,1,5,1024
484,can,can,1,5,1024
485,box,box,1,1,1024
486,box,box,1,4,1024
487,can,can,1,5,1024
488,bowl,bowl,1,2,1024
489,mug,mug,1,2,1024
490,box,box,1,4,1024
491,box,box,1,2,1024
492,can,can,1,1,1024
493,box,box,1,2,1024
494,can,can,1,5,1024
495,bottle,bottle,1,1,1024
496,bottle,bottle,1,2,1024
497,bottle,bottle,1,2,1024
498,bowl,bowl,1,3,1024
499,mug,mug,1,4,1024
500,can,can,1,5,1024
501,mug,mug,1,4,1024
502,can,can,1,2,1024
503,box,box,1,2,1024
504,can,can,1,2,1024
505,box,box,1,2,1024
506,box,box,1,1,1024
507,box,box,1,5,1024
508,can,can,1,3,1024
509,box,box,1,2,1024
510,can,can,1,5,1024
511,box,box,1,1,1024
512,box,box,1,1,1024
513,box,box,1,4,1024
514,can,can,1,5,1024
515,can,can,1,5,1024
516,can,can,1,5,1024
517,box,box,1,2,1024
518,box,box,1,5,1024
519,can,can,1,5,1024
520,box,box,1,3,1024
521,can,can,1,3,1024
522,can,can,1,2,1024
523,bottle,bottle,1,2,1024
524,bottle,bottle,1,4,1024
525,bowl,bowl,1,3,1024
526,mug,mug,1,4,1024
527,can,can,1,2,1024
528,box,box,1,3,1024
529,bottle,bottle,1,5,1024
530,mug,mug,1,5,1024
531,can,can,1,5,1024
532,can,can,1,3,1024
533,box,box,1,5,1024
534,box,box,1,3,1024
535,box,box,1,3,1024
536,box,box,1,3,1024
537,box,box,1,1,1024
538,can,can,1,1,1024
539,can,can,1,3,1024
540,bottle,bottle,1,4,1024
541,bottle,bottle,1,3,1024
542,mug,mug,1,3,1024
543,can,can,1,2,1024
544,box,box,1,2,1024
545,box,box,1,2,1024
546,box,box,1,3,1024
547,can,can,1,2,1024
548,box,box,1,2,1024
549,can,can,1,2,1024
550,bottle,bottle,1,1,1024
551,mug,mug,1,4,1024
552,can,can,1,1,1024
553,can,can,1,3,1024
554,bottle,bottle,1,3,1024
555,can,can,1,5,1024
556,bottle,bottle,1,5,1024
557,box,box,1,1,1024
558,bottle,bottle,1,1,1024
559,bowl,bowl,1,4,1024
560,mug,mug,1,1,1024
561,box,box,1,1,1024
562,box,box,1,5,1024
563,box,box,1,1,1024
564,can,can,1,2,1024
565,can,can,1,1,1024
566,bottle,bottle,1,4,1024
567,box,box,1,3,1024
568,can,can,1,3,1024
569,box,box,1,2,1024
570,box,box,1,4,1024
571,can,can,1,1,1024
572,can,can,1,5,1024
573,box,box,1,2,1024
574,box,box,1,2,1024
575,bottle,bottle,1,1,1024
576,bowl,bowl,1,1,1024
577,mug,mug,1,2,1024
578,can,can,1,4,1024
579,box,box,1,3,1024
580,box,box,1,4,1024
581,bottle,bottle,1,2,1024
582,mug,mug,1,2,1024
583,bottle,bottle,1,1,1024
584,can,can,1,3,1024
585,box,box,1,4,1024
586,box,box,1,4,1024
587,box,box,1,2,1024
588,can,can,1,3,1024
589,box,box,1,5,1024
590,can,can,1,2,1024
591,box,box,1,1,1024
592,box,box,1,1,1024
593,bottle,bottle,1,2,1024
594,mug,mug,1,5,1024
595,can,can,1,5,1024
596,bottle,bottle,1,2,1024
597,can,can,1,3,1024
598,box,box,1,1,1024
599,box,box,1,2,1024
600,box,box,1,2,1024
601,box,box,1,2,1024
602,bottle,bottle,1,3,1024
603,can,can,1,5,1024
604,can,can,1,2,1024
605,box,box,1,3,1024
606,box,box,1,3,1024
607,can,can,1,4,1024
608,bottle,bottle,1,4,1024
609,box,box,1,4,1024
610,can,can,1,3,1024
611,bottle,bottle,1,3,1024
612,bowl,bowl,1,3,1024
613,mug,mug,1,1,1024
614,mug,mug,1,3,1024
615,box,box,1,4,1024
616,can,can,1,2,1024
617,box,box,1,4,1024
618,bottle,bottle,1,1,1024
619,can,can,1,3,1024
620,can,can,1,4,1024
621,bottle,bottle,1,2,1024
622,bottle,bottle,1,1,1024
623,bowl,bowl,1,3,1024
624,mug,mug,1,5,1024
625,bottle,bottle,1,1,1024
626,mug,mug,1,1,1024
627,box,box,1,4,1024
628,can,can,1,3,1024
629,box,box,1,4,1024
630,can,can,1,1,1024
631,bottle,bottle,1,1,1024
632,bottle,bottle,1,1,1024
633,can,can,1,5,1024
634,bottle,bottle,1,4,1024
635,box,box,1,5,1024
636,can,can,1,2,1024
637,can,can,1,1,1024
638,box,box,1,2,1024
639,box,box,1,4,1024
640,box,box,1,3,1024
641,box,box,1,5,1024
642,box,box,1,3,1024
643,can,can,1,1,1024
644,box,box,1,2,1024
645,box,box,1,5,1024
646,can,can,1,4,1024
647,can,can,1,2,1024
648,can,can,1,5,1024
649,can,can,1,4,1024
650,box,box,1,3,1024
651,can,can,1,2,1024
652,bottle,bottle,1,2,1024
653,box,box,1,5,1024
654,can,can,1,2,1024
655,can,can,1,3,1024
656,can,can,1,3,1024
657,box,box,1,5,1024
658,box,box,1,5,1024
659,box,box,1,4,1024
660,box,box,1,4,1024
661,box,box,1,4,1024
662,box,box,1,4,1024
663,bottle,box,0,4,1024
664,bowl,bowl,1,4,1024
665,can,can,1,1,1024
666,box,box,1,2,1024
667,box,box,1,2,1024
668,box,box,1,4,1024
669,box,box,1,4,1024
670,box,box,1,4,1024
671,box,box,1,5,1024
672,can,can,1,1,1024
673,box,box,1,4,1024
674,can,can,1,3,1024
675,can,can,1,4,1024
676,box,box,1,3,1024
677,box,box,1,4,1024
678,box,box,1,2,1024
679,can,can,1,1,1024
680,mug,mug,1,2,1024
681,box,box,1,2,1024
682,can,can,1,5,1024
683,box,box,1,3,1024
684,can,can,1,2,1024
685,box,box,1,3,1024
686,box,box,1,3,1024
687,bowl,bowl,1,5,1024
688,mug,mug,1,4,1024
689,box,box,1,2,1024
690,can,can,1,3,1024
691,box,box,1,2,1024
692,box,box,1,4,1024
693,can,can,1,5,1024
694,box,can,0,3,1024
695,box,box,1,5,1024
696,can,can,1,2,1024
697,box,box,1,4,1024
698,bottle,bottle,1,4,1024
699,bottle,bottle,1,1,1024
700,can,can,1,3,1024
701,bowl,bowl,1,2,1024
702,mug,mug,1,5,1024
703,can,can,1,1,1024
704,box,box,1,2,1024
705,can,can,1,4,1024
706,box,box,1,4,1024
707,can,can,1,3,1024
708,can,can,1,5,1024
709,box,box,1,5,1024
710,box,box,1,2,1024
711,can,can,1,2,1024
712,box,box,1,4,1024
713,box,box,1,4,1024
714,box,box,1,2,1024
715,bowl,can,0,1,1024
716,mug,mug,1,3,1024
717,box,box,1,4,1024
718,bottle,bottle,1,3,1024
719,mug,mug,1,1,1024
720,can,can,1,1,1024
721,box,box,1,1,1024
722,box,box,1,5,1024
723,bottle,bottle,1,5,1024
724,box,box,1,1,1024
725,can,can,1,4,1024
726,box,box,1,3,1024
727,bottle,bottle,1,3,1024
728,bowl,bowl,1,4,1024
729,mug,mug,1,5,1024
730,can,can,1,3,1024
731,can,can,1,5,1024
732,bottle,bottle,1,1,1024
733,can,can,1,4,1024
734,box,box,1,1,1024
735,box,box,1,3,1024
736,box,box,1,2,1024
737,box,box,1,2,1024
738,box,box,1,1,1024
739,box,box,1,1,1024
740,can,can,1,4,1024
741,box,box,1,1,1024
742,box,box,1,2,1024
743,can,can,1,5,1024
744,bowl,box,0,1,1024
745,mug,mug,1,5,1024
746,box,box,1,2,1024
747,box,box,1,5,1024
748,can,can,1,5,1024
749,bottle,bottle,1,5,1024
750,bottle,bottle,1,1,1024
751,can,can,1,2,1024
752,bottle,bottle,1,5,1024
753,box,box,1,4,1024
754,can,can,1,2,1024
755,box,box,1,3,1024
756,box,bottle,0,2,1024
757,can,can,1,4,1024
758,box,box,1,1,1024
759,box,box,1,3,1024
760,can,can,1,2,1024
761,box,box,1,4,1024
762,can,can,1,3,1024
763,box,box,1,4,1024
764,can,can,1,3,1024
765,bowl,bowl,1,4,1024
766,mug,mug,1,4,1024
767,box,box,1,2,1024
768,can,can,1,1,1024
769,can,bottle,0,3,1024
770,bottle,bottle,1,5,1024
771,can,can,1,2,1024
772,box,box,1,1,1024
773,box,box,1,4,1024
774,can,can,1,5,1024
775,box,box,1,3,1024
776,box,box,1,3,1024
777,box,box,1,3,1024
778,box,box,1,5,1024
779,can,can,1,1,1024
780,box,box,1,1,1024
781,box,box,1,3,1024
782,box,box,1,5,1024
783,box,box,1,2,1024
784,can,can,1,4,1024
785,box,box,1,3,1024
786,box,box,1,5,1024
787,box,box,1,3,1024
788,bottle,bottle,1,5,1024
789,mug,mug,1,5,1024
790,can,can,1,4,1024
791,can,can,1,1,1024
792,bottle,bottle,1,3,1024
793,box,box,1,2,1024
794,box,bottle,0,2,1024
795,can,can,1,1,1024
796,box,box,1,4,1024
797,can,can,1,5,1024
798,box,box,1,3,1024
799,box,box,1,1,1024
800,can,can,1,5,1024
801,bottle,bottle,1,2,1024
802,can,can,1,3,1024
803,can,can,1,1,1024
804,mug,mug,1,3,1024
805,box,box,1,1,1024
806,box,box,1,1,1024
807,can,can,1,5,1024
808,box,box,1,3,1024
809,box,box,1,4,1024
810,can,can,1,3,1024
811,can,can,1,2,1024
812,box,box,1,3,1024
813,box,box,1,5,1024
814,box,box,1,1,1024
815,can,can,1,4,1024
816,box,box,1,5,1024
817,bottle,can,0,4,1024
818,mug,mug,1,2,1024
819,box,box,1,3,1024
820,can,can,1,5,1024
821,box,box,1,3,1024
822,box,box,1,4,1024
823,can,can,1,5,1024
824,box,box,1,2,1024
825,can,can,1,1,1024
826,box,box,1,5,1024
827,box,box,1,2,1024
828,bowl,bowl,1,1,1024
829,mug,mug,1,2,1024
830,bottle,bottle,1,1,1024
831,bottle,bottle,1,5,1024
832,box,box,1,1,1024
833,can,can,1,3,1024
834,can,can,1,4,1024
835,bottle,bottle,1,2,1024
836,box,box,1,2,1024
837,bottle,bowl,0,5,1024
838,bowl,can,0,2,1024
839,mug,mug,1,2,1024
840,box,box,1,2,1024
841,bowl,bowl,1,1,1024
842,can,can,1,2,1024
843,box,box,1,5,1024
844,box,box,1,1,1024
845,can,can,1,1,1024
846,can,can,1,4,1024
847,bottle,bottle,1,3,1024
848,can,can,1,5,1024
849,bottle,bottle,1,5,1024
850,bowl,bowl,1,3,1024
851,mug,mug,1,5,1024
852,box,box,1,4,1024
853,can,can,1,1,1024
854,box,box,1,5,1024
855,box,box,1,1,1024
856,box,box,1,4,1024
857,box,box,1,1,1024
858,can,can,1,3,1024
859,bottle,bottle,1,2,1024
860,can,can,1,5,1024
861,bottle,bottle,1,3,1024
862,bottle,bottle,1,4,1024
863,box,box,1,2,1024
864,can,can,1,1,1024
865,box,box,1,1,1024
866,box,box,1,5,1024
867,can,can,1,4,1024
868,box,box,1,5,1024
869,can,can,1,3,1024
870,box,box,1,3,1024
871,box,box,1,3,1024
872,can,can,1,3,1024
873,bottle,bottle,1,4,1024
874,can,can,1,5,1024
875,bottle,bottle,1,2,1024
876,box,box,1,5,1024
877,can,can,1,5,1024
878,bottle,bottle,1,4,1024
879,bowl,bowl,1,1,1024
880,mug,mug,1,2,1024
881,can,can,1,1,1024
882,bottle,bottle,1,3,1024
883,bowl,bowl,1,5,1024
884,mug,mug,1,1,1024
885,can,can,1,2,1024
886,bottle,bottle,1,5,1024
887,bottle,bottle,1,2,1024
888,box,box,1,5,1024
889,bottle,bottle,1,5,1024
890,bowl,bowl,1,4,1024
891,mug,mug,1,1,1024
892,bowl,bowl,1,5,1024
893,mug,mug,1,1,1024
894,can,can,1,3,1024
895,can,can,1,4,1024
896,box,box,1,4,1024
897,can,can,1,3,1024
898,box,box,1,3,1024
899,box,box,1,3,1024
900,box,box,1,3,1024
901,box,box,1,4,1024
902,box,box,1,5,1024
903,box,box,1,3,1024
904,can,can,1,3,1024
905,box,box,1,5,1024
906,box,box,1,5,1024
907,can,can,1,4,1024
908,mug,mug,1,4,1024
909,box,box,1,4,1024
910,can,can,1,4,1024
911,can,can,1,4,1024
912,can,can,1,2,1024
913,box,box,1,4,1024
914,box,box,1,3,1024
915,box,box,1,3,1024
916,can,can,1,2,1024
917,box,box,1,2,1024
918,can,can,1,3,1024
919,can,can,1,2,1024
920,box,box,1,1,1024
921,box,box,1,3,1024
922,box,box,1,3,1024
923,box,box,1,4,1024
924,can,can,1,2,1024
925,bottle,bottle,1,1,1024
926,box,box,1,3,1024
927,bottle,bottle,1,3,1024
928,mug,mug,1,4,1024
929,box,box,1,2,1024
930,box,box,1,1,1024
931,bowl,bowl,1,5,1024
932,mug,mug,1,5,1024
933,box,box,1,5,1024
934,can,can,1,5,1024
935,can,can,1,2,1024
936,box,box,1,1,1024
937,can,can,1,4,1024
938,can,can,1,2,1024
939,box,box,1,5,1024
940,box,box,1,5,1024
941,can,can,1,4,1024
942,can,can,1,1,1024
943,can,can,1,4,1024
944,box,box,1,1,1024
945,bowl,bowl,1,5,1024
946,mug,mug,1,3,1024
947,bottle,bottle,1,1,1024
948,can,can,1,4,1024
949,bottle,bottle,1,2,1024
950,can,can,1,5,1024
951,box,box,1,1,1024
952,box,box,1,3,1024
953,can,can,1,2,1024
954,can,can,1,1,1024
955,box,box,1,1,1024
956,can,can,1,5,1024
957,box,box,1,3,1024
958,can,can,1,1,1024
959,can,can,1,1,1024
960,can,can,1,3,1024
961,can,can,1,1,1024
962,box,box,1,4,1024
963,box,box,1,1,1024
964,box,box,1,4,1024
965,can,bowl,0,4,1024
966,can,can,1,2,1024
967,bottle,bottle,1,3,1024
968,can,can,1,3,1024
969,box,box,1,5,1024
970,box,box,1,1,1024
971,box,box,1,4,1024
972,box,box,1,3,1024
973,box,box,1,3,1024
974,bottle,bottle,1,2,1024
975,bowl,bowl,1,4,1024
976,mug,mug,1,1,1024
977,box,box,1,1,1024
978,can,can,1,1,1024
979,can,can,1,3,1024
980,bottle,bottle,1,2,1024
981,can,can,1,3,1024
982,box,box,1,4,1024
983,can,can,1,3,1024
984,box,box,1,1,1024
985,box,box,1,5,1024
986,box,box,1,3,1024
987,can,can,1,3,1024
988,can,can,1,4,1024
989,can,can,1,4,1024
990,box,box,1,2,1024
991,can,can,1,4,1024
992,box,box,1,4,1024
993,bottle,bottle,1,4,1024
994,mug,mug,1,1,1024
995,box,box,1,5,1024
996,can,can,1,1,1024
997,can,can,1,1,1024
998,box,box,1,2,1024
999,box,box,1,4,1024
1000,box,box,1,5,1024
1001,box,box,1,4,1024
1002,can,can,1,5,1024
1003,box,box,1,3,1024
1004,box,box,1,1,1024
1005,bottle,bottle,1,1,1024
1006,can,can,1,4,1024
1007,box,box,1,4,1024
1008,can,can,1,2,1024
1009,box,box,1,1,1024
1010,box,box,1,2,1024
1011,box,box,1,2,1024
1012,box,box,1,5,1024
1013,box,box,1,2,1024
1014,can,can,1,3,1024
1015,box,box,1,2,1024
1016,box,box,1,1,1024
1017,bottle,bottle,1,5,1024
1018,can,can,1,5,1024
1019,box,box,1,1,1024
1020,can,can,1,4,1024
1021,box,box,1,4,1024
1022,box,box,1,3,1024
1023,can,can,1,3,1024
1024,bottle,bottle,1,1,1024
1025,bowl,bowl,1,3,1024
1026,mug,mug,1,3,1024
1027,box,box,1,3,1024
1028,can,can,1,5,1024
1029,can,can,1,5,1024
1030,box,box,1,1,1024
1031,bottle,bottle,1,3,1024
1032,box,box,1,4,1024
1033,box,box,1,2,1024
1034,can,can,1,5,1024
1035,box,box,1,3,1024
1036,box,box,1,5,1024
1037,bottle,box,0,1,1024
1038,bowl,bowl,1,5,1024
1039,mug,mug,1,5,1024
1040,bottle,bottle,1,5,1024
1041,mug,mug,1,2,1024
1042,box,box,1,3,1024
1043,can,can,1,4,1024
1044,box,box,1,5,1024
1045,box,box,1,4,1024
1046,can,can,1,1,1024
1047,can,can,1,4,1024
1048,bottle,bottle,1,4,1024
1049,bottle,bottle,1,1,1024
1050,can,can,1,1,1024
1051,mug,mug,1,1,1024
1052,can,can,1,4,1024
1053,bottle,bottle,1,1,1024
1054,can,can,1,4,1024
1055,box,box,1,5,1024
1056,can,can,1,5,1024
1057,box,box,1,4,1024
1058,box,box,1,3,1024
1059,box,box,1,4,1024
1060,can,can,1,2,1024
1061,box,box,1,2,1024
1062,can,can,1,1,1024
1063,box,box,1,2,1024
1064,can,can,1,5,1024
1065,box,box,1,2,1024
1066,box,box,1,4,1024
1067,bowl,bowl,1,4,1024
1068,mug,mug,1,1,1024
1069,box,box,1,2,1024
1070,box,box,1,4,1024
1071,box,box,1,1,1024
1072,can,can,1,4,1024
1073,box,box,1,5,1024
1074,can,can,1,3,1024
1075,box,box,1,4,1024
1076,mug,mug,1,3,1024
1077,box,box,1,3,1024
1078,can,can,1,4,1024
1079,box,box,1,2,1024
1080,can,can,1,2,1024
1081,mug,mug,1,1,1024
1082,can,can,1,1,1024
1083,bottle,bottle,1,2,1024
1084,can,can,1,1,1024
1085,box,box,1,5,1024
1086,mug,mug,1,2,1024
1087,can,can,1,4,1024
1088,box,box,1,1,1024
1089,bottle,bottle,1,5,1024
1090,mug,mug,1,1,1024
1091,box,box,1,2,1024
1092,box,box,1,1,1024
1093,can,can,1,5,1024
1094,bowl,bowl,1,4,1024
1095,mug,mug,1,5,1024
1096,bottle,bottle,1,3,1024
1097,bottle,bottle,1,4,1024
1098,box,box,1,2,1024
1099,box,box,1,3,1024
1100,box,box,1,4,1024
1101,box,box,1,5,1024
1102,bowl,bowl,1,4,1024
1103,mug,mug,1,1,1024
1104,bowl,bowl,1,2,1024
1105,mug,mug,1,3,1024
1106,box,box,1,2,1024
1107,bowl,bowl,1,5,1024
1108,mug,can,0,3,1024
0,box,box,1,4,512
1,box,box,1,5,512
2,box,box,1,1,512
3,box,box,1,1,512
4,can,can,1,3,512
5,box,box,1,4,512
6,can,can,1,5,512
7,box,box,1,1,512
8,box,box,1,1,512
9,box,box,1,5,512
10,can,can,1,3,512
11,box,box,1,2,512
12,bottle,bottle,1,1,512
13,mug,mug,1,3,512
14,can,can,1,4,512
15,box,box,1,1,512
16,can,mug,0,2,512
17,bottle,bottle,1,4,512
18,bottle,bottle,1,3,512
19,box,box,1,1,512
20,box,box,1,3,512
21,can,can,1,2,512
22,box,box,1,2,512
23,can,can,1,3,512
24,box,box,1,3,512
25,can,can,1,5,512
26,box,box,1,4,512
27,can,can,1,4,512
28,box,box,1,4,512
29,box,box,1,5,512
30,can,can,1,4,512
31,box,box,1,2,512
32,box,box,1,4,512
33,can,can,1,1,512
34,bottle,bottle,1,5,512
35,can,can,1,4,512
36,can,can,1,4,512
37,box,box,1,5,512
38,box,box,1,1,512
39,box,box,1,1,512
40,can,can,1,2,512
41,box,box,1,3,512
42,can,can,1,5,512
43,bottle,bottle,1,5,512
44,bottle,box,0,4,512
45,box,box,1,1,512
46,can,can,1,3,512
47,box,box,1,4,512
48,box,box,1,1,512
49,can,can,1,5,512
50,bottle,bottle,1,2,512
51,box,box,1,5,512
52,can,can,1,2,512
53,box,box,1,1,512
54,can,can,1,4,512
55,box,box,1,2,512
56,box,box,1,2,512
57,can,can,1,1,512
58,box,box,1,5,512
59,box,box,1,5,512
60,box,box,1,5,512
61,can,can,1,2,512
62,bottle,bottle,1,4,512
63,bottle,bottle,1,5,512
64,box,box,1,1,512
65,can,can,1,1,512
66,bottle,can,0,4,512
67,mug,mug,1,4,512
68,box,box,1,2,512
69,can,can,1,4,512
70,box,box,1,1,512
71,box,box,1,5,512
72,can,can,1,4,512
73,box,box,1,3,512
74,can,can,1,1,512
75,box,box,1,5,512
76,can,can,1,1,512
77,can,can,1,4,512
78,box,box,1,1,512
79,box,box,1,2,512
80,can,can,1,3,512
81,box,box,1,2,512
82,can,can,1,3,512
83,can,can,1,2,512
84,box,box,1,1,512
85,can,can,1,5,512
86,box,box,1,1,512
87,box,box,1,3,512
88,bottle,box,0,3,512
89,mug,can,0,4,512
90,box,box,1,5,512
91,can,can,1,5,512
92,box,box,1,4,512
93,can,can,1,3,512
94,box,box,1,5,512
95,can,can,1,5,512
96,box,box,1,4,512
97,bottle,bottle,1,5,512
98,bowl,bowl,1,1,512
99,mug,mug,1,2,512
100,box,box,1,1,512
101,can,can,1,2,512
102,box,box,1,1,512
103,can,can,1,1,512
104,box,box,1,5,512
105,can,can,1,3,512
106,can,can,1,2,512
107,can,can,1,1,512
108,box,box,1,5,512
109,can,can,1,5,512
110,box,box,1,5,512
111,box,box,1,1,512
112,can,can,1,1,512
113,box,box,1,2,512
114,box,box,1,5,512
115,box,box,1,3,512
116,box,box,1,4,512
117,can,can,1,3,512
118,box,box,1,5,512
119,bottle,bottle,1,2,512
120,can,can,1,4,512
121,bottle,bottle,1,3,512
122,mug,mug,1,2,512
123,box,box,1,1,512
124,can,can,1,2,512
125,box,box,1,5,512
126,box,box,1,2,512
127,bottle,bottle,1,3,512
128,box,box,1,2,512
129,can,can,1,3,512
130,bowl,bowl,1,3,512
131,mug,mug,1,3,512
132,can,can,1,3,512
133,can,can,1,1,512
134,bottle,bottle,1,5,512
135,bottle,bottle,1,5,512
136,can,can,1,4,512
137,mug,mug,1,5,512
138,box,box,1,5,512
139,can,can,1,2,512
140,can,can,1,1,512
141,box,box,1,3,512
142,box,box,1,4,512
143,can,can,1,3,512
144,bowl,bowl,1,3,512
145,mug,mug,1,4,512
146,bottle,bottle,1,3,512
147,box,box,1,3,512
148,can,can,1,2,512
149,can,can,1,3,512
150,box,box,1,5,512
151,box,box,1,2,512
152,box,box,1,5,512
153,can,can,1,1,512
154,box,box,1,4,512
155,can,can,1,5,512
156,can,can,1,4,512
157,can,can,1,1,512
158,box,box,1,5,512
159,bottle,bottle,1,5,512
160,box,box,1,5,512
161,can,can,1,2,512
162,box,box,1,1,512
163,mug,mug,1,3,512
164,box,box,1,2,512
165,can,can,1,5,512
166,can,can,1,2,512
167,can,can,1,3,512
168,bottle,bottle,1,4,512
169,bottle,bottle,1,1,512
170,bottle,bottle,1,4,512
171,box,box,1,4,512
172,can,can,1,2,512
173,can,can,1,2,512
174,box,box,1,1,512
175,can,can,1,4,512
176,can,can,1,3,512
177,box,box,1,4,512
178,can,can,1,4,512
179,box,box,1,4,512
180,box,box,1,1,512
181,box,box,1,3,512
182,can,can,1,4,512
183,bottle,bottle,1,1,512
184,box,box,1,5,512
185,box,box,1,5,512
186,box,box,1,4,512
187,can,can,1,1,512
188,can,can,1,2,512
189,box,box,1,5,512
190,box,box,1,5,512
191,mug,mug,1,3,512
192,can,can,1,3,512
193,mug,mug,1,5,512
194,box,box,1,1,512
195,can,can,1,4,512
196,box,box,1,3,512
197,box,box,1,3,512
198,can,can,1,2,512
199,can,can,1,3,512
200,can,can,1,2,512
201,box,box,1,5,512
202,box,box,1,1,512
203,box,box,1,3,512
204,box,box,1,2,512
205,box,box,1,3,512
206,box,box,1,3,512
207,can,can,1,1,512
208,box,box,1,3,512
209,can,can,1,1,512
210,box,box,1,3,512
211,can,can,1,2,512
212,box,box,1,5,512
213,bottle,bottle,1,2,512
214,bottle,bottle,1,3,512
215,can,can,1,4,512
216,box,box,1,1,512
217,box,box,1,4,512
218,can,can,1,5,512
219,mug,mug,1,5,512
220,box,box,1,1,512
221,bottle,can,0,4,512
222,bowl,bowl,1,2,512
223,mug,mug,1,4,512
224,box,box,1,4,512
225,box,box,1,4,512
226,bottle,bottle,1,2,512
227,mug,mug,1,1,512
228,box,box,1,5,512
229,can,can,1,2,512
230,box,box,1,2,512
231,box,box,1,2,512
232,can,can,1,3,512
233,box,box,1,1,512
234,box,box,1,4,512
235,bottle,bottle,1,2,512
236,bowl,bowl,1,1,512
237,mug,mug,1,4,512
238,can,can,1,1,512
239,can,can,1,2,512
240,box,box,1,3,512
241,mug,mug,1,5,512
242,box,box,1,5,512
243,can,can,1,2,512
244,box,box,1,1,512
245,bottle,bottle,1,4,512
246,mug,mug,1,4,512
247,box,box,1,1,512
248,box,box,1,1,512
249,bottle,bottle,1,2,512
250,can,can,1,2,512
251,can,can,1,4,512
252,can,can,1,1,512
253,bottle,bottle,1,4,512
254,bottle,bottle,1,3,512
255,box,box,1,2,512
256,can,can,1,4,512
257,bottle,bottle,1,1,512
258,mug,mug,1,4,512
259,can,can,1,4,512
260,box,box,1,1,512
261,can,can,1,4,512
262,box,box,1,1,512
263,box,box,1,1,512
264,can,can,1,4,512
265,box,box,1,5,512
266,box,box,1,2,512
267,box,box,1,3,512
268,box,box,1,5,512
269,box,box,1,2,512
270,box,box,1,1,512
271,box,box,1,3,512
272,bowl,box,0,2,512
273,mug,bowl,0,5,512
274,can,can,1,5,512
275,box,box,1,5,512
276,box,box,1,3,512
277,can,can,1,5,512
278,box,box,1,2,512
279,box,box,1,4,512
280,bottle,bottle,1,4,512
281,bowl,bowl,1,2,512
282,mug,mug,1,3,512
283,box,box,1,3,512
284,can,can,1,5,512
285,box,box,1,4,512
286,can,can,1,3,512
287,bottle,bottle,1,5,512
288,bottle,bottle,1,5,512
289,bowl,bowl,1,2,512
290,mug,mug,1,4,512
291,can,can,1,2,512
292,box,box,1,5,512
293,bottle,bottle,1,3,512
294,bottle,bottle,1,4,512
295,box,box,1,1,512
296,bottle,box,0,3,512
297,mug,mug,1,4,512
298,box,box,1,2,512
299,box,box,1,1,512
300,can,can,1,5,512
301,box,box,1,1,512
302,bottle,bottle,1,3,512
303,mug,mug,1,1,512
304,bottle,bottle,1,3,512
305,bowl,bowl,1,3,512
306,mug,mug,1,2,512
307,box,box,1,5,512
308,box,box,1,4,512
309,can,can,1,4,512
310,bottle,bottle,1,4,512
311,bottle,bottle,1,1,512
312,bowl,bowl,1,1,512
313,mug,mug,1,3,512
314,can,can,1,2,512
315,mug,mug,1,2,512
316,box,box,1,1,512
317,box,box,1,5,512
318,can,can,1,3,512
319,bottle,bottle,1,1,512
320,can,can,1,1,512
321,bottle,bottle,1,2,512
322,box,box,1,1,512
323,box,box,1,2,512
324,can,can,1,1,512
325,box,box,1,5,512
326,box,box,1,4,512
327,bottle,bottle,1,2,512
328,bottle,bottle,1,1,512
329,can,can,1,1,512
330,box,box,1,1,512
331,box,box,1,2,512
332,can,can,1,3,512
333,box,box,1,5,512
334,can,can,1,4,512
335,box,box,1,1,512
336,box,box,1,1,512
337,box,box,1,5,512
338,can,can,1,4,512
339,box,box,1,2,512
340,box,box,1,5,512
341,can,can,1,2,512
342,box,box,1,5,512
343,can,can,1,2,512
344,box,box,1,2,512
345,bottle,bottle,1,1,512
346,can,can,1,2,512
347,can,can,1,3,512
348,box,box,1,2,512
349,can,can,1,5,512
350,box,box,1,2,512
351,can,can,1,1,512
352,box,box,1,3,512
353,can,can,1,3,512
354,box,box,1,3,512
355,box,box,1,4,512
356,can,can,1,2,512
357,box,box,1,4,512
358,box,box,1,2,512
359,bottle,bottle,1,1,512
360,can,can,1,1,512
361,box,box,1,5,512
362,can,can,1,1,512
363,box,box,1,3,512
364,bottle,bottle,1,4,512
365,box,box,1,5,512
366,can,can,1,2,512
367,can,can,1,1,512
368,box,box,1,2,512
369,bottle,bottle,1,3,512
370,bowl,bowl,1,2,512
371,box,box,1,5,512
372,can,can,1,5,512
373,bottle,bottle,1,2,512
374,can,can,1,2,512
375,box,box,1,1,512
376,box,box,1,4,512
377,can,can,1,4,512
378,box,box,1,2,512
379,box,box,1,4,512
380,can,can,1,1,512
381,mug,mug,1,2,512
382,can,can,1,4,512
383,can,can,1,3,512
384,can,can,1,5,512
385,bottle,bottle,1,5,512
386,can,can,1,2,512
387,mug,mug,1,5,512
388,box,box,1,4,512
389,box,box,1,3,512
390,can,can,1,2,512
391,mug,mug,1,5,512
392,can,can,1,4,512
393,mug,box,0,2,512
394,box,box,1,2,512
395,can,can,1,5,512
396,can,can,1,1,512
397,can,can,1,5,512
398,box,box,1,4,512
399,box,box,1,2,512
400,box,box,1,4,512
401,can,can,1,5,512
402,can,can,1,3,512
403,bottle,bottle,1,5,512
404,can,can,1,5,512
405,mug,mug,1,1,512
406,can,can,1,2,512
407,box,box,1,2,512
408,box,box,1,3,512
409,can,can,1,3,512
410,box,box,1,4,512
411,can,can,1,5,512
412,box,box,1,1,512
413,can,can,1,1,512
414,box,box,1,3,512
415,box,box,1,2,512
416,bottle,bottle,1,2,512
417,bowl,bowl,1,5,512
418,mug,mug,1,3,512
419,box,box,1,3,512
420,can,can,1,1,512
421,box,box,1,3,512
422,box,box,1,1,512
423,can,can,1,5,512
424,box,box,1,3,512
425,can,can,1,1,512
426,box,box,1,5,512
427,box,box,1,3,512
428,can,can,1,1,512
429,bottle,bottle,1,2,512
430,bottle,bottle,1,2,512
431,box,box,1,2,512
432,mug,mug,1,2,512
433,box,box,1,3,512
434,can,can,1,4,512
435,box,box,1,3,512
436,box,box,1,3,512
437,box,box,1,4,512
438,mug,mug,1,3,512
439,can,can,1,3,512
440,box,box,1,5,512
441,box,box,1,3,512
442,box,box,1,3,512
443,can,can,1,5,512
444,can,can,1,5,512
445,can,can,1,1,512
446,box,box,1,4,512
447,mug,mug,1,2,512
448,box,box,1,5,512
449,can,can,1,3,512
450,box,box,1,1,512
451,can,can,1,2,512
452,bottle,bottle,1,3,512
453,bottle,bottle,1,5,512
454,can,can,1,5,512
455,can,can,1,4,512
456,can,can,1,5,512
457,can,can,1,4,512
458,bottle,bottle,1,3,512
459,can,can,1,1,512
460,box,box,1,3,512
461,box,box,1,2,512
462,can,can,1,4,512
463,bottle,bottle,1,5,512
464,can,can,1,1,512
465,box,box,1,4,512
466,can,can,1,4,512
467,bottle,bottle,1,5,512
468,mug,mug,1,4,512
469,box,box,1,4,512
470,can,can,1,3,512
471,box,box,1,5,512
472,bottle,bottle,1,3,512
473,mug,mug,1,3,512
474,can,can,1,3,512
475,box,box,1,3,512
476,can,can,1,1,512
477,bottle,bottle,1,4,512
478,bottle,can,0,4,512
479,box,box,1,1,512
480,can,can,1,1,512
481,box,box,1,2,512
482,box,box,1,4,512
483,box,box,1,5,512
484,can,can,1,5,512
485,box,box,1,1,512
486,box,box,1,4,512
487,can,can,1,5,512
488,bowl,bowl,1,2,512
489,mug,mug,1,2,512
490,box,box,1,4,512
491,box,box,1,2,512
492,can,can,1,1,512
493,box,box,1,2,512
494,can,can,1,5,512
495,bottle,bottle,1,1,512
496,bottle,bottle,1,2,512
497,bottle,bottle,1,2,512
498,bowl,bowl,1,3,512
499,mug,mug,1,4,512
500,can,can,1,5,512
501,mug,mug,1,4,512
502,can,can,1,2,512
503,box,box,1,2,512
504,can,can,1,2,512
505,box,box,1,2,512
506,box,box,1,1,512
507,box,box,1,5,512
508,can,can,1,3,512
509,box,box,1,2,512
510,can,can,1,5,512
511,box,box,1,1,512
512,box,box,1,1,512
513,box,box,1,4,512
514,can,can,1,5,512
515,can,can,1,5,512
516,can,can,1,5,512
517,box,box,1,2,512
518,box,box,1,5,512
519,can,can,1,5,512
520,box,box,1,3,512
521,can,can,1,3,512
522,can,can,1,2,512
523,bottle,bottle,1,2,512
524,bottle,bottle,1,4,512
525,bowl,bowl,1,3,512
526,mug,mug,1,4,512
527,can,can,1,2,512
528,box,box,1,3,512
529,bottle,bottle,1,5,512
530,mug,mug,1,5,512
531,can,can,1,5,512
532,can,can,1,3,512
533,box,box,1,5,512
534,box,box,1,3,512
535,box,box,1,3,512
536,box,box,1,3,512
537,box,box,1,1,512
538,can,can,1,1,512
539,can,can,1,3,512
540,bottle,bottle,1,4,512
541,bottle,bottle,1,3,512
542,mug,mug,1,3,512
543,can,can,1,2,512
544,box,box,1,2,512
545,box,box,1,2,512
546,box,box,1,3,512
547,can,can,1,2,512
548,box,box,1,2,512
549,can,can,1,2,512
550,bottle,bottle,1,1,512
551,mug,mug,1,4,512
552,can,can,1,1,512
553,can,can,1,3,512
554,bottle,bottle,1,3,512
555,can,can,1,5,512
556,bottle,bottle,1,5,512
557,box,box,1,1,512
558,bottle,bottle,1,1,512
559,bowl,bowl,1,4,512
560,mug,mug,1,1,512
561,box,box,1,1,512
562,box,box,1,5,512
563,box,box,1,1,512
564,can,can,1,2,512
565,can,can,1,1,512
566,bottle,bottle,1,4,512
567,box,box,1,3,512
568,can,can,1,3,512
569,box,box,1,2,512
570,box,box,1,4,512
571,can,can,1,1,512
572,can,can,1,5,512
573,box,box,1,2,512
574,box,box,1,2,512
575,bottle,bottle,1,1,512
576,bowl,bowl,1,1,512
577,mug,mug,1,2,512
578,can,can,1,4,512
579,box,box,1,3,512
580,box,box,1,4,512
581,bottle,bottle,1,2,512
582,mug,mug,1,2,512
583,bottle,bottle,1,1,512
584,can,can,1,3,512
585,box,box,1,4,512
586,box,box,1,4,512
587,box,box,1,2,512
588,can,can,1,3,512
589,box,box,1,5,512
590,can,can,1,2,512
591,box,box,1,1,512
592,box,box,1,1,512
593,bottle,bottle,1,2,512
594,mug,mug,1,5,512
595,can,can,1,5,512
596,bottle,bottle,1,2,512
597,can,can,1,3,512
598,box,box,1,1,512
599,box,box,1,2,512
600,box,box,1,2,512
601,box,can,0,2,512
602,bottle,bottle,1,3,512
603,can,can,1,5,512
604,can,can,1,2,512
605,box,box,1,3,512
606,box,box,1,3,512
607,can,can,1,4,512
608,bottle,bottle,1,4,512
609,box,box,1,4,512
610,can,can,1,3,512
611,bottle,bottle,1,3,512
612,bowl,bowl,1,3,512
613,mug,mug,1,1,512
614,mug,mug,1,3,512
615,box,box,1,4,512
616,can,can,1,2,512
617,box,box,1,4,512
618,bottle,bottle,1,1,512
619,can,can,1,3,512
620,can,can,1,4,512
621,bottle,bottle,1,2,512
622,bottle,bottle,1,1,512
623,bowl,bowl,1,3,512
624,mug,mug,1,5,512
625,bottle,bottle,1,1,512
626,mug,mug,1,1,512
627,box,box,1,4,512
628,can,can,1,3,512
629,box,box,1,4,512
630,can,can,1,1,512
631,bottle,bottle,1,1,512
632,bottle,bottle,1,1,512
633,can,can,1,5,512
634,bottle,bottle,1,4,512
635,box,box,1,5,512
636,can,can,1,2,512
637,can,can,1,1,512
638,box,box,1,2,512
639,box,box,1,4,512
640,box,box,1,3,512
641,box,box,1,5,512
642,box,box,1,3,512
643,can,can,1,1,512
644,box,box,1,2,512
645,box,box,1,5,512
646,can,can,1,4,512
647,can,can,1,2,512
648,can,can,1,5,512
649,can,can,1,4,512
650,box,box,1,3,512
651,can,can,1,2,512
652,bottle,bottle,1,2,512
653,box,box,1,5,512
654,can,can,1,2,512
655,can,can,1,3,512
656,can,can,1,3,512
657,box,box,1,5,512
658,box,box,1,5,512
659,box,box,1,4,512
660,box,box,1,4,512
661,box,box,1,4,512
662,box,box,1,4,512
663,bottle,bottle,1,4,512
664,bowl,bowl,1,4,512
665,can,can,1,1,512
666,box,box,1,2,512
667,box,box,1,2,512
668,box,box,1,4,512
669,box,box,1,4,512
670,box,box,1,4,512
671,box,box,1,5,512
672,can,can,1,1,512
673,box,box,1,4,512
674,can,can,1,3,512
675,can,can,1,4,512
676,box,box,1,3,512
677,box,box,1,4,512
678,box,box,1,2,512
679,can,can,1,1,512
680,mug,box,0,2,512
681,box,box,1,2,512
682,can,can,1,5,512
683,box,box,1,3,512
684,can,can,1,2,512
685,box,box,1,3,512
686,box,box,1,3,512
687,bowl,bowl,1,5,512
688,mug,mug,1,4,512
689,box,box,1,2,512
690,can,can,1,3,512
691,box,box,1,2,512
692,box,box,1,4,512
693,can,can,1,5,512
694,box,can,0,3,512
695,box,box,1,5,512
696,can,can,1,2,512
697,box,box,1,4,512
698,bottle,bottle,1,4,512
699,bottle,bottle,1,1,512
700,can,can,1,3,512
701,bowl,bowl,1,2,512
702,mug,mug,1,5,512
703,can,can,1,1,512
704,box,box,1,2,512
705,can,can,1,4,512
706,box,box,1,4,512
707,can,can,1,3,512
708,can,can,1,5,512
709,box,box,1,5,512
710,box,box,1,2,512
711,can,can,1,2,512
712,box,box,1,4,512
713,box,box,1,4,512
714,box,box,1,2,512
715,bowl,can,0,1,512
716,mug,mug,1,3,512
717,box,box,1,4,512
718,bottle,can,0,3,512
719,mug,mug,1,1,512
720,can,can,1,1,512
721,box,box,1,1,512
722,box,box,1,5,512
723,bottle,bottle,1,5,512
724,box,box,1,1,512
725,can,can,1,4,512
726,box,box,1,3,512
727,bottle,bottle,1,3,512
728,bowl,bowl,1,4,512
729,mug,mug,1,5,512
730,can,can,1,3,512
731,can,can,1,5,512
732,bottle,bottle,1,1,512
733,can,can,1,4,512
734,box,box,1,1,512
735,box,box,1,3,512
736,box,box,1,2,512
737,box,box,1,2,512
738,box,box,1,1,512
739,box,box,1,1,512
740,can,can,1,4,512
741,box,box,1,1,512
742,box,box,1,2,512
743,can,can,1,5,512
744,bowl,box,0,1,512
745,mug,mug,1,5,512
746,box,box,1,2,512
747,box,box,1,5,512
748,can,can,1,5,512
749,bottle,bottle,1,5,512
750,bottle,bottle,1,1,512
751,can,can,1,2,512
752,bottle,bottle,1,5,512
753,box,box,1,4,512
754,can,can,1,2,512
755,box,box,1,3,512
756,box,bottle,0,2,512
757,can,can,1,4,512
758,box,box,1,1,512
759,box,box,1,3,512
760,can,can,1,2,512
761,box,box,1,4,512
762,can,can,1,3,512
763,box,box,1,4,512
764,can,can,1,3,512
765,bowl,bowl,1,4,512
766,mug,mug,1,4,512
767,box,box,1,2,512
768,can,can,1,1,512
769,can,bottle,0,3,512
770,bottle,bottle,1,5,512
771,can,can,1,2,512
772,box,box,1,1,512
773,box,box,1,4,512
774,can,can,1,5,512
775,box,box,1,3,512
776,box,box,1,3,512
777,box,box,1,3,512
778,box,box,1,5,512
779,can,can,1,1,512
780,box,box,1,1,512
781,box,box,1,3,512
782,box,box,1,5,512
783,box,box,1,2,512
784,can,can,1,4,512
785,box,box,1,3,512
786,box,box,1,5,512
787,box,box,1,3,512
788,bottle,bottle,1,5,512
789,mug,mug,1,5,512
790,can,can,1,4,512
791,can,can,1,1,512
792,bottle,bottle,1,3,512
793,box,box,1,2,512
794,box,bottle,0,2,512
795,can,can,1,1,512
796,box,box,1,4,512
797,can,can,1,5,512
798,box,box,1,3,512
799,box,box,1,1,512
800,can,can,1,5,512
801,bottle,bottle,1,2,512
802,can,can,1,3,512
803,can,can,1,1,512
804,mug,mug,1,3,512
805,box,box,1,1,512
806,box,box,1,1,512
807,can,can,1,5,512
808,box,box,1,3,512
809,box,box,1,4,512
810,can,can,1,3,512
811,can,can,1,2,512
812,box,box,1,3,512
813,box,box,1,5,512
814,box,box,1,1,512
815,can,can,1,4,512
816,box,box,1,5,512
817,bottle,can,0,4,512
818,mug,mug,1,2,512
819,box,box,1,3,512
820,can,can,1,5,512
821,box,box,1,3,512
822,box,box,1,4,512
823,can,can,1,5,512
824,box,box,1,2,512
825,can,can,1,1,512
826,box,box,1,5,512
827,box,box,1,2,512
828,bowl,bowl,1,1,512
829,mug,mug,1,2,512
830,bottle,bottle,1,1,512
831,bottle,bottle,1,5,512
832,box,box,1,1,512
833,can,can,1,3,512
834,can,can,1,4,512
835,bottle,bottle,1,2,512
836,box,box,1,2,512
837,bottle,bowl,0,5,512
838,bowl,can,0,2,512
839,mug,mug,1,2,512
840,box,box,1,2,512
841,bowl,bowl,1,1,512
842,can,can,1,2,512
843,box,box,1,5,512
844,box,box,1,1,512
845,can,can,1,1,512
846,can,can,1,4,512
847,bottle,bottle,1,3,512
848,can,can,1,5,512
849,bottle,bottle,1,5,512
850,bowl,bowl,1,3,512
851,mug,mug,1,5,512
852,box,box,1,4,512
853,can,can,1,1,512
854,box,box,1,5,512
855,box,box,1,1,512
856,box,box,1,4,512
857,box,box,1,1,512
858,can,can,1,3,512
859,bottle,bottle,1,2,512
860,can,can,1,5,512
861,bottle,bottle,1,3,512
862,bottle,bottle,1,4,512
863,box,box,1,2,512
864,can,can,1,1,512
865,box,box,1,1,512
866,box,box,1,5,512
867,can,can,1,4,512
868,box,box,1,5,512
869,can,can,1,3,512
870,box,box,1,3,512
871,box,box,1,3,512
872,can,can,1,3,512
873,bottle,bottle,1,4,512
874,can,can,1,5,512
875,bottle,bottle,1,2,512
876,box,box,1,5,512
877,can,can,1,5,512
878,bottle,bottle,1,4,512
879,bowl,bowl,1,1,512
880,mug,mug,1,2,512
881,can,can,1,1,512
882,bottle,bottle,1,3,512
883,bowl,bowl,1,5,512
884,mug,mug,1,1,512
885,can,can,1,2,512
886,bottle,bottle,1,5,512
887,bottle,bottle,1,2,512
888,box,box,1,5,512
889,bottle,bottle,1,5,512
890,bowl,bowl,1,4,512
891,mug,mug,1,1,512
892,bowl,bowl,1,5,512
893,mug,mug,1,1,512
894,can,can,1,3,512
895,can,can,1,4,512
896,box,box,1,4,512
897,can,can,1,3,512
898,box,box,1,3,512
899,box,box,1,3,512
900,box,box,1,3,512
901,box,box,1,4,512
902,box,box,1,5,512
903,box,box,1,3,512
904,can,can,1,3,512
905,box,box,1,5,512
906,box,box,1,5,512
907,can,can,1,4,512
908,mug,mug,1,4,512
909,box,box,1,4,512
910,can,can,1,4,512
911,can,can,1,4,512
912,can,can,1,2,512
913,box,box,1,4,512
914,box,box,1,3,512
915,box,box,1,3,512
916,can,can,1,2,512
917,box,box,1,2,512
918,can,can,1,3,512
919,can,can,1,2,512
920,box,box,1,1,512
921,box,box,1,3,512
922,box,box,1,3,512
923,box,box,1,4,512
924,can,can,1,2,512
925,bottle,bottle,1,1,512
926,box,box,1,3,512
927,bottle,bottle,1,3,512
928,mug,mug,1,4,512
929,box,box,1,2,512
930,box,box,1,1,512
931,bowl,bowl,1,5,512
932,mug,mug,1,5,512
933,box,box,1,5,512
934,can,can,1,5,512
935,can,can,1,2,512
936,box,box,1,1,512
937,can,can,1,4,512
938,can,can,1,2,512
939,box,box,1,5,512
940,box,box,1,5,512
941,can,can,1,4,512
942,can,can,1,1,512
943,can,can,1,4,512
944,box,box,1,1,512
945,bowl,bowl,1,5,512
946,mug,mug,1,3,512
947,bottle,bottle,1,1,512
948,can,can,1,4,512
949,bottle,bottle,1,2,512
950,can,can,1,5,512
951,box,box,1,1,512
952,box,box,1,3,512
953,can,can,1,2,512
954,can,can,1,1,512
955,box,box,1,1,512
956,can,can,1,5,512
957,box,box,1,3,512
958,can,can,1,1,512
959,can,can,1,1,512
960,can,can,1,3,512
961,can,can,1,1,512
962,box,box,1,4,512
963,box,box,1,1,512
964,box,box,1,4,512
965,can,bowl,0,4,512
966,can,can,1,2,512
967,bottle,bottle,1,3,512
968,can,can,1,3,512
969,box,box,1,5,512
970,box,box,1,1,512
971,box,box,1,4,512
972,box,box,1,3,512
973,box,box,1,3,512
974,bottle,bottle,1,2,512
975,bowl,bowl,1,4,512
976,mug,mug,1,1,512
977,box,box,1,1,512
978,can,can,1,1,512
979,can,can,1,3,512
980,bottle,bottle,1,2,512
981,can,can,1,3,512
982,box,box,1,4,512
983,can,can,1,3,512
984,box,box,1,1,512
985,box,box,1,5,512
986,box,box,1,3,512
987,can,can,1,3,512
988,can,can,1,4,512
989,can,can,1,4,512
990,box,box,1,2,512
991,can,can,1,4,512
992,box,box,1,4,512
993,bottle,bottle,1,4,512
994,mug,mug,1,1,512
995,box,box,1,5,512
996,can,can,1,1,512
997,can,can,1,1,512
998,box,box,1,2,512
999,box,box,1,4,512
1000,box,box,1,5,512
1001,box,box,1,4,512
1002,can,can,1,5,512
1003,box,box,1,3,512
1004,box,box,1,1,512
1005,bottle,bottle,1,1,512
1006,can,can,1,4,512
1007,box,box,1,4,512
1008,can,can,1,2,512
1009,box,box,1,1,512
1010,box,box,1,2,512
1011,box,box,1,2,512
1012,box,box,1,5,512
1013,box,box,1,2,512
1014,can,can,1,3,512
1015,box,box,1,2,512
1016,box,box,1,1,512
1017,bottle,bottle,1,5,512
1018,can,can,1,5,512
1019,box,box,1,1,512
1020,can,can,1,4,512
1021,box,box,1,4,512
1022,box,box,1,3,512
1023,can,can,1,3,512
1024,bottle,bottle,1,1,512
1025,bowl,bowl,1,3,512
1026,mug,mug,1,3,512
1027,box,box,1,3,512
1028,can,can,1,5,512
1029,can,can,1,5,512
1030,box,box,1,1,512
1031,bottle,bottle,1,3,512
1032,box,box,1,4,512
1033,box,box,1,2,512
1034,can,can,1,5,512
1035,box,box,1,3,512
1036,box,box,1,5,512
1037,bottle,box,0,1,512
1038,bowl,bowl,1,5,512
1039,mug,mug,1,5,512
1040,bottle,bottle,1,5,512
1041,mug,mug,1,2,512
1042,box,box,1,3,512
1043,can,can,1,4,512
1044,box,box,1,5,512
1045,box,box,1,4,512
1046,can,can,1,1,512
1047,can,can,1,4,512
1048,bottle,bottle,1,4,512
1049,bottle,bottle,1,1,512
1050,can,can,1,1,512
1051,mug,mug,1,1,512
1052,can,can,1,4,512
1053,bottle,bottle,1,1,512
1054,can,can,1,4,512
1055,box,box,1,5,512
1056,can,can,1,5,512
1057,box,box,1,4,512
1058,box,box,1,3,512
1059,box,box,1,4,512
1060,can,can,1,2,512
1061,box,box,1,2,512
1062,can,can,1,1,512
1063,box,box,1,2,512
1064,can,can,1,5,512
1065,box,box,1,2,512
1066,box,box,1,4,512
1067,bowl,bowl,1,4,512
1068,mug,mug,1,1,512
1069,box,box,1,2,512
1070,box,box,1,4,512
1071,box,box,1,1,512
1072,can,can,1,4,512
1073,box,box,1,5,512
1074,can,can,1,3,512
1075,box,box,1,4,512
1076,mug,mug,1,3,512
1077,box,box,1,3,512
1078,can,can,1,4,512
1079,box,box,1,2,512
1080,can,can,1,2,512
1081,mug,mug,1,1,512
1082,can,can,1,1,512
1083,bottle,bottle,1,2,512
1084,can,can,1,1,512
1085,box,box,1,5,512
1086,mug,mug,1,2,512
1087,can,can,1,4,512
1088,box,box,1,1,512
1089,bottle,bottle,1,5,512
1090,mug,mug,1,1,512
1091,box,box,1,2,512
1092,box,box,1,1,512
1093,can,can,1,5,512
1094,bowl,bowl,1,4,512
1095,mug,mug,1,5,512
1096,bottle,bottle,1,3,512
1097,bottle,bottle,1,4,512
1098,box,box,1,2,512
1099,box,box,1,3,512
1100,box,box,1,4,512
1101,box,box,1,5,512
1102,bowl,box,0,4,512
1103,mug,mug,1,1,512
1104,bowl,bowl,1,2,512
1105,mug,mug,1,3,512
1106,box,box,1,2,512
1107,bowl,bowl,1,5,512
1108,mug,can,0,3,512
0,box,box,1,4,256
1,box,box,1,5,256
2,box,box,1,1,256
3,box,box,1,1,256
4,can,can,1,3,256
5,box,box,1,4,256
6,can,can,1,5,256
7,box,box,1,1,256
8,box,box,1,1,256
9,box,box,1,5,256
10,can,can,1,3,256
11,box,box,1,2,256
12,bottle,bottle,1,1,256
13,mug,mug,1,3,256
14,can,can,1,4,256
15,box,box,1,1,256
16,can,mug,0,2,256
17,bottle,bottle,1,4,256
18,bottle,bottle,1,3,256
19,box,box,1,1,256
20,box,box,1,3,256
21,can,can,1,2,256
22,box,box,1,2,256
23,can,can,1,3,256
24,box,box,1,3,256
25,can,can,1,5,256
26,box,box,1,4,256
27,can,can,1,4,256
28,box,box,1,4,256
29,box,box,1,5,256
30,can,can,1,4,256
31,box,box,1,2,256
32,box,box,1,4,256
33,can,can,1,1,256
34,bottle,bottle,1,5,256
35,can,can,1,4,256
36,can,can,1,4,256
37,box,box,1,5,256
38,box,box,1,1,256
39,box,box,1,1,256
40,can,can,1,2,256
41,box,box,1,3,256
42,can,can,1,5,256
43,bottle,bottle,1,5,256
44,bottle,box,0,4,256
45,box,box,1,1,256
46,can,can,1,3,256
47,box,box,1,4,256
48,box,box,1,1,256
49,can,can,1,5,256
50,bottle,bottle,1,2,256
51,box,box,1,5,256
52,can,can,1,2,256
53,box,box,1,1,256
54,can,can,1,4,256
55,box,box,1,2,256
56,box,box,1,2,256
57,can,can,1,1,256
58,box,box,1,5,256
59,box,box,1,5,256
60,box,box,1,5,256
61,can,can,1,2,256
62,bottle,bottle,1,4,256
63,bottle,bottle,1,5,256
64,box,box,1,1,256
65,can,can,1,1,256
66,bottle,can,0,4,256
67,mug,mug,1,4,256
68,box,box,1,2,256
69,can,can,1,4,256
70,box,box,1,1,256
71,box,box,1,5,256
72,can,can,1,4,256
73,box,box,1,3,256
74,can,can,1,1,256
75,box,box,1,5,256
76,can,can,1,1,256
77,can,can,1,4,256
78,box,box,1,1,256
79,box,box,1,2,256
80,can,can,1,3,256
81,box,box,1,2,256
82,can,can,1,3,256
83,can,can,1,2,256
84,box,box,1,1,256
85,can,can,1,5,256
86,box,box,1,1,256
87,box,box,1,3,256
88,bottle,box,0,3,256
89,mug,can,0,4,256
90,box,box,1,5,256
91,can,can,1,5,256
92,box,box,1,4,256
93,can,can,1,3,256
94,box,box,1,5,256
95,can,can,1,5,256
96,box,box,1,4,256
97,bottle,bottle,1,5,256
98,bowl,bowl,1,1,256
99,mug,mug,1,2,256
100,box,box,1,1,256
101,can,can,1,2,256
102,box,box,1,1,256
103,can,can,1,1,256
104,box,box,1,5,256
105,can,can,1,3,256
106,can,can,1,2,256
107,can,can,1,1,256
108,box,box,1,5,256
109,can,can,1,5,256
110,box,box,1,5,256
111,box,box,1,1,256
112,can,can,1,1,256
113,box,box,1,2,256
114,box,box,1,5,256
115,box,box,1,3,256
116,box,box,1,4,256
117,can,can,1,3,256
118,box,box,1,5,256
119,bottle,bottle,1,2,256
120,can,can,1,4,256
121,bottle,bottle,1,3,256
122,mug,mug,1,2,256
123,box,box,1,1,256
124,can,can,1,2,256
125,box,box,1,5,256
126,box,box,1,2,256
127,bottle,bottle,1,3,256
128,box,box,1,2,256
129,can,can,1,3,256
130,bowl,bowl,1,3,256
131,mug,mug,1,3,256
132,can,can,1,3,256
133,can,can,1,1,256
134,bottle,bottle,1,5,256
135,bottle,bottle,1,5,256
136,can,can,1,4,256
137,mug,mug,1,5,256
138,box,box,1,5,256
139,can,can,1,2,256
140,can,can,1,1,256
141,box,box,1,3,256
142,box,box,1,4,256
143,can,can,1,3,256
144,bowl,bowl,1,3,256
145,mug,mug,1,4,256
146,bottle,bottle,1,3,256
147,box,box,1,3,256
148,can,can,1,2,256
149,can,can,1,3,256
150,box,box,1,5,256
151,box,box,1,2,256
152,box,box,1,5,256
153,can,can,1,1,256
154,box,box,1,4,256
155,can,can,1,5,256
156,can,can,1,4,256
157,can,can,1,1,256
158,box,box,1,5,256
159,bottle,bottle,1,5,256
160,box,box,1,5,256
161,can,can,1,2,256
162,box,box,1,1,256
163,mug,mug,1,3,256
164,box,box,1,2,256
165,can,can,1,5,256
166,can,can,1,2,256
167,can,can,1,3,256
168,bottle,bottle,1,4,256
169,bottle,bottle,1,1,256
170,bottle,bottle,1,4,256
171,box,box,1,4,256
172,can,can,1,2,256
173,can,can,1,2,256
174,box,box,1,1,256
175,can,can,1,4,256
176,can,can,1,3,256
177,box,box,1,4,256
178,can,can,1,4,256
179,box,box,1,4,256
180,box,box,1,1,256
181,box,box,1,3,256
182,can,can,1,4,256
183,bottle,bottle,1,1,256
184,box,box,1,5,256
185,box,box,1,5,256
186,box,box,1,4,256
187,can,can,1,1,256
188,can,can,1,2,256
189,box,box,1,5,256
190,box,box,1,5,256
191,mug,mug,1,3,256
192,can,can,1,3,256
193,mug,mug,1,5,256
194,box,box,1,1,256
195,can,can,1,4,256
196,box,box,1,3,256
197,box,box,1,3,256
198,can,can,1,2,256
199,can,can,1,3,256
200,can,can,1,2,256
201,box,box,1,5,256
202,box,box,1,1,256
203,box,box,1,3,256
204,box,box,1,2,256
205,box,box,1,3,256
206,box,box,1,3,256
207,can,can,1,1,256
208,box,box,1,3,256
209,can,can,1,1,256
210,box,box,1,3,256
211,can,can,1,2,256
212,box,box,1,5,256
213,bottle,bottle,1,2,256
214,bottle,bottle,1,3,256
215,can,can,1,4,256
216,box,box,1,1,256
217,box,box,1,4,256
218,can,can,1,5,256
219,mug,mug,1,5,256
220,box,box,1,1,256
221,bottle,can,0,4,256
222,bowl,bowl,1,2,256
223,mug,mug,1,4,256
224,box,box,1,4,256
225,box,box,1,4,256
226,bottle,bottle,1,2,256
227,mug,mug,1,1,256
228,box,box,1,5,256
229,can,can,1,2,256
230,box,box,1,2,256
231,box,box,1,2,256
232,can,can,1,3,256
233,box,box,1,1,256
234,box,box,1,4,256
235,bottle,bottle,1,2,256
236,bowl,bowl,1,1,256
237,mug,mug,1,4,256
238,can,can,1,1,256
239,can,can,1,2,256
240,box,box,1,3,256
241,mug,mug,1,5,256
242,box,box,1,5,256
243,can,can,1,2,256
244,box,box,1,1,256
245,bottle,bottle,1,4,256
246,mug,mug,1,4,256
247,box,box,1,1,256
248,box,box,1,1,256
249,bottle,bottle,1,2,256
250,can,can,1,2,256
251,can,can,1,4,256
252,can,can,1,1,256
253,bottle,bottle,1,4,256
254,bottle,bottle,1,3,256
255,box,box,1,2,256
256,can,can,1,4,256
257,bottle,bottle,1,1,256
258,mug,mug,1,4,256
259,can,can,1,4,256
260,box,box,1,1,256
261,can,can,1,4,256
262,box,box,1,1,256
263,box,box,1,1,256
264,can,can,1,4,256
265,box,box,1,5,256
266,box,box,1,2,256
267,box,box,1,3,256
268,box,box,1,5,256
269,box,box,1,2,256
270,box,box,1,1,256
271,box,box,1,3,256
272,bowl,box,0,2,256
273,mug,bowl,0,5,256
274,can,can,1,5,256
275,box,box,1,5,256
276,box,box,1,3,256
277,can,can,1,5,256
278,box,box,1,2,256
279,box,box,1,4,256
280,bottle,bottle,1,4,256
281,bowl,bowl,1,2,256
282,mug,mug,1,3,256
283,box,box,1,3,256
284,can,can,1,5,256
285,box,box,1,4,256
286,can,can,1,3,256
287,bottle,bottle,1,5,256
288,bottle,bottle,1,5,256
289,bowl,bowl,1,2,256
290,mug,mug,1,4,256
291,can,can,1,2,256
292,box,box,1,5,256
293,bottle,bottle,1,3,256
294,bottle,bottle,1,4,256
295,box,box,1,1,256
296,bottle,box,0,3,256
297,mug,mug,1,4,256
298,box,box,1,2,256
299,box,box,1,1,256
300,can,can,1,5,256
301,box,box,1,1,256
302,bottle,bottle,1,3,256
303,mug,mug,1,1,256
304,bottle,bottle,1,3,256
305,bowl,bowl,1,3,256
306,mug,mug,1,2,256
307,box,box,1,5,256
308,box,box,1,4,256
309,can,can,1,4,256
310,bottle,bottle,1,4,256
311,bottle,bottle,1,1,256
312,bowl,bowl,1,1,256
313,mug,mug,1,3,256
314,can,can,1,2,256
315,mug,mug,1,2,256
316,box,box,1,1,256
317,box,box,1,5,256
318,can,can,1,3,256
319,bottle,bottle,1,1,256
320,can,can,1,1,256
321,bottle,bottle,1,2,256
322,box,box,1,1,256
323,box,box,1,2,256
324,can,can,1,1,256
325,box,box,1,5,256
326,box,box,1,4,256
327,bottle,bottle,1,2,256
328,bottle,bottle,1,1,256
329,can,can,1,1,256
330,box,box,1,1,256
331,box,box,1,2,256
332,can,can,1,3,256
333,box,box,1,5,256
334,can,can,1,4,256
335,box,box,1,1,256
336,box,box,1,1,256
337,box,box,1,5,256
338,can,can,1,4,256
339,box,box,1,2,256
340,box,box,1,5,256
341,can,can,1,2,256
342,box,box,1,5,256
343,can,can,1,2,256
344,box,box,1,2,256
345,bottle,bottle,1,1,256
346,can,can,1,2,256
347,can,can,1,3,256
348,box,box,1,2,256
349,can,can,1,5,256
350,box,box,1,2,256
351,can,can,1,1,256
352,box,box,1,3,256
353,can,can,1,3,256
354,box,box,1,3,256
355,box,box,1,4,256
356,can,can,1,2,256
357,box,box,1,4,256
358,box,box,1,2,256
359,bottle,bottle,1,1,256
360,can,can,1,1,256
361,box,box,1,5,256
362,can,can,1,1,256
363,box,box,1,3,256
364,bottle,bottle,1,4,256
365,box,box,1,5,256
366,can,can,1,2,256
367,can,can,1,1,256
368,box,box,1,2,256
369,bottle,bottle,1,3,256
370,bowl,bowl,1,2,256
371,box,box,1,5,256
372,can,can,1,5,256
373,bottle,bottle,1,2,256
374,can,can,1,2,256
375,box,box,1,1,256
376,box,box,1,4,256
377,can,can,1,4,256
378,box,box,1,2,256
379,box,box,1,4,256
380,can,can,1,1,256
381,mug,mug,1,2,256
382,can,can,1,4,256
383,can,can,1,3,256
384,can,can,1,5,256
385,bottle,bottle,1,5,256
386,can,can,1,2,256
387,mug,mug,1,5,256
388,box,box,1,4,256
389,box,box,1,3,256
390,can,can,1,2,256
391,mug,mug,1,5,256
392,can,can,1,4,256
393,mug,box,0,2,256
394,box,box,1,2,256
395,can,can,1,5,256
396,can,can,1,1,256
397,can,can,1,5,256
398,box,box,1,4,256
399,box,box,1,2,256
400,box,box,1,4,256
401,can,can,1,5,256
402,can,can,1,3,256
403,bottle,bottle,1,5,256
404,can,can,1,5,256
405,mug,mug,1,1,256
406,can,can,1,2,256
407,box,box,1,2,256
408,box,box,1,3,256
409,can,can,1,3,256
410,box,box,1,4,256
411,can,can,1,5,256
412,box,box,1,1,256
413,can,can,1,1,256
414,box,box,1,3,256
415,box,box,1,2,256
416,bottle,bottle,1,2,256
417,bowl,bowl,1,5,256
418,mug,mug,1,3,256
419,box,box,1,3,256
420,can,can,1,1,256
421,box,box,1,3,256
422,box,box,1,1,256
423,can,can,1,5,256
424,box,box,1,3,256
425,can,can,1,1,256
426,box,box,1,5,256
427,box,box,1,3,256
428,can,can,1,1,256
429,bottle,bottle,1,2,256
430,bottle,bottle,1,2,256
431,box,box,1,2,256
432,mug,mug,1,2,256
433,box,box,1,3,256
434,can,can,1,4,256
435,box,box,1,3,256
436,box,box,1,3,256
437,box,box,1,4,256
438,mug,mug,1,3,256
439,can,can,1,3,256
440,box,box,1,5,256
441,box,box,1,3,256
442,box,box,1,3,256
443,can,can,1,5,256
444,can,can,1,5,256
445,can,can,1,1,256
446,box,box,1,4,256
447,mug,mug,1,2,256
448,box,box,1,5,256
449,can,can,1,3,256
450,box,box,1,1,256
451,can,can,1,2,256
452,bottle,bottle,1,3,256
453,bottle,bottle,1,5,256
454,can,can,1,5,256
455,can,can,1,4,256
456,can,can,1,5,256
457,can,can,1,4,256
458,bottle,bottle,1,3,256
459,can,can,1,1,256
460,box,box,1,3,256
461,box,box,1,2,256
462,can,can,1,4,256
463,bottle,bottle,1,5,256
464,can,can,1,1,256
465,box,box,1,4,256
466,can,can,1,4,256
467,bottle,bottle,1,5,256
468,mug,mug,1,4,256
469,box,box,1,4,256
470,can,can,1,3,256
471,box,box,1,5,256
472,bottle,bottle,1,3,256
473,mug,mug,1,3,256
474,can,can,1,3,256
475,box,box,1,3,256
476,can,can,1,1,256
477,bottle,bottle,1,4,256
478,bottle,can,0,4,256
479,box,box,1,1,256
480,can,can,1,1,256
481,box,box,1,2,256
482,box,box,1,4,256
483,box,box,1,5,256
484,can,can,1,5,256
485,box,box,1,1,256
486,box,box,1,4,256
487,can,can,1,5,256
488,bowl,bowl,1,2,256
489,mug,mug,1,2,256
490,box,box,1,4,256
491,box,box,1,2,256
492,can,can,1,1,256
493,box,box,1,2,256
494,can,can,1,5,256
495,bottle,bottle,1,1,256
496,bottle,bottle,1,2,256
497,bottle,bottle,1,2,256
498,bowl,bowl,1,3,256
499,mug,mug,1,4,256
500,can,can,1,5,256
501,mug,mug,1,4,256
502,can,can,1,2,256
503,box,box,1,2,256
504,can,can,1,2,256
505,box,box,1,2,256
506,box,box,1,1,256
507,box,box,1,5,256
508,can,can,1,3,256
509,box,box,1,2,256
510,can,can,1,5,256
511,box,box,1,1,256
512,box,box,1,1,256
513,box,box,1,4,256
514,can,can,1,5,256
515,can,can,1,5,256
516,can,can,1,5,256
517,box,box,1,2,256
518,box,box,1,5,256
519,can,can,1,5,256
520,box,box,1,3,256
521,can,can,1,3,256
522,can,can,1,2,256
523,bottle,bottle,1,2,256
524,bottle,bottle,1,4,256
525,bowl,bowl,1,3,256
526,mug,mug,1,4,256
527,can,can,1,2,256
528,box,box,1,3,256
529,bottle,bottle,1,5,256
530,mug,mug,1,5,256
531,can,can,1,5,256
532,can,can,1,3,256
533,box,box,1,5,256
534,box,box,1,3,256
535,box,box,1,3,256
536,box,box,1,3,256
537,box,box,1,1,256
538,can,can,1,1,256
539,can,can,1,3,256
540,bottle,bottle,1,4,256
541,bottle,bottle,1,3,256
542,mug,mug,1,3,256
543,can,can,1,2,256
544,box,box,1,2,256
545,box,box,1,2,256
546,box,box,1,3,256
547,can,can,1,2,256
548,box,box,1,2,256
549,can,can,1,2,256
550,bottle,bottle,1,1,256
551,mug,mug,1,4,256
552,can,can,1,1,256
553,can,can,1,3,256
554,bottle,bottle,1,3,256
555,can,can,1,5,256
556,bottle,bottle,1,5,256
557,box,box,1,1,256
558,bottle,bottle,1,1,256
559,bowl,bowl,1,4,256
560,mug,mug,1,1,256
561,box,box,1,1,256
562,box,box,1,5,256
563,box,box,1,1,256
564,can,can,1,2,256
565,can,can,1,1,256
566,bottle,bottle,1,4,256
567,box,box,1,3,256
568,can,can,1,3,256
569,box,box,1,2,256
570,box,box,1,4,256
571,can,can,1,1,256
572,can,can,1,5,256
573,box,box,1,2,256
574,box,box,1,2,256
575,bottle,bottle,1,1,256
576,bowl,bowl,1,1,256
577,mug,mug,1,2,256
578,can,can,1,4,256
579,box,box,1,3,256
580,box,box,1,4,256
581,bottle,bottle,1,2,256
582,mug,mug,1,2,256
583,bottle,bottle,1,1,256
584,can,can,1,3,256
585,box,box,1,4,256
586,box,box,1,4,256
587,box,box,1,2,256
588,can,can,1,3,256
589,box,box,1,5,256
590,can,can,1,2,256
591,box,box,1,1,256
592,box,box,1,1,256
593,bottle,bottle,1,2,256
594,mug,mug,1,5,256
595,can,can,1,5,256
596,bottle,bottle,1,2,256
597,can,can,1,3,256
598,box,box,1,1,256
599,box,box,1,2,256
600,box,box,1,2,256
601,box,box,1,2,256
602,bottle,bottle,1,3,256
603,can,can,1,5,256
604,can,can,1,2,256
605,box,box,1,3,256
606,box,box,1,3,256
607,can,can,1,4,256
608,bottle,bottle,1,4,256
609,box,box,1,4,256
610,can,can,1,3,256
611,bottle,bottle,1,3,256
612,bowl,bowl,1,3,256
613,mug,mug,1,1,256
614,mug,mug,1,3,256
615,box,box,1,4,256
616,can,can,1,2,256
617,box,box,1,4,256
618,bottle,bottle,1,1,256
619,can,can,1,3,256
620,can,can,1,4,256
621,bottle,bottle,1,2,256
622,bottle,bottle,1,1,256
623,bowl,bowl,1,3,256
624,mug,mug,1,5,256
625,bottle,bottle,1,1,256
626,mug,mug,1,1,256
627,box,box,1,4,256
628,can,can,1,3,256
629,box,box,1,4,256
630,can,can,1,1,256
631,bottle,bottle,1,1,256
632,bottle,bottle,1,1,256
633,can,can,1,5,256
634,bottle,bottle,1,4,256
635,box,box,1,5,256
636,can,can,1,2,256
637,can,can,1,1,256
638,box,box,1,2,256
639,box,box,1,4,256
640,box,box,1,3,256
641,box,box,1,5,256
642,box,box,1,3,256
643,can,can,1,1,256
644,box,box,1,2,256
645,box,box,1,5,256
646,can,can,1,4,256
647,can,can,1,2,256
648,can,can,1,5,256
649,can,can,1,4,256
650,box,box,1,3,256
651,can,can,1,2,256
652,bottle,bottle,1,2,256
653,box,box,1,5,256
654,can,can,1,2,256
655,can,can,1,3,256
656,can,can,1,3,256
657,box,box,1,5,256
658,box,box,1,5,256
659,box,box,1,4,256
660,box,box,1,4,256
661,box,box,1,4,256
662,box,box,1,4,256
663,bottle,bottle,1,4,256
664,bowl,bowl,1,4,256
665,can,can,1,1,256
666,box,box,1,2,256
667,box,box,1,2,256
668,box,box,1,4,256
669,box,box,1,4,256
670,box,box,1,4,256
671,box,box,1,5,256
672,can,can,1,1,256
673,box,box,1,4,256
674,can,can,1,3,256
675,can,can,1,4,256
676,box,box,1,3,256
677,box,box,1,4,256
678,box,box,1,2,256
679,can,can,1,1,256
680,mug,box,0,2,256
681,box,box,1,2,256
682,can,can,1,5,256
683,box,box,1,3,256
684,can,can,1,2,256
685,box,box,1,3,256
686,box,box,1,3,256
687,bowl,bowl,1,5,256
688,mug,mug,1,4,256
689,box,box,1,2,256
690,can,can,1,3,256
691,box,box,1,2,256
692,box,box,1,4,256
693,can,can,1,5,256
694,box,can,0,3,256
695,box,box,1,5,256
696,can,can,1,2,256
697,box,box,1,4,256
698,bottle,bottle,1,4,256
699,bottle,bottle,1,1,256
700,can,can,1,3,256
701,bowl,bowl,1,2,256
702,mug,mug,1,5,256
703,can,can,1,1,256
704,box,box,1,2,256
705,can,can,1,4,256
706,box,box,1,4,256
707,can,can,1,3,256
708,can,can,1,5,256
709,box,box,1,5,256
710,box,box,1,2,256
711,can,can,1,2,256
712,box,box,1,4,256
713,box,box,1,4,256
714,box,box,1,2,256
715,bowl,can,0,1,256
716,mug,mug,1,3,256
717,box,box,1,4,256
718,bottle,bottle,1,3,256
719,mug,mug,1,1,256
720,can,can,1,1,256
721,box,box,1,1,256
722,box,box,1,5,256
723,bottle,bottle,1,5,256
724,box,box,1,1,256
725,can,can,1,4,256
726,box,bottle,0,3,256
727,bottle,bottle,1,3,256
728,bowl,bowl,1,4,256
729,mug,mug,1,5,256
730,can,can,1,3,256
731,can,can,1,5,256
732,bottle,bottle,1,1,256
733,can,can,1,4,256
734,box,box,1,1,256
735,box,box,1,3,256
736,box,box,1,2,256
737,box,box,1,2,256
738,box,box,1,1,256
739,box,box,1,1,256
740,can,can,1,4,256
741,box,box,1,1,256
742,box,box,1,2,256
743,can,can,1,5,256
744,bowl,box,0,1,256
745,mug,mug,1,5,256
746,box,box,1,2,256
747,box,box,1,5,256
748,can,can,1,5,256
749,bottle,bottle,1,5,256
750,bottle,bottle,1,1,256
751,can,can,1,2,256
752,bottle,bottle,1,5,256
753,box,box,1,4,256
754,can,can,1,2,256
755,box,box,1,3,256
756,box,bottle,0,2,256
757,can,can,1,4,256
758,box,box,1,1,256
759,box,box,1,3,256
760,can,can,1,2,256
761,box,box,1,4,256
762,can,can,1,3,256
763,box,box,1,4,256
764,can,can,1,3,256
765,bowl,bowl,1,4,256
766,mug,mug,1,4,256
767,box,box,1,2,256
768,can,can,1,1,256
769,can,bottle,0,3,256
770,bottle,bottle,1,5,256
771,can,can,1,2,256
772,box,box,1,1,256
773,box,box,1,4,256
774,can,can,1,5,256
775,box,box,1,3,256
776,box,box,1,3,256
777,box,box,1,3,256
778,box,box,1,5,256
779,can,can,1,1,256
780,box,box,1,1,256
781,box,box,1,3,256
782,box,box,1,5,256
783,box,box,1,2,256
784,can,can,1,4,256
785,box,box,1,3,256
786,box,box,1,5,256
787,box,box,1,3,256
788,bottle,bottle,1,5,256
789,mug,mug,1,5,256
790,can,can,1,4,256
791,can,can,1,1,256
792,bottle,bottle,1,3,256
793,box,box,1,2,256
794,box,bottle,0,2,256
795,can,can,1,1,256
796,box,box,1,4,256
797,can,can,1,5,256
798,box,box,1,3,256
799,box,box,1,1,256
800,can,can,1,5,256
801,bottle,bottle,1,2,256
802,can,can,1,3,256
803,can,can,1,1,256
804,mug,mug,1,3,256
805,box,box,1,1,256
806,box,box,1,1,256
807,can,can,1,5,256
808,box,box,1,3,256
809,box,box,1,4,256
810,can,can,1,3,256
811,can,can,1,2,256
812,box,box,1,3,256
813,box,box,1,5,256
814,box,box,1,1,256
815,can,can,1,4,256
816,box,box,1,5,256
817,bottle,can,0,4,256
818,mug,mug,1,2,256
819,box,box,1,3,256
820,can,can,1,5,256
821,box,box,1,3,256
822,box,box,1,4,256
823,can,can,1,5,256
824,box,box,1,2,256
825,can,can,1,1,256
826,box,box,1,5,256
827,box,box,1,2,256
828,bowl,bowl,1,1,256
829,mug,mug,1,2,256
830,bottle,bottle,1,1,256
831,bottle,bottle,1,5,256
832,box,box,1,1,256
833,can,can,1,3,256
834,can,can,1,4,256
835,bottle,bottle,1,2,256
836,box,box,1,2,256
837,bottle,bowl,0,5,256
838,bowl,can,0,2,256
839,mug,mug,1,2,256
840,box,box,1,2,256
841,bowl,bowl,1,1,256
842,can,can,1,2,256
843,box,box,1,5,256
844,box,box,1,1,256
845,can,can,1,1,256
846,can,can,1,4,256
847,bottle,bottle,1,3,256
848,can,can,1,5,256
849,bottle,bottle,1,5,256
850,bowl,bowl,1,3,256
851,mug,mug,1,5,256
852,box,box,1,4,256
853,can,can,1,1,256
854,box,box,1,5,256
855,box,box,1,1,256
856,box,box,1,4,256
857,box,box,1,1,256
858,can,can,1,3,256
859,bottle,bottle,1,2,256
860,can,can,1,5,256
861,bottle,bottle,1,3,256
862,bottle,bottle,1,4,256
863,box,box,1,2,256
864,can,can,1,1,256
865,box,box,1,1,256
866,box,box,1,5,256
867,can,can,1,4,256
868,box,box,1,5,256
869,can,can,1,3,256
870,box,box,1,3,256
871,box,box,1,3,256
872,can,can,1,3,256
873,bottle,bottle,1,4,256
874,can,can,1,5,256
875,bottle,bottle,1,2,256
876,box,box,1,5,256
877,can,can,1,5,256
878,bottle,bottle,1,4,256
879,bowl,bowl,1,1,256
880,mug,mug,1,2,256
881,can,can,1,1,256
882,bottle,bottle,1,3,256
883,bowl,bowl,1,5,256
884,mug,mug,1,1,256
885,can,can,1,2,256
886,bottle,bottle,1,5,256
887,bottle,bottle,1,2,256
888,box,box,1,5,256
889,bottle,bottle,1,5,256
890,bowl,bowl,1,4,256
891,mug,mug,1,1,256
892,bowl,bowl,1,5,256
893,mug,mug,1,1,256
894,can,can,1,3,256
895,can,can,1,4,256
896,box,box,1,4,256
897,can,can,1,3,256
898,box,box,1,3,256
899,box,box,1,3,256
900,box,box,1,3,256
901,box,box,1,4,256
902,box,box,1,5,256
903,box,box,1,3,256
904,can,can,1,3,256
905,box,box,1,5,256
906,box,box,1,5,256
907,can,can,1,4,256
908,mug,mug,1,4,256
909,box,box,1,4,256
910,can,can,1,4,256
911,can,can,1,4,256
912,can,can,1,2,256
913,box,box,1,4,256
914,box,box,1,3,256
915,box,box,1,3,256
916,can,can,1,2,256
917,box,box,1,2,256
918,can,can,1,3,256
919,can,can,1,2,256
920,box,box,1,1,256
921,box,box,1,3,256
922,box,box,1,3,256
923,box,box,1,4,256
924,can,can,1,2,256
925,bottle,bottle,1,1,256
926,box,box,1,3,256
927,bottle,bottle,1,3,256
928,mug,mug,1,4,256
929,box,box,1,2,256
930,box,box,1,1,256
931,bowl,bowl,1,5,256
932,mug,mug,1,5,256
933,box,box,1,5,256
934,can,can,1,5,256
935,can,can,1,2,256
936,box,box,1,1,256
937,can,can,1,4,256
938,can,can,1,2,256
939,box,box,1,5,256
940,box,box,1,5,256
941,can,can,1,4,256
942,can,can,1,1,256
943,can,can,1,4,256
944,box,box,1,1,256
945,bowl,bowl,1,5,256
946,mug,mug,1,3,256
947,bottle,bottle,1,1,256
948,can,can,1,4,256
949,bottle,bottle,1,2,256
950,can,can,1,5,256
951,box,box,1,1,256
952,box,box,1,3,256
953,can,can,1,2,256
954,can,can,1,1,256
955,box,box,1,1,256
956,can,can,1,5,256
957,box,box,1,3,256
958,can,can,1,1,256
959,can,can,1,1,256
960,can,can,1,3,256
961,can,can,1,1,256
962,box,box,1,4,256
963,box,box,1,1,256
964,box,box,1,4,256
965,can,bowl,0,4,256
966,can,can,1,2,256
967,bottle,bottle,1,3,256
968,can,can,1,3,256
969,box,box,1,5,256
970,box,box,1,1,256
971,box,box,1,4,256
972,box,box,1,3,256
973,box,box,1,3,256
974,bottle,bottle,1,2,256
975,bowl,bowl,1,4,256
976,mug,mug,1,1,256
977,box,box,1,1,256
978,can,can,1,1,256
979,can,can,1,3,256
980,bottle,bottle,1,2,256
981,can,can,1,3,256
982,box,box,1,4,256
983,can,can,1,3,256
984,box,box,1,1,256
985,box,box,1,5,256
986,box,box,1,3,256
987,can,can,1,3,256
988,can,can,1,4,256
989,can,can,1,4,256
990,box,box,1,2,256
991,can,can,1,4,256
992,box,box,1,4,256
993,bottle,bottle,1,4,256
994,mug,mug,1,1,256
995,box,box,1,5,256
996,can,can,1,1,256
997,can,can,1,1,256
998,box,box,1,2,256
999,box,box,1,4,256
1000,box,box,1,5,256
1001,box,box,1,4,256
1002,can,can,1,5,256
1003,box,box,1,3,256
1004,box,box,1,1,256
1005,bottle,bottle,1,1,256
1006,can,can,1,4,256
1007,box,box,1,4,256
1008,can,can,1,2,256
1009,box,box,1,1,256
1010,box,box,1,2,256
1011,box,box,1,2,256
1012,box,box,1,5,256
1013,box,box,1,2,256
1014,can,can,1,3,256
1015,box,box,1,2,256
1016,box,box,1,1,256
1017,bottle,bottle,1,5,256
1018,can,can,1,5,256
1019,box,box,1,1,256
1020,can,can,1,4,256
1021,box,box,1,4,256
1022,box,box,1,3,256
1023,can,can,1,3,256
1024,bottle,bottle,1,1,256
1025,bowl,bowl,1,3,256
1026,mug,mug,1,3,256
1027,box,box,1,3,256
1028,can,can,1,5,256
1029,can,can,1,5,256
1030,box,box,1,1,256
1031,bottle,bottle,1,3,256
1032,box,box,1,4,256
1033,box,box,1,2,256
1034,can,can,1,5,256
1035,box,box,1,3,256
1036,box,box,1,5,256
1037,bottle,box,0,1,256
1038,bowl,bowl,1,5,256
1039,mug,mug,1,5,256
1040,bottle,bottle,1,5,256
1041,mug,mug,1,2,256
1042,box,box,1,3,256
1043,can,can,1,4,256
1044,box,box,1,5,256
1045,box,box,1,4,256
1046,can,can,1,1,256
1047,can,can,1,4,256
1048,bottle,bottle,1,4,256
1049,bottle,bottle,1,1,256
1050,can,can,1,1,256
1051,mug,mug,1,1,256
1052,can,can,1,4,256
1053,bottle,bottle,1,1,256
1054,can,can,1,4,256
1055,box,box,1,5,256
1056,can,can,1,5,256
1057,box,box,1,4,256
1058,box,box,1,3,256
1059,box,box,1,4,256
1060,can,can,1,2,256
1061,box,box,1,2,256
1062,can,can,1,1,256
1063,box,box,1,2,256
1064,can,can,1,5,256
1065,box,box,1,2,256
1066,box,box,1,4,256
1067,bowl,bowl,1,4,256
1068,mug,mug,1,1,256
1069,box,box,1,2,256
1070,box,box,1,4,256
1071,box,box,1,1,256
1072,can,can,1,4,256
1073,box,box,1,5,256
1074,can,can,1,3,256
1075,box,box,1,4,256
1076,mug,mug,1,3,256
1077,box,box,1,3,256
1078,can,can,1,4,256
1079,box,box,1,2,256
1080,can,can,1,2,256
1081,mug,mug,1,1,256
1082,can,can,1,1,256
1083,bottle,bottle,1,2,256
1084,can,can,1,1,256
1085,box,box,1,5,256
1086,mug,mug,1,2,256
1087,can,can,1,4,256
1088,box,box,1,1,256
1089,bottle,bottle,1,5,256
1090,mug,mug,1,1,256
1091,box,box,1,2,256
1092,box,box,1,1,256
1093,can,can,1,5,256
1094,bowl,bowl,1,4,256
1095,mug,mug,1,5,256
1096,bottle,bottle,1,3,256
1097,bottle,bottle,1,4,256
1098,box,box,1,2,256
1099,box,box,1,3,256
1100,box,box,1,4,256
1101,box,box,1,5,256
1102,bowl,bowl,1,4,256
1103,mug,mug,1,1,256
1104,bowl,bowl,1,2,256
1105,mug,mug,1,3,256
1106,box,box,1,2,256
1107,bowl,bowl,1,5,256
1108,mug,can,0,3,256
0,box,box,1,4,128
1,box,box,1,5,128
2,box,box,1,1,128
3,box,box,1,1,128
4,can,can,1,3,128
5,box,box,1,4,128
6,can,can,1,5,128
7,box,box,1,1,128
8,box,box,1,1,128
9,box,box,1,5,128
10,can,can,1,3,128
11,box,box,1,2,128
12,bottle,bottle,1,1,128
13,mug,mug,1,3,128
14,can,can,1,4,128
15,box,box,1,1,128
16,can,mug,0,2,128
17,bottle,bottle,1,4,128
18,bottle,bottle,1,3,128
19,box,box,1,1,128
20,box,box,1,3,128
21,can,can,1,2,128
22,box,box,1,2,128
23,can,can,1,3,128
24,box,box,1,3,128
25,can,can,1,5,128
26,box,box,1,4,128
27,can,can,1,4,128
28,box,box,1,4,128
29,box,box,1,5,128
30,can,can,1,4,128
31,box,box,1,2,128
32,box,box,1,4,128
33,can,can,1,1,128
34,bottle,bottle,1,5,128
35,can,can,1,4,128
36,can,can,1,4,128
37,box,box,1,5,128
38,box,box,1,1,128
39,box,box,1,1,128
40,can,can,1,2,128
41,box,box,1,3,128
42,can,can,1,5,128
43,bottle,bottle,1,5,128
44,bottle,box,0,4,128
45,box,box,1,1,128
46,can,can,1,3,128
47,box,box,1,4,128
48,box,box,1,1,128
49,can,can,1,5,128
50,bottle,bottle,1,2,128
51,box,box,1,5,128
52,can,can,1,2,128
53,box,box,1,1,128
54,can,can,1,4,128
55,box,box,1,2,128
56,box,box,1,2,128
57,can,can,1,1,128
58,box,box,1,5,128
59,box,box,1,5,128
60,box,box,1,5,128
61,can,can,1,2,128
62,bottle,bottle,1,4,128
63,bottle,bottle,1,5,128
64,box,box,1,1,128
65,can,can,1,1,128
66,bottle,can,0,4,128
67,mug,mug,1,4,128
68,box,box,1,2,128
69,can,can,1,4,128
70,box,box,1,1,128
71,box,box,1,5,128
72,can,can,1,4,128
73,box,box,1,3,128
74,can,can,1,1,128
75,box,box,1,5,128
76,can,can,1,1,128
77,can,can,1,4,128
78,box,box,1,1,128
79,box,box,1,2,128
80,can,can,1,3,128
81,box,box,1,2,128
82,can,can,1,3,128
83,can,can,1,2,128
84,box,box,1,1,128
85,can,can,1,5,128
86,box,box,1,1,128
87,box,box,1,3,128
88,bottle,box,0,3,128
89,mug,can,0,4,128
90,box,box,1,5,128
91,can,can,1,5,128
92,box,box,1,4,128
93,can,can,1,3,128
94,box,box,1,5,128
95,can,can,1,5,128
96,box,box,1,4,128
97,bottle,bottle,1,5,128
98,bowl,bowl,1,1,128
99,mug,mug,1,2,128
100,box,box,1,1,128
101,can,can,1,2,128
102,box,box,1,1,128
103,can,can,1,1,128
104,box,box,1,5,128
105,can,can,1,3,128
106,can,can,1,2,128
107,can,can,1,1,128
108,box,box,1,5,128
109,can,can,1,5,128
110,box,box,1,5,128
111,box,box,1,1,128
112,can,can,1,1,128
113,box,box,1,2,128
114,box,box,1,5,128
115,box,box,1,3,128
116,box,box,1,4,128
117,can,can,1,3,128
118,box,box,1,5,128
119,bottle,bottle,1,2,128
120,can,can,1,4,128
121,bottle,bottle,1,3,128
122,mug,mug,1,2,128
123,box,box,1,1,128
124,can,can,1,2,128
125,box,box,1,5,128
126,box,box,1,2,128
127,bottle,bottle,1,3,128
128,box,box,1,2,128
129,can,can,1,3,128
130,bowl,bowl,1,3,128
131,mug,mug,1,3,128
132,can,can,1,3,128
133,can,can,1,1,128
134,bottle,bottle,1,5,128
135,bottle,bottle,1,5,128
136,can,can,1,4,128
137,mug,mug,1,5,128
138,box,box,1,5,128
139,can,can,1,2,128
140,can,can,1,1,128
141,box,box,1,3,128
142,box,box,1,4,128
143,can,can,1,3,128
144,bowl,bowl,1,3,128
145,mug,mug,1,4,128
146,bottle,bottle,1,3,128
147,box,box,1,3,128
148,can,can,1,2,128
149,can,can,1,3,128
150,box,box,1,5,128
151,box,box,1,2,128
152,box,box,1,5,128
153,can,can,1,1,128
154,box,box,1,4,128
155,can,can,1,5,128
156,can,can,1,4,128
157,can,can,1,1,128
158,box,box,1,5,128
159,bottle,bottle,1,5,128
160,box,box,1,5,128
161,can,can,1,2,128
162,box,box,1,1,128
163,mug,mug,1,3,128
164,box,box,1,2,128
165,can,can,1,5,128
166,can,can,1,2,128
167,can,can,1,3,128
168,bottle,bottle,1,4,128
169,bottle,bottle,1,1,128
170,bottle,bottle,1,4,128
171,box,box,1,4,128
172,can,can,1,2,128
173,can,can,1,2,128
174,box,box,1,1,128
175,can,can,1,4,128
176,can,can,1,3,128
177,box,box,1,4,128
178,can,can,1,4,128
179,box,box,1,4,128
180,box,box,1,1,128
181,box,box,1,3,128
182,can,can,1,4,128
183,bottle,bottle,1,1,128
184,box,box,1,5,128
185,box,box,1,5,128
186,box,box,1,4,128
187,can,can,1,1,128
188,can,can,1,2,128
189,box,box,1,5,128
190,box,box,1,5,128
191,mug,mug,1,3,128
192,can,can,1,3,128
193,mug,mug,1,5,128
194,box,box,1,1,128
195,can,can,1,4,128
196,box,box,1,3,128
197,box,box,1,3,128
198,can,can,1,2,128
199,can,can,1,3,128
200,can,can,1,2,128
201,box,box,1,5,128
202,box,box,1,1,128
203,box,box,1,3,128
204,box,box,1,2,128
205,box,box,1,3,128
206,box,box,1,3,128
207,can,can,1,1,128
208,box,box,1,3,128
209,can,can,1,1,128
210,box,box,1,3,128
211,can,can,1,2,128
212,box,bottle,0,5,128
213,bottle,bottle,1,2,128
214,bottle,bottle,1,3,128
215,can,can,1,4,128
216,box,box,1,1,128
217,box,box,1,4,128
218,can,can,1,5,128
219,mug,mug,1,5,128
220,box,box,1,1,128
221,bottle,box,0,4,128
222,bowl,bowl,1,2,128
223,mug,mug,1,4,128
224,box,box,1,4,128
225,box,box,1,4,128
226,bottle,bottle,1,2,128
227,mug,mug,1,1,128
228,box,box,1,5,128
229,can,can,1,2,128
230,box,box,1,2,128
231,box,box,1,2,128
232,can,can,1,3,128
233,box,box,1,1,128
234,box,box,1,4,128
235,bottle,bottle,1,2,128
236,bowl,bowl,1,1,128
237,mug,mug,1,4,128
238,can,can,1,1,128
239,can,can,1,2,128
240,box,box,1,3,128
241,mug,mug,1,5,128
242,box,box,1,5,128
243,can,can,1,2,128
244,box,box,1,1,128
245,bottle,bottle,1,4,128
246,mug,mug,1,4,128
247,box,box,1,1,128
248,box,box,1,1,128
249,bottle,bottle,1,2,128
250,can,can,1,2,128
251,can,can,1,4,128
252,can,can,1,1,128
253,bottle,bottle,1,4,128
254,bottle,bottle,1,3,128
255,box,box,1,2,128
256,can,can,1,4,128
257,bottle,bottle,1,1,128
258,mug,mug,1,4,128
259,can,can,1,4,128
260,box,box,1,1,128
261,can,can,1,4,128
262,box,box,1,1,128
263,box,box,1,1,128
264,can,can,1,4,128
265,box,box,1,5,128
266,box,box,1,2,128
267,box,box,1,3,128
268,box,box,1,5,128
269,box,box,1,2,128
270,box,box,1,1,128
271,box,box,1,3,128
272,bowl,mug,0,2,128
273,mug,bowl,0,5,128
274,can,can,1,5,128
275,box,box,1,5,128
276,box,box,1,3,128
277,can,can,1,5,128
278,box,box,1,2,128
279,box,box,1,4,128
280,bottle,bottle,1,4,128
281,bowl,bowl,1,2,128
282,mug,mug,1,3,128
283,box,box,1,3,128
284,can,can,1,5,128
285,box,box,1,4,128
286,can,can,1,3,128
287,bottle,bottle,1,5,128
288,bottle,bottle,1,5,128
289,bowl,bowl,1,2,128
290,mug,mug,1,4,128
291,can,can,1,2,128
292,box,box,1,5,128
293,bottle,bottle,1,3,128
294,bottle,bottle,1,4,128
295,box,box,1,1,128
296,bottle,box,0,3,128
297,mug,mug,1,4,128
298,box,box,1,2,128
299,box,box,1,1,128
300,can,can,1,5,128
301,box,box,1,1,128
302,bottle,bottle,1,3,128
303,mug,mug,1,1,128
304,bottle,bottle,1,3,128
305,bowl,bowl,1,3,128
306,mug,mug,1,2,128
307,box,box,1,5,128
308,box,box,1,4,128
309,can,can,1,4,128
310,bottle,bottle,1,4,128
311,bottle,bottle,1,1,128
312,bowl,bowl,1,1,128
313,mug,mug,1,3,128
314,can,can,1,2,128
315,mug,mug,1,2,128
316,box,box,1,1,128
317,box,box,1,5,128
318,can,can,1,3,128
319,bottle,bottle,1,1,128
320,can,can,1,1,128
321,bottle,bottle,1,2,128
322,box,box,1,1,128
323,box,box,1,2,128
324,can,can,1,1,128
325,box,box,1,5,128
326,box,box,1,4,128
327,bottle,bottle,1,2,128
328,bottle,bottle,1,1,128
329,can,can,1,1,128
330,box,bowl,0,1,128
331,box,box,1,2,128
332,can,can,1,3,128
333,box,box,1,5,128
334,can,can,1,4,128
335,box,box,1,1,128
336,box,box,1,1,128
337,box,box,1,5,128
338,can,can,1,4,128
339,box,box,1,2,128
340,box,box,1,5,128
341,can,can,1,2,128
342,box,box,1,5,128
343,can,can,1,2,128
344,box,box,1,2,128
345,bottle,bottle,1,1,128
346,can,can,1,2,128
347,can,can,1,3,128
348,box,box,1,2,128
349,can,can,1,5,128
350,box,box,1,2,128
351,can,can,1,1,128
352,box,box,1,3,128
353,can,can,1,3,128
354,box,box,1,3,128
355,box,box,1,4,128
356,can,can,1,2,128
357,box,box,1,4,128
358,box,box,1,2,128
359,bottle,bottle,1,1,128
360,can,can,1,1,128
361,box,box,1,5,128
362,can,can,1,1,128
363,box,box,1,3,128
364,bottle,bottle,1,4,128
365,box,box,1,5,128
366,can,can,1,2,128
367,can,can,1,1,128
368,box,box,1,2,128
369,bottle,bottle,1,3,128
370,bowl,bottle,0,2,128
371,box,box,1,5,128
372,can,can,1,5,128
373,bottle,bottle,1,2,128
374,can,can,1,2,128
375,box,box,1,1,128
376,box,box,1,4,128
377,can,can,1,4,128
378,box,box,1,2,128
379,box,box,1,4,128
380,can,can,1,1,128
381,mug,mug,1,2,128
382,can,can,1,4,128
383,can,can,1,3,128
384,can,can,1,5,128
385,bottle,bottle,1,5,128
386,can,can,1,2,128
387,mug,mug,1,5,128
388,box,box,1,4,128
389,box,box,1,3,128
390,can,can,1,2,128
391,mug,mug,1,5,128
392,can,can,1,4,128
393,mug,box,0,2,128
394,box,box,1,2,128
395,can,can,1,5,128
396,can,can,1,1,128
397,can,can,1,5,128
398,box,box,1,4,128
399,box,box,1,2,128
400,box,box,1,4,128
401,can,can,1,5,128
402,can,can,1,3,128
403,bottle,bottle,1,5,128
404,can,can,1,5,128
405,mug,mug,1,1,128
406,can,can,1,2,128
407,box,box,1,2,128
408,box,box,1,3,128
409,can,can,1,3,128
410,box,box,1,4,128
411,can,can,1,5,128
412,box,box,1,1,128
413,can,can,1,1,128
414,box,box,1,3,128
415,box,box,1,2,128
416,bottle,bottle,1,2,128
417,bowl,bowl,1,5,128
418,mug,mug,1,3,128
419,box,box,1,3,128
420,can,can,1,1,128
421,box,box,1,3,128
422,box,box,1,1,128
423,can,can,1,5,128
424,box,box,1,3,128
425,can,can,1,1,128
426,box,box,1,5,128
427,box,box,1,3,128
428,can,can,1,1,128
429,bottle,bottle,1,2,128
430,bottle,bottle,1,2,128
431,box,box,1,2,128
432,mug,mug,1,2,128
433,box,box,1,3,128
434,can,can,1,4,128
435,box,box,1,3,128
436,box,box,1,3,128
437,box,box,1,4,128
438,mug,mug,1,3,128
439,can,can,1,3,128
440,box,box,1,5,128
441,box,box,1,3,128
442,box,box,1,3,128
443,can,can,1,5,128
444,can,can,1,5,128
445,can,can,1,1,128
446,box,box,1,4,128
447,mug,mug,1,2,128
448,box,box,1,5,128
449,can,can,1,3,128
450,box,box,1,1,128
451,can,can,1,2,128
452,bottle,bottle,1,3,128
453,bottle,bottle,1,5,128
454,can,can,1,5,128
455,can,can,1,4,128
456,can,can,1,5,128
457,can,can,1,4,128
458,bottle,bottle,1,3,128
459,can,can,1,1,128
460,box,box,1,3,128
461,box,box,1,2,128
462,can,can,1,4,128
463,bottle,bottle,1,5,128
464,can,can,1,1,128
465,box,box,1,4,128
466,can,can,1,4,128
467,bottle,bottle,1,5,128
468,mug,mug,1,4,128
469,box,box,1,4,128
470,can,can,1,3,128
471,box,box,1,5,128
472,bottle,bottle,1,3,128
473,mug,mug,1,3,128
474,can,can,1,3,128
475,box,box,1,3,128
476,can,can,1,1,128
477,bottle,bottle,1,4,128
478,bottle,can,0,4,128
479,box,box,1,1,128
480,can,can,1,1,128
481,box,box,1,2,128
482,box,box,1,4,128
483,box,box,1,5,128
484,can,can,1,5,128
485,box,box,1,1,128
486,box,box,1,4,128
487,can,can,1,5,128
488,bowl,bowl,1,2,128
489,mug,mug,1,2,128
490,box,box,1,4,128
491,box,box,1,2,128
492,can,can,1,1,128
493,box,box,1,2,128
494,can,can,1,5,128
495,bottle,bottle,1,1,128
496,bottle,bottle,1,2,128
497,bottle,bottle,1,2,128
498,bowl,bowl,1,3,128
499,mug,mug,1,4,128
500,can,can,1,5,128
501,mug,mug,1,4,128
502,can,can,1,2,128
503,box,box,1,2,128
504,can,can,1,2,128
505,box,box,1,2,128
506,box,box,1,1,128
507,box,box,1,5,128
508,can,can,1,3,128
509,box,box,1,2,128
510,can,can,1,5,128
511,box,box,1,1,128
512,box,box,1,1,128
513,box,box,1,4,128
514,can,can,1,5,128
515,can,can,1,5,128
516,can,can,1,5,128
517,box,box,1,2,128
518,box,box,1,5,128
519,can,can,1,5,128
520,box,box,1,3,128
521,can,can,1,3,128
522,can,can,1,2,128
523,bottle,bottle,1,2,128
524,bottle,bottle,1,4,128
525,bowl,bowl,1,3,128
526,mug,mug,1,4,128
527,can,can,1,2,128
528,box,box,1,3,128
529,bottle,bottle,1,5,128
530,mug,mug,1,5,128
531,can,can,1,5,128
532,can,can,1,3,128
533,box,box,1,5,128
534,box,box,1,3,128
535,box,box,1,3,128
536,box,box,1,3,128
537,box,box,1,1,128
538,can,can,1,1,128
539,can,can,1,3,128
540,bottle,bottle,1,4,128
541,bottle,bottle,1,3,128
542,mug,mug,1,3,128
543,can,can,1,2,128
544,box,box,1,2,128
545,box,box,1,2,128
546,box,box,1,3,128
547,can,can,1,2,128
548,box,box,1,2,128
549,can,can,1,2,128
550,bottle,bottle,1,1,128
551,mug,mug,1,4,128
552,can,can,1,1,128
553,can,can,1,3,128
554,bottle,bottle,1,3,128
555,can,can,1,5,128
556,bottle,bottle,1,5,128
557,box,box,1,1,128
558,bottle,bottle,1,1,128
559,bowl,bowl,1,4,128
560,mug,mug,1,1,128
561,box,box,1,1,128
562,box,box,1,5,128
563,box,box,1,1,128
564,can,can,1,2,128
565,can,can,1,1,128
566,bottle,bottle,1,4,128
567,box,box,1,3,128
568,can,can,1,3,128
569,box,box,1,2,128
570,box,box,1,4,128
571,can,can,1,1,128
572,can,can,1,5,128
573,box,box,1,2,128
574,box,box,1,2,128
575,bottle,bottle,1,1,128
576,bowl,bowl,1,1,128
577,mug,mug,1,2,128
578,can,can,1,4,128
579,box,box,1,3,128
580,box,box,1,4,128
581,bottle,bottle,1,2,128
582,mug,mug,1,2,128
583,bottle,bottle,1,1,128
584,can,can,1,3,128
585,box,box,1,4,128
586,box,box,1,4,128
587,box,box,1,2,128
588,can,can,1,3,128
589,box,box,1,5,128
590,can,can,1,2,128
591,box,box,1,1,128
592,box,box,1,1,128
593,bottle,bottle,1,2,128
594,mug,mug,1,5,128
595,can,can,1,5,128
596,bottle,bottle,1,2,128
597,can,can,1,3,128
598,box,box,1,1,128
599,box,box,1,2,128
600,box,box,1,2,128
601,box,box,1,2,128
602,bottle,bottle,1,3,128
603,can,can,1,5,128
604,can,can,1,2,128
605,box,box,1,3,128
606,box,box,1,3,128
607,can,box,0,4,128
608,bottle,bottle,1,4,128
609,box,box,1,4,128
610,can,can,1,3,128
611,bottle,bottle,1,3,128
612,bowl,bowl,1,3,128
613,mug,mug,1,1,128
614,mug,mug,1,3,128
615,box,box,1,4,128
616,can,can,1,2,128
617,box,box,1,4,128
618,bottle,bottle,1,1,128
619,can,can,1,3,128
620,can,can,1,4,128
621,bottle,bottle,1,2,128
622,bottle,bottle,1,1,128
623,bowl,bowl,1,3,128
624,mug,mug,1,5,128
625,bottle,bottle,1,1,128
626,mug,mug,1,1,128
627,box,box,1,4,128
628,can,can,1,3,128
629,box,box,1,4,128
630,can,can,1,1,128
631,bottle,bottle,1,1,128
632,bottle,bottle,1,1,128
633,can,can,1,5,128
634,bottle,bottle,1,4,128
635,box,box,1,5,128
636,can,can,1,2,128
637,can,can,1,1,128
638,box,box,1,2,128
639,box,bottle,0,4,128
640,box,box,1,3,128
641,box,box,1,5,128
642,box,box,1,3,128
643,can,can,1,1,128
644,box,box,1,2,128
645,box,box,1,5,128
646,can,can,1,4,128
647,can,can,1,2,128
648,can,can,1,5,128
649,can,can,1,4,128
650,box,box,1,3,128
651,can,can,1,2,128
652,bottle,bottle,1,2,128
653,box,box,1,5,128
654,can,can,1,2,128
655,can,can,1,3,128
656,can,can,1,3,128
657,box,box,1,5,128
658,box,box,1,5,128
659,box,box,1,4,128
660,box,box,1,4,128
661,box,box,1,4,128
662,box,box,1,4,128
663,bottle,box,0,4,128
664,bowl,bowl,1,4,128
665,can,can,1,1,128
666,box,box,1,2,128
667,box,box,1,2,128
668,box,box,1,4,128
669,box,box,1,4,128
670,box,box,1,4,128
671,box,box,1,5,128
672,can,can,1,1,128
673,box,box,1,4,128
674,can,can,1,3,128
675,can,can,1,4,128
676,box,box,1,3,128
677,box,box,1,4,128
678,box,box,1,2,128
679,can,can,1,1,128
680,mug,mug,1,2,128
681,box,box,1,2,128
682,can,can,1,5,128
683,box,box,1,3,128
684,can,can,1,2,128
685,box,box,1,3,128
686,box,box,1,3,128
687,bowl,bowl,1,5,128
688,mug,mug,1,4,128
689,box,box,1,2,128
690,can,can,1,3,128
691,box,box,1,2,128
692,box,box,1,4,128
693,can,can,1,5,128
694,box,can,0,3,128
695,box,box,1,5,128
696,can,can,1,2,128
697,box,box,1,4,128
698,bottle,bottle,1,4,128
699,bottle,bottle,1,1,128
700,can,can,1,3,128
701,bowl,bowl,1,2,128
702,mug,mug,1,5,128
703,can,can,1,1,128
704,box,box,1,2,128
705,can,can,1,4,128
706,box,box,1,4,128
707,can,can,1,3,128
708,can,can,1,5,128
709,box,box,1,5,128
710,box,box,1,2,128
711,can,can,1,2,128
712,box,box,1,4,128
713,box,box,1,4,128
714,box,box,1,2,128
715,bowl,can,0,1,128
716,mug,mug,1,3,128
717,box,box,1,4,128
718,bottle,bottle,1,3,128
719,mug,mug,1,1,128
720,can,can,1,1,128
721,box,box,1,1,128
722,box,box,1,5,128
723,bottle,bottle,1,5,128
724,box,box,1,1,128
725,can,can,1,4,128
726,box,box,1,3,128
727,bottle,bottle,1,3,128
728,bowl,bowl,1,4,128
729,mug,mug,1,5,128
730,can,can,1,3,128
731,can,can,1,5,128
732,bottle,bottle,1,1,128
733,can,can,1,4,128
734,box,box,1,1,128
735,box,box,1,3,128
736,box,box,1,2,128
737,box,box,1,2,128
738,box,box,1,1,128
739,box,box,1,1,128
740,can,can,1,4,128
741,box,box,1,1,128
742,box,box,1,2,128
743,can,can,1,5,128
744,bowl,box,0,1,128
745,mug,mug,1,5,128
746,box,box,1,2,128
747,box,box,1,5,128
748,can,can,1,5,128
749,bottle,bottle,1,5,128
750,bottle,bottle,1,1,128
751,can,can,1,2,128
752,bottle,bottle,1,5,128
753,box,box,1,4,128
754,can,can,1,2,128
755,box,box,1,3,128
756,box,bowl,0,2,128
757,can,can,1,4,128
758,box,box,1,1,128
759,box,box,1,3,128
760,can,can,1,2,128
761,box,box,1,4,128
762,can,can,1,3,128
763,box,box,1,4,128
764,can,can,1,3,128
765,bowl,bowl,1,4,128
766,mug,mug,1,4,128
767,box,box,1,2,128
768,can,can,1,1,128
769,can,bottle,0,3,128
770,bottle,bottle,1,5,128
771,can,can,1,2,128
772,box,box,1,1,128
773,box,box,1,4,128
774,can,can,1,5,128
775,box,box,1,3,128
776,box,box,1,3,128
777,box,box,1,3,128
778,box,box,1,5,128
779,can,can,1,1,128
780,box,box,1,1,128
781,box,box,1,3,128
782,box,box,1,5,128
783,box,box,1,2,128
784,can,can,1,4,128
785,box,box,1,3,128
786,box,box,1,5,128
787,box,box,1,3,128
788,bottle,bottle,1,5,128
789,mug,mug,1,5,128
790,can,can,1,4,128
791,can,can,1,1,128
792,bottle,bottle,1,3,128
793,box,box,1,2,128
794,box,bottle,0,2,128
795,can,can,1,1,128
796,box,box,1,4,128
797,can,can,1,5,128
798,box,box,1,3,128
799,box,box,1,1,128
800,can,can,1,5,128
801,bottle,bottle,1,2,128
802,can,can,1,3,128
803,can,can,1,1,128
804,mug,mug,1,3,128
805,box,box,1,1,128
806,box,box,1,1,128
807,can,can,1,5,128
808,box,box,1,3,128
809,box,box,1,4,128
810,can,can,1,3,128
811,can,can,1,2,128
812,box,box,1,3,128
813,box,box,1,5,128
814,box,box,1,1,128
815,can,can,1,4,128
816,box,box,1,5,128
817,bottle,box,0,4,128
818,mug,mug,1,2,128
819,box,box,1,3,128
820,can,can,1,5,128
821,box,box,1,3,128
822,box,box,1,4,128
823,can,can,1,5,128
824,box,box,1,2,128
825,can,can,1,1,128
826,box,box,1,5,128
827,box,box,1,2,128
828,bowl,bowl,1,1,128
829,mug,mug,1,2,128
830,bottle,bottle,1,1,128
831,bottle,bottle,1,5,128
832,box,box,1,1,128
833,can,can,1,3,128
834,can,can,1,4,128
835,bottle,bottle,1,2,128
836,box,box,1,2,128
837,bottle,bottle,1,5,128
838,bowl,can,0,2,128
839,mug,mug,1,2,128
840,box,box,1,2,128
841,bowl,bowl,1,1,128
842,can,can,1,2,128
843,box,box,1,5,128
844,box,box,1,1,128
845,can,can,1,1,128
846,can,can,1,4,128
847,bottle,bottle,1,3,128
848,can,can,1,5,128
849,bottle,bottle,1,5,128
850,bowl,bowl,1,3,128
851,mug,mug,1,5,128
852,box,box,1,4,128
853,can,can,1,1,128
854,box,box,1,5,128
855,box,box,1,1,128
856,box,box,1,4,128
857,box,box,1,1,128
858,can,can,1,3,128
859,bottle,bottle,1,2,128
860,can,can,1,5,128
861,bottle,bottle,1,3,128
862,bottle,bottle,1,4,128
863,box,box,1,2,128
864,can,can,1,1,128
865,box,box,1,1,128
866,box,box,1,5,128
867,can,can,1,4,128
868,box,box,1,5,128
869,can,can,1,3,128
870,box,box,1,3,128
871,box,box,1,3,128
872,can,can,1,3,128
873,bottle,bottle,1,4,128
874,can,can,1,5,128
875,bottle,bottle,1,2,128
876,box,box,1,5,128
877,can,can,1,5,128
878,bottle,bottle,1,4,128
879,bowl,bowl,1,1,128
880,mug,mug,1,2,128
881,can,can,1,1,128
882,bottle,bottle,1,3,128
883,bowl,bowl,1,5,128
884,mug,mug,1,1,128
885,can,can,1,2,128
886,bottle,bottle,1,5,128
887,bottle,bottle,1,2,128
888,box,box,1,5,128
889,bottle,bottle,1,5,128
890,bowl,bowl,1,4,128
891,mug,mug,1,1,128
892,bowl,bowl,1,5,128
893,mug,mug,1,1,128
894,can,can,1,3,128
895,can,can,1,4,128
896,box,box,1,4,128
897,can,can,1,3,128
898,box,box,1,3,128
899,box,box,1,3,128
900,box,box,1,3,128
901,box,box,1,4,128
902,box,box,1,5,128
903,box,box,1,3,128
904,can,can,1,3,128
905,box,box,1,5,128
906,box,box,1,5,128
907,can,can,1,4,128
908,mug,mug,1,4,128
909,box,box,1,4,128
910,can,can,1,4,128
911,can,can,1,4,128
912,can,can,1,2,128
913,box,box,1,4,128
914,box,box,1,3,128
915,box,box,1,3,128
916,can,can,1,2,128
917,box,box,1,2,128
918,can,can,1,3,128
919,can,can,1,2,128
920,box,box,1,1,128
921,box,box,1,3,128
922,box,box,1,3,128
923,box,box,1,4,128
924,can,can,1,2,128
925,bottle,bottle,1,1,128
926,box,box,1,3,128
927,bottle,bottle,1,3,128
928,mug,mug,1,4,128
929,box,box,1,2,128
930,box,box,1,1,128
931,bowl,bowl,1,5,128
932,mug,mug,1,5,128
933,box,box,1,5,128
934,can,can,1,5,128
935,can,can,1,2,128
936,box,box,1,1,128
937,can,can,1,4,128
938,can,can,1,2,128
939,box,box,1,5,128
940,box,box,1,5,128
941,can,can,1,4,128
942,can,can,1,1,128
943,can,can,1,4,128
944,box,box,1,1,128
945,bowl,bowl,1,5,128
946,mug,mug,1,3,128
947,bottle,bottle,1,1,128
948,can,can,1,4,128
949,bottle,bottle,1,2,128
950,can,can,1,5,128
951,box,box,1,1,128
952,box,box,1,3,128
953,can,can,1,2,128
954,can,can,1,1,128
955,box,box,1,1,128
956,can,can,1,5,128
957,box,box,1,3,128
958,can,can,1,1,128
959,can,can,1,1,128
960,can,can,1,3,128
961,can,can,1,1,128
962,box,box,1,4,128
963,box,box,1,1,128
964,box,box,1,4,128
965,can,bowl,0,4,128
966,can,can,1,2,128
967,bottle,bottle,1,3,128
968,can,can,1,3,128
969,box,box,1,5,128
970,box,box,1,1,128
971,box,box,1,4,128
972,box,box,1,3,128
973,box,box,1,3,128
974,bottle,bottle,1,2,128
975,bowl,bowl,1,4,128
976,mug,mug,1,1,128
977,box,box,1,1,128
978,can,can,1,1,128
979,can,can,1,3,128
980,bottle,bottle,1,2,128
981,can,can,1,3,128
982,box,box,1,4,128
983,can,can,1,3,128
984,box,box,1,1,128
985,box,box,1,5,128
986,box,box,1,3,128
987,can,can,1,3,128
988,can,can,1,4,128
989,can,can,1,4,128
990,box,box,1,2,128
991,can,can,1,4,128
992,box,box,1,4,128
993,bottle,bottle,1,4,128
994,mug,mug,1,1,128
995,box,box,1,5,128
996,can,can,1,1,128
997,can,can,1,1,128
998,box,box,1,2,128
999,box,box,1,4,128
1000,box,box,1,5,128
1001,box,box,1,4,128
1002,can,can,1,5,128
1003,box,box,1,3,128
1004,box,box,1,1,128
1005,bottle,bottle,1,1,128
1006,can,can,1,4,128
1007,box,box,1,4,128
1008,can,can,1,2,128
1009,box,box,1,1,128
1010,box,box,1,2,128
1011,box,box,1,2,128
1012,box,box,1,5,128
1013,box,box,1,2,128
1014,can,can,1,3,128
1015,box,box,1,2,128
1016,box,box,1,1,128
1017,bottle,bottle,1,5,128
1018,can,can,1,5,128
1019,box,box,1,1,128
1020,can,can,1,4,128
1021,box,box,1,4,128
1022,box,box,1,3,128
1023,can,can,1,3,128
1024,bottle,bottle,1,1,128
1025,bowl,bowl,1,3,128
1026,mug,mug,1,3,128
1027,box,box,1,3,128
1028,can,can,1,5,128
1029,can,can,1,5,128
1030,box,box,1,1,128
1031,bottle,bottle,1,3,128
1032,box,box,1,4,128
1033,box,box,1,2,128
1034,can,can,1,5,128
1035,box,box,1,3,128
1036,box,box,1,5,128
1037,bottle,box,0,1,128
1038,bowl,bowl,1,5,128
1039,mug,mug,1,5,128
1040,bottle,bottle,1,5,128
1041,mug,mug,1,2,128
1042,box,box,1,3,128
1043,can,can,1,4,128
1044,box,box,1,5,128
1045,box,box,1,4,128
1046,can,can,1,1,128
1047,can,can,1,4,128
1048,bottle,bottle,1,4,128
1049,bottle,bottle,1,1,128
1050,can,can,1,1,128
1051,mug,mug,1,1,128
1052,can,can,1,4,128
1053,bottle,bottle,1,1,128
1054,can,can,1,4,128
1055,box,box,1,5,128
1056,can,can,1,5,128
1057,box,box,1,4,128
1058,box,box,1,3,128
1059,box,box,1,4,128
1060,can,can,1,2,128
1061,box,box,1,2,128
1062,can,can,1,1,128
1063,box,box,1,2,128
1064,can,can,1,5,128
1065,box,box,1,2,128
1066,box,box,1,4,128
1067,bowl,bowl,1,4,128
1068,mug,mug,1,1,128
1069,box,can,0,2,128
1070,box,box,1,4,128
1071,box,box,1,1,128
1072,can,can,1,4,128
1073,box,box,1,5,128
1074,can,can,1,3,128
1075,box,box,1,4,128
1076,mug,mug,1,3,128
1077,box,box,1,3,128
1078,can,can,1,4,128
1079,box,box,1,2,128
1080,can,can,1,2,128
1081,mug,mug,1,1,128
1082,can,can,1,1,128
1083,bottle,bottle,1,2,128
1084,can,can,1,1,128
1085,box,box,1,5,128
1086,mug,mug,1,2,128
1087,can,can,1,4,128
1088,box,bottle,0,1,128
1089,bottle,bottle,1,5,128
1090,mug,mug,1,1,128
1091,box,box,1,2,128
1092,box,box,1,1,128
1093,can,can,1,5,128
1094,bowl,bowl,1,4,128
1095,mug,mug,1,5,128
1096,bottle,bottle,1,3,128
1097,bottle,bottle,1,4,128
1098,box,box,1,2,128
1099,box,box,1,3,128
1100,box,box,1,4,128
1101,box,box,1,5,128
1102,bowl,box,0,4,128
1103,mug,mug,1,1,128
1104,bowl,bowl,1,2,128
1105,mug,mug,1,3,128
1106,box,box,1,2,128
1107,bowl,bowl,1,5,128
1108,mug,can,0,3,128
0,box,box,1,4,64
1,box,box,1,5,64
2,box,box,1,1,64
3,box,box,1,1,64
4,can,can,1,3,64
5,box,box,1,4,64
6,can,can,1,5,64
7,box,box,1,1,64
8,box,box,1,1,64
9,box,box,1,5,64
10,can,can,1,3,64
11,box,box,1,2,64
12,bottle,bottle,1,1,64
13,mug,mug,1,3,64
14,can,can,1,4,64
15,box,box,1,1,64
16,can,mug,0,2,64
17,bottle,bottle,1,4,64
18,bottle,bottle,1,3,64
19,box,box,1,1,64
20,box,box,1,3,64
21,can,can,1,2,64
22,box,box,1,2,64
23,can,can,1,3,64
24,box,box,1,3,64
25,can,can,1,5,64
26,box,box,1,4,64
27,can,can,1,4,64
28,box,box,1,4,64
29,box,box,1,5,64
30,can,can,1,4,64
31,box,box,1,2,64
32,box,box,1,4,64
33,can,can,1,1,64
34,bottle,bottle,1,5,64
35,can,can,1,4,64
36,can,can,1,4,64
37,box,box,1,5,64
38,box,box,1,1,64
39,box,box,1,1,64
40,can,can,1,2,64
41,box,box,1,3,64
42,can,can,1,5,64
43,bottle,bottle,1,5,64
44,bottle,box,0,4,64
45,box,box,1,1,64
46,can,can,1,3,64
47,box,box,1,4,64
48,box,box,1,1,64
49,can,can,1,5,64
50,bottle,bottle,1,2,64
51,box,box,1,5,64
52,can,can,1,2,64
53,box,box,1,1,64
54,can,can,1,4,64
55,box,box,1,2,64
56,box,box,1,2,64
57,can,box,0,1,64
58,box,box,1,5,64
59,box,box,1,5,64
60,box,box,1,5,64
61,can,can,1,2,64
62,bottle,bottle,1,4,64
63,bottle,bottle,1,5,64
64,box,box,1,1,64
65,can,can,1,1,64
66,bottle,bottle,1,4,64
67,mug,mug,1,4,64
68,box,box,1,2,64
69,can,can,1,4,64
70,box,box,1,1,64
71,box,box,1,5,64
72,can,can,1,4,64
73,box,box,1,3,64
74,can,can,1,1,64
75,box,box,1,5,64
76,can,can,1,1,64
77,can,can,1,4,64
78,box,box,1,1,64
79,box,box,1,2,64
80,can,can,1,3,64
81,box,box,1,2,64
82,can,can,1,3,64
83,can,can,1,2,64
84,box,box,1,1,64
85,can,can,1,5,64
86,box,box,1,1,64
87,box,box,1,3,64
88,bottle,box,0,3,64
89,mug,can,0,4,64
90,box,box,1,5,64
91,can,can,1,5,64
92,box,box,1,4,64
93,can,can,1,3,64
94,box,box,1,5,64
95,can,can,1,5,64
96,box,box,1,4,64
97,bottle,bottle,1,5,64
98,bowl,bowl,1,1,64
99,mug,mug,1,2,64
100,box,box,1,1,64
101,can,can,1,2,64
102,box,box,1,1,64
103,can,can,1,1,64
104,box,box,1,5,64
105,can,can,1,3,64
106,can,can,1,2,64
107,can,can,1,1,64
108,box,box,1,5,64
109,can,can,1,5,64
110,box,box,1,5,64
111,box,box,1,1,64
112,can,can,1,1,64
113,box,box,1,2,64
114,box,box,1,5,64
115,box,box,1,3,64
116,box,box,1,4,64
117,can,can,1,3,64
118,box,box,1,5,64
119,bottle,bottle,1,2,64
120,can,bottle,0,4,64
121,bottle,bottle,1,3,64
122,mug,mug,1,2,64
123,box,box,1,1,64
124,can,can,1,2,64
125,box,box,1,5,64
126,box,box,1,2,64
127,bottle,bottle,1,3,64
128,box,box,1,2,64
129,can,can,1,3,64
130,bowl,bowl,1,3,64
131,mug,mug,1,3,64
132,can,can,1,3,64
133,can,can,1,1,64
134,bottle,can,0,5,64
135,bottle,bottle,1,5,64
136,can,can,1,4,64
137,mug,mug,1,5,64
138,box,box,1,5,64
139,can,can,1,2,64
140,can,can,1,1,64
141,box,bottle,0,3,64
142,box,box,1,4,64
143,can,can,1,3,64
144,bowl,bowl,1,3,64
145,mug,mug,1,4,64
146,bottle,bottle,1,3,64
147,box,box,1,3,64
148,can,can,1,2,64
149,can,can,1,3,64
150,box,box,1,5,64
151,box,box,1,2,64
152,box,box,1,5,64
153,can,can,1,1,64
154,box,box,1,4,64
155,can,can,1,5,64
156,can,can,1,4,64
157,can,can,1,1,64
158,box,box,1,5,64
159,bottle,bottle,1,5,64
160,box,box,1,5,64
161,can,can,1,2,64
162,box,box,1,1,64
163,mug,mug,1,3,64
164,box,box,1,2,64
165,can,can,1,5,64
166,can,can,1,2,64
167,can,can,1,3,64
168,bottle,bottle,1,4,64
169,bottle,bottle,1,1,64
170,bottle,bottle,1,4,64
171,box,box,1,4,64
172,can,can,1,2,64
173,can,can,1,2,64
174,box,box,1,1,64
175,can,can,1,4,64
176,can,can,1,3,64
177,box,box,1,4,64
178,can,can,1,4,64
179,box,box,1,4,64
180,box,box,1,1,64
181,box,box,1,3,64
182,can,can,1,4,64
183,bottle,bottle,1,1,64
184,box,box,1,5,64
185,box,box,1,5,64
186,box,box,1,4,64
187,can,can,1,1,64
188,can,can,1,2,64
189,box,box,1,5,64
190,box,box,1,5,64
191,mug,mug,1,3,64
192,can,can,1,3,64
193,mug,mug,1,5,64
194,box,box,1,1,64
195,can,can,1,4,64
196,box,box,1,3,64
197,box,box,1,3,64
198,can,can,1,2,64
199,can,can,1,3,64
200,can,can,1,2,64
201,box,box,1,5,64
202,box,box,1,1,64
203,box,box,1,3,64
204,box,box,1,2,64
205,box,box,1,3,64
206,box,box,1,3,64
207,can,can,1,1,64
208,box,box,1,3,64
209,can,can,1,1,64
210,box,box,1,3,64
211,can,can,1,2,64
212,box,box,1,5,64
213,bottle,bottle,1,2,64
214,bottle,bottle,1,3,64
215,can,can,1,4,64
216,box,box,1,1,64
217,box,box,1,4,64
218,can,can,1,5,64
219,mug,mug,1,5,64
220,box,box,1,1,64
221,bottle,box,0,4,64
222,bowl,bowl,1,2,64
223,mug,mug,1,4,64
224,box,box,1,4,64
225,box,box,1,4,64
226,bottle,bottle,1,2,64
227,mug,mug,1,1,64
228,box,box,1,5,64
229,can,can,1,2,64
230,box,box,1,2,64
231,box,box,1,2,64
232,can,can,1,3,64
233,box,box,1,1,64
234,box,box,1,4,64
235,bottle,bottle,1,2,64
236,bowl,bowl,1,1,64
237,mug,mug,1,4,64
238,can,can,1,1,64
239,can,can,1,2,64
240,box,box,1,3,64
241,mug,mug,1,5,64
242,box,box,1,5,64
243,can,can,1,2,64
244,box,box,1,1,64
245,bottle,bottle,1,4,64
246,mug,mug,1,4,64
247,box,box,1,1,64
248,box,box,1,1,64
249,bottle,bottle,1,2,64
250,can,can,1,2,64
251,can,can,1,4,64
252,can,can,1,1,64
253,bottle,bottle,1,4,64
254,bottle,bottle,1,3,64
255,box,box,1,2,64
256,can,can,1,4,64
257,bottle,bottle,1,1,64
258,mug,mug,1,4,64
259,can,can,1,4,64
260,box,bottle,0,1,64
261,can,can,1,4,64
262,box,box,1,1,64
263,box,box,1,1,64
264,can,can,1,4,64
265,box,box,1,5,64
266,box,box,1,2,64
267,box,box,1,3,64
268,box,box,1,5,64
269,box,box,1,2,64
270,box,box,1,1,64
271,box,box,1,3,64
272,bowl,box,0,2,64
273,mug,mug,1,5,64
274,can,can,1,5,64
275,box,box,1,5,64
276,box,box,1,3,64
277,can,can,1,5,64
278,box,box,1,2,64
279,box,box,1,4,64
280,bottle,bottle,1,4,64
281,bowl,bowl,1,2,64
282,mug,mug,1,3,64
283,box,box,1,3,64
284,can,can,1,5,64
285,box,box,1,4,64
286,can,can,1,3,64
287,bottle,bottle,1,5,64
288,bottle,bottle,1,5,64
289,bowl,bowl,1,2,64
290,mug,mug,1,4,64
291,can,can,1,2,64
292,box,box,1,5,64
293,bottle,bottle,1,3,64
294,bottle,bottle,1,4,64
295,box,box,1,1,64
296,bottle,box,0,3,64
297,mug,mug,1,4,64
298,box,box,1,2,64
299,box,box,1,1,64
300,can,can,1,5,64
301,box,box,1,1,64
302,bottle,bottle,1,3,64
303,mug,mug,1,1,64
304,bottle,bottle,1,3,64
305,bowl,bowl,1,3,64
306,mug,mug,1,2,64
307,box,box,1,5,64
308,box,box,1,4,64
309,can,can,1,4,64
310,bottle,bottle,1,4,64
311,bottle,bottle,1,1,64
312,bowl,bowl,1,1,64
313,mug,mug,1,3,64
314,can,can,1,2,64
315,mug,mug,1,2,64
316,box,box,1,1,64
317,box,box,1,5,64
318,can,can,1,3,64
319,bottle,bottle,1,1,64
320,can,can,1,1,64
321,bottle,bottle,1,2,64
322,box,box,1,1,64
323,box,box,1,2,64
324,can,can,1,1,64
325,box,bottle,0,5,64
326,box,box,1,4,64
327,bottle,bottle,1,2,64
328,bottle,bottle,1,1,64
329,can,can,1,1,64
330,box,bowl,0,1,64
331,box,box,1,2,64
332,can,can,1,3,64
333,box,box,1,5,64
334,can,can,1,4,64
335,box,box,1,1,64
336,box,can,0,1,64
337,box,box,1,5,64
338,can,can,1,4,64
339,box,box,1,2,64
340,box,box,1,5,64
341,can,can,1,2,64
342,box,box,1,5,64
343,can,can,1,2,64
344,box,box,1,2,64
345,bottle,bottle,1,1,64
346,can,can,1,2,64
347,can,can,1,3,64
348,box,box,1,2,64
349,can,can,1,5,64
350,box,box,1,2,64
351,can,can,1,1,64
352,box,bottle,0,3,64
353,can,can,1,3,64
354,box,box,1,3,64
355,box,box,1,4,64
356,can,can,1,2,64
357,box,box,1,4,64
358,box,box,1,2,64
359,bottle,bottle,1,1,64
360,can,can,1,1,64
361,box,box,1,5,64
362,can,can,1,1,64
363,box,bottle,0,3,64
364,bottle,bottle,1,4,64
365,box,box,1,5,64
366,can,can,1,2,64
367,can,can,1,1,64
368,box,box,1,2,64
369,bottle,bottle,1,3,64
370,bowl,bowl,1,2,64
371,box,box,1,5,64
372,can,can,1,5,64
373,bottle,bottle,1,2,64
374,can,can,1,2,64
375,box,bottle,0,1,64
376,box,box,1,4,64
377,can,can,1,4,64
378,box,box,1,2,64
379,box,box,1,4,64
380,can,can,1,1,64
381,mug,box,0,2,64
382,can,can,1,4,64
383,can,can,1,3,64
384,can,box,0,5,64
385,bottle,bottle,1,5,64
386,can,can,1,2,64
387,mug,mug,1,5,64
388,box,bottle,0,4,64
389,box,box,1,3,64
390,can,can,1,2,64
391,mug,mug,1,5,64
392,can,can,1,4,64
393,mug,box,0,2,64
394,box,box,1,2,64
395,can,can,1,5,64
396,can,can,1,1,64
397,can,can,1,5,64
398,box,box,1,4,64
399,box,box,1,2,64
400,box,box,1,4,64
401,can,can,1,5,64
402,can,can,1,3,64
403,bottle,bottle,1,5,64
404,can,can,1,5,64
405,mug,mug,1,1,64
406,can,can,1,2,64
407,box,box,1,2,64
408,box,box,1,3,64
409,can,can,1,3,64
410,box,box,1,4,64
411,can,can,1,5,64
412,box,box,1,1,64
413,can,can,1,1,64
414,box,box,1,3,64
415,box,box,1,2,64
416,bottle,bottle,1,2,64
417,bowl,bowl,1,5,64
418,mug,mug,1,3,64
419,box,box,1,3,64
420,can,can,1,1,64
421,box,box,1,3,64
422,box,box,1,1,64
423,can,can,1,5,64
424,box,box,1,3,64
425,can,can,1,1,64
426,box,box,1,5,64
427,box,box,1,3,64
428,can,can,1,1,64
429,bottle,bottle,1,2,64
430,bottle,bottle,1,2,64
431,box,box,1,2,64
432,mug,mug,1,2,64
433,box,box,1,3,64
434,can,can,1,4,64
435,box,box,1,3,64
436,box,box,1,3,64
437,box,box,1,4,64
438,mug,mug,1,3,64
439,can,can,1,3,64
440,box,box,1,5,64
441,box,box,1,3,64
442,box,box,1,3,64
443,can,can,1,5,64
444,can,can,1,5,64
445,can,can,1,1,64
446,box,box,1,4,64
447,mug,mug,1,2,64
448,box,box,1,5,64
449,can,can,1,3,64
450,box,box,1,1,64
451,can,can,1,2,64
452,bottle,bottle,1,3,64
453,bottle,bottle,1,5,64
454,can,can,1,5,64
455,can,can,1,4,64
456,can,can,1,5,64
457,can,can,1,4,64
458,bottle,bottle,1,3,64
459,can,can,1,1,64
460,box,box,1,3,64
461,box,box,1,2,64
462,can,can,1,4,64
463,bottle,bottle,1,5,64
464,can,can,1,1,64
465,box,box,1,4,64
466,can,can,1,4,64
467,bottle,bottle,1,5,64
468,mug,mug,1,4,64
469,box,box,1,4,64
470,can,can,1,3,64
471,box,box,1,5,64
472,bottle,bottle,1,3,64
473,mug,mug,1,3,64
474,can,can,1,3,64
475,box,box,1,3,64
476,can,can,1,1,64
477,bottle,bottle,1,4,64
478,bottle,can,0,4,64
479,box,box,1,1,64
480,can,can,1,1,64
481,box,box,1,2,64
482,box,box,1,4,64
483,box,box,1,5,64
484,can,can,1,5,64
485,box,box,1,1,64
486,box,box,1,4,64
487,can,can,1,5,64
488,bowl,bowl,1,2,64
489,mug,mug,1,2,64
490,box,box,1,4,64
491,box,bottle,0,2,64
492,can,can,1,1,64
493,box,box,1,2,64
494,can,can,1,5,64
495,bottle,bottle,1,1,64
496,bottle,bottle,1,2,64
497,bottle,bottle,1,2,64
498,bowl,bowl,1,3,64
499,mug,mug,1,4,64
500,can,can,1,5,64
501,mug,mug,1,4,64
502,can,can,1,2,64
503,box,box,1,2,64
504,can,can,1,2,64
505,box,box,1,2,64
506,box,box,1,1,64
507,box,box,1,5,64
508,can,can,1,3,64
509,box,box,1,2,64
510,can,can,1,5,64
511,box,box,1,1,64
512,box,box,1,1,64
513,box,box,1,4,64
514,can,can,1,5,64
515,can,can,1,5,64
516,can,can,1,5,64
517,box,box,1,2,64
518,box,box,1,5,64
519,can,can,1,5,64
520,box,box,1,3,64
521,can,can,1,3,64
522,can,can,1,2,64
523,bottle,can,0,2,64
524,bottle,bottle,1,4,64
525,bowl,bowl,1,3,64
526,mug,mug,1,4,64
527,can,can,1,2,64
528,box,box,1,3,64
529,bottle,bottle,1,5,64
530,mug,mug,1,5,64
531,can,can,1,5,64
532,can,can,1,3,64
533,box,box,1,5,64
534,box,can,0,3,64
535,box,box,1,3,64
536,box,box,1,3,64
537,box,box,1,1,64
538,can,can,1,1,64
539,can,can,1,3,64
540,bottle,bottle,1,4,64
541,bottle,bottle,1,3,64
542,mug,mug,1,3,64
543,can,can,1,2,64
544,box,bottle,0,2,64
545,box,box,1,2,64
546,box,box,1,3,64
547,can,can,1,2,64
548,box,box,1,2,64
549,can,can,1,2,64
550,bottle,bottle,1,1,64
551,mug,mug,1,4,64
552,can,can,1,1,64
553,can,can,1,3,64
554,bottle,bottle,1,3,64
555,can,box,0,5,64
556,bottle,bottle,1,5,64
557,box,box,1,1,64
558,bottle,bottle,1,1,64
559,bowl,bowl,1,4,64
560,mug,mug,1,1,64
561,box,bottle,0,1,64
562,box,box,1,5,64
563,box,box,1,1,64
564,can,can,1,2,64
565,can,can,1,1,64
566,bottle,bottle,1,4,64
567,box,bottle,0,3,64
568,can,can,1,3,64
569,box,box,1,2,64
570,box,box,1,4,64
571,can,can,1,1,64
572,can,can,1,5,64
573,box,box,1,2,64
574,box,box,1,2,64
575,bottle,bottle,1,1,64
576,bowl,bowl,1,1,64
577,mug,mug,1,2,64
578,can,can,1,4,64
579,box,bottle,0,3,64
580,box,box,1,4,64
581,bottle,bottle,1,2,64
582,mug,mug,1,2,64
583,bottle,bottle,1,1,64
584,can,can,1,3,64
585,box,box,1,4,64
586,box,box,1,4,64
587,box,box,1,2,64
588,can,can,1,3,64
589,box,box,1,5,64
590,can,can,1,2,64
591,box,box,1,1,64
592,box,box,1,1,64
593,bottle,bottle,1,2,64
594,mug,mug,1,5,64
595,can,can,1,5,64
596,bottle,bottle,1,2,64
597,can,can,1,3,64
598,box,box,1,1,64
599,box,box,1,2,64
600,box,box,1,2,64
601,box,box,1,2,64
602,bottle,bottle,1,3,64
603,can,can,1,5,64
604,can,can,1,2,64
605,box,box,1,3,64
606,box,box,1,3,64
607,can,can,1,4,64
608,bottle,bottle,1,4,64
609,box,box,1,4,64
610,can,can,1,3,64
611,bottle,can,0,3,64
612,bowl,bowl,1,3,64
613,mug,mug,1,1,64
614,mug,mug,1,3,64
615,box,box,1,4,64
616,can,can,1,2,64
617,box,box,1,4,64
618,bottle,bottle,1,1,64
619,can,can,1,3,64
620,can,can,1,4,64
621,bottle,bottle,1,2,64
622,bottle,bottle,1,1,64
623,bowl,bowl,1,3,64
624,mug,mug,1,5,64
625,bottle,bottle,1,1,64
626,mug,mug,1,1,64
627,box,box,1,4,64
628,can,can,1,3,64
629,box,box,1,4,64
630,can,can,1,1,64
631,bottle,bottle,1,1,64
632,bottle,bottle,1,1,64
633,can,can,1,5,64
634,bottle,bottle,1,4,64
635,box,box,1,5,64
636,can,can,1,2,64
637,can,can,1,1,64
638,box,box,1,2,64
639,box,bottle,0,4,64
640,box,box,1,3,64
641,box,box,1,5,64
642,box,box,1,3,64
643,can,mug,0,1,64
644,box,box,1,2,64
645,box,box,1,5,64
646,can,can,1,4,64
647,can,can,1,2,64
648,can,can,1,5,64
649,can,can,1,4,64
650,box,box,1,3,64
651,can,can,1,2,64
652,bottle,bottle,1,2,64
653,box,box,1,5,64
654,can,can,1,2,64
655,can,can,1,3,64
656,can,can,1,3,64
657,box,box,1,5,64
658,box,box,1,5,64
659,box,box,1,4,64
660,box,box,1,4,64
661,box,box,1,4,64
662,box,box,1,4,64
663,bottle,bottle,1,4,64
664,bowl,bowl,1,4,64
665,can,can,1,1,64
666,box,box,1,2,64
667,box,box,1,2,64
668,box,box,1,4,64
669,box,box,1,4,64
670,box,box,1,4,64
671,box,box,1,5,64
672,can,can,1,1,64
673,box,box,1,4,64
674,can,can,1,3,64
675,can,can,1,4,64
676,box,box,1,3,64
677,box,bottle,0,4,64
678,box,box,1,2,64
679,can,can,1,1,64
680,mug,box,0,2,64
681,box,box,1,2,64
682,can,can,1,5,64
683,box,box,1,3,64
684,can,can,1,2,64
685,box,box,1,3,64
686,box,box,1,3,64
687,bowl,bowl,1,5,64
688,mug,mug,1,4,64
689,box,box,1,2,64
690,can,can,1,3,64
691,box,box,1,2,64
692,box,box,1,4,64
693,can,can,1,5,64
694,box,can,0,3,64
695,box,box,1,5,64
696,can,can,1,2,64
697,box,box,1,4,64
698,bottle,bottle,1,4,64
699,bottle,bottle,1,1,64
700,can,can,1,3,64
701,bowl,bowl,1,2,64
702,mug,mug,1,5,64
703,can,can,1,1,64
704,box,bottle,0,2,64
705,can,can,1,4,64
706,box,box,1,4,64
707,can,can,1,3,64
708,can,can,1,5,64
709,box,box,1,5,64
710,box,box,1,2,64
711,can,can,1,2,64
712,box,box,1,4,64
713,box,box,1,4,64
714,box,box,1,2,64
715,bowl,can,0,1,64
716,mug,mug,1,3,64
717,box,box,1,4,64
718,bottle,bottle,1,3,64
719,mug,mug,1,1,64
720,can,can,1,1,64
721,box,box,1,1,64
722,box,box,1,5,64
723,bottle,bottle,1,5,64
724,box,box,1,1,64
725,can,can,1,4,64
726,box,bottle,0,3,64
727,bottle,bottle,1,3,64
728,bowl,bowl,1,4,64
729,mug,mug,1,5,64
730,can,can,1,3,64
731,can,can,1,5,64
732,bottle,bottle,1,1,64
733,can,can,1,4,64
734,box,box,1,1,64
735,box,box,1,3,64
736,box,box,1,2,64
737,box,box,1,2,64
738,box,box,1,1,64
739,box,box,1,1,64
740,can,can,1,4,64
741,box,box,1,1,64
742,box,box,1,2,64
743,can,can,1,5,64
744,bowl,mug,0,1,64
745,mug,mug,1,5,64
746,box,box,1,2,64
747,box,box,1,5,64
748,can,can,1,5,64
749,bottle,bottle,1,5,64
750,bottle,bottle,1,1,64
751,can,can,1,2,64
752,bottle,bottle,1,5,64
753,box,box,1,4,64
754,can,can,1,2,64
755,box,box,1,3,64
756,box,bottle,0,2,64
757,can,can,1,4,64
758,box,box,1,1,64
759,box,box,1,3,64
760,can,can,1,2,64
761,box,bottle,0,4,64
762,can,can,1,3,64
763,box,box,1,4,64
764,can,can,1,3,64
765,bowl,bowl,1,4,64
766,mug,mug,1,4,64
767,box,bottle,0,2,64
768,can,can,1,1,64
769,can,box,0,3,64
770,bottle,bottle,1,5,64
771,can,can,1,2,64
772,box,box,1,1,64
773,box,box,1,4,64
774,can,can,1,5,64
775,box,box,1,3,64
776,box,box,1,3,64
777,box,box,1,3,64
778,box,box,1,5,64
779,can,can,1,1,64
780,box,box,1,1,64
781,box,box,1,3,64
782,box,box,1,5,64
783,box,box,1,2,64
784,can,can,1,4,64
785,box,box,1,3,64
786,box,box,1,5,64
787,box,box,1,3,64
788,bottle,bottle,1,5,64
789,mug,mug,1,5,64
790,can,can,1,4,64
791,can,can,1,1,64
792,bottle,bottle,1,3,64
793,box,bottle,0,2,64
794,box,bottle,0,2,64
795,can,can,1,1,64
796,box,box,1,4,64
797,can,can,1,5,64
798,box,box,1,3,64
799,box,box,1,1,64
800,can,can,1,5,64
801,bottle,bottle,1,2,64
802,can,can,1,3,64
803,can,can,1,1,64
804,mug,mug,1,3,64
805,box,box,1,1,64
806,box,box,1,1,64
807,can,can,1,5,64
808,box,box,1,3,64
809,box,box,1,4,64
810,can,can,1,3,64
811,can,can,1,2,64
812,box,box,1,3,64
813,box,box,1,5,64
814,box,box,1,1,64
815,can,can,1,4,64
816,box,box,1,5,64
817,bottle,bottle,1,4,64
818,mug,mug,1,2,64
819,box,box,1,3,64
820,can,can,1,5,64
821,box,box,1,3,64
822,box,box,1,4,64
823,can,can,1,5,64
824,box,box,1,2,64
825,can,can,1,1,64
826,box,box,1,5,64
827,box,box,1,2,64
828,bowl,bowl,1,1,64
829,mug,mug,1,2,64
830,bottle,bottle,1,1,64
831,bottle,bottle,1,5,64
832,box,box,1,1,64
833,can,can,1,3,64
834,can,bottle,0,4,64
835,bottle,bottle,1,2,64
836,box,box,1,2,64
837,bottle,bottle,1,5,64
838,bowl,can,0,2,64
839,mug,mug,1,2,64
840,box,box,1,2,64
841,bowl,bowl,1,1,64
842,can,can,1,2,64
843,box,box,1,5,64
844,box,box,1,1,64
845,can,can,1,1,64
846,can,can,1,4,64
847,bottle,bottle,1,3,64
848,can,can,1,5,64
849,bottle,bottle,1,5,64
850,bowl,bowl,1,3,64
851,mug,mug,1,5,64
852,box,box,1,4,64
853,can,can,1,1,64
854,box,box,1,5,64
855,box,box,1,1,64
856,box,box,1,4,64
857,box,box,1,1,64
858,can,can,1,3,64
859,bottle,bottle,1,2,64
860,can,bottle,0,5,64
861,bottle,bottle,1,3,64
862,bottle,bottle,1,4,64
863,box,box,1,2,64
864,can,can,1,1,64
865,box,box,1,1,64
866,box,box,1,5,64
867,can,can,1,4,64
868,box,box,1,5,64
869,can,can,1,3,64
870,box,box,1,3,64
871,box,box,1,3,64
872,can,can,1,3,64
873,bottle,bottle,1,4,64
874,can,can,1,5,64
875,bottle,bottle,1,2,64
876,box,box,1,5,64
877,can,can,1,5,64
878,bottle,bottle,1,4,64
879,bowl,bowl,1,1,64
880,mug,mug,1,2,64
881,can,can,1,1,64
882,bottle,can,0,3,64
883,bowl,bowl,1,5,64
884,mug,mug,1,1,64
885,can,bottle,0,2,64
886,bottle,bottle,1,5,64
887,bottle,bottle,1,2,64
888,box,box,1,5,64
889,bottle,can,0,5,64
890,bowl,bowl,1,4,64
891,mug,mug,1,1,64
892,bowl,bowl,1,5,64
893,mug,mug,1,1,64
894,can,can,1,3,64
895,can,can,1,4,64
896,box,box,1,4,64
897,can,can,1,3,64
898,box,box,1,3,64
899,box,box,1,3,64
900,box,box,1,3,64
901,box,box,1,4,64
902,box,box,1,5,64
903,box,box,1,3,64
904,can,can,1,3,64
905,box,box,1,5,64
906,box,box,1,5,64
907,can,can,1,4,64
908,mug,mug,1,4,64
909,box,box,1,4,64
910,can,can,1,4,64
911,can,can,1,4,64
912,can,can,1,2,64
913,box,box,1,4,64
914,box,box,1,3,64
915,box,box,1,3,64
916,can,can,1,2,64
917,box,box,1,2,64
918,can,can,1,3,64
919,can,can,1,2,64
920,box,box,1,1,64
921,box,box,1,3,64
922,box,box,1,3,64
923,box,can,0,4,64
924,can,can,1,2,64
925,bottle,bottle,1,1,64
926,box,box,1,3,64
927,bottle,bottle,1,3,64
928,mug,mug,1,4,64
929,box,box,1,2,64
930,box,box,1,1,64
931,bowl,bowl,1,5,64
932,mug,mug,1,5,64
933,box,box,1,5,64
934,can,can,1,5,64
935,can,can,1,2,64
936,box,box,1,1,64
937,can,can,1,4,64
938,can,can,1,2,64
939,box,box,1,5,64
940,box,box,1,5,64
941,can,can,1,4,64
942,can,can,1,1,64
943,can,can,1,4,64
944,box,box,1,1,64
945,bowl,bowl,1,5,64
946,mug,mug,1,3,64
947,bottle,bottle,1,1,64
948,can,can,1,4,64
949,bottle,bottle,1,2,64
950,can,can,1,5,64
951,box,box,1,1,64
952,box,box,1,3,64
953,can,can,1,2,64
954,can,can,1,1,64
955,box,box,1,1,64
956,can,can,1,5,64
957,box,box,1,3,64
958,can,can,1,1,64
959,can,can,1,1,64
960,can,can,1,3,64
961,can,can,1,1,64
962,box,box,1,4,64
963,box,mug,0,1,64
964,box,box,1,4,64
965,can,bowl,0,4,64
966,can,can,1,2,64
967,bottle,bottle,1,3,64
968,can,can,1,3,64
969,box,box,1,5,64
970,box,box,1,1,64
971,box,box,1,4,64
972,box,box,1,3,64
973,box,box,1,3,64
974,bottle,bottle,1,2,64
975,bowl,bowl,1,4,64
976,mug,mug,1,1,64
977,box,box,1,1,64
978,can,can,1,1,64
979,can,can,1,3,64
980,bottle,bottle,1,2,64
981,can,can,1,3,64
982,box,box,1,4,64
983,can,can,1,3,64
984,box,box,1,1,64
985,box,box,1,5,64
986,box,box,1,3,64
987,can,can,1,3,64
988,can,can,1,4,64
989,can,can,1,4,64
990,box,box,1,2,64
991,can,can,1,4,64
992,box,box,1,4,64
993,bottle,bottle,1,4,64
994,mug,mug,1,1,64
995,box,box,1,5,64
996,can,can,1,1,64
997,can,can,1,1,64
998,box,bottle,0,2,64
999,box,box,1,4,64
1000,box,box,1,5,64
1001,box,box,1,4,64
1002,can,can,1,5,64
1003,box,box,1,3,64
1004,box,box,1,1,64
1005,bottle,bottle,1,1,64
1006,can,can,1,4,64
1007,box,box,1,4,64
1008,can,can,1,2,64
1009,box,box,1,1,64
1010,box,box,1,2,64
1011,box,box,1,2,64
1012,box,box,1,5,64
1013,box,box,1,2,64
1014,can,can,1,3,64
1015,box,box,1,2,64
1016,box,box,1,1,64
1017,bottle,bottle,1,5,64
1018,can,can,1,5,64
1019,box,box,1,1,64
1020,can,can,1,4,64
1021,box,box,1,4,64
1022,box,box,1,3,64
1023,can,can,1,3,64
1024,bottle,bottle,1,1,64
1025,bowl,bowl,1,3,64
1026,mug,mug,1,3,64
1027,box,box,1,3,64
1028,can,can,1,5,64
1029,can,can,1,5,64
1030,box,bottle,0,1,64
1031,bottle,bottle,1,3,64
1032,box,bottle,0,4,64
1033,box,box,1,2,64
1034,can,can,1,5,64
1035,box,box,1,3,64
1036,box,box,1,5,64
1037,bottle,box,0,1,64
1038,bowl,bowl,1,5,64
1039,mug,mug,1,5,64
1040,bottle,bottle,1,5,64
1041,mug,mug,1,2,64
1042,box,box,1,3,64
1043,can,can,1,4,64
1044,box,box,1,5,64
1045,box,box,1,4,64
1046,can,can,1,1,64
1047,can,can,1,4,64
1048,bottle,bottle,1,4,64
1049,bottle,bottle,1,1,64
1050,can,can,1,1,64
1051,mug,mug,1,1,64
1052,can,can,1,4,64
1053,bottle,bottle,1,1,64
1054,can,can,1,4,64
1055,box,box,1,5,64
1056,can,can,1,5,64
1057,box,box,1,4,64
1058,box,box,1,3,64
1059,box,box,1,4,64
1060,can,can,1,2,64
1061,box,box,1,2,64
1062,can,can,1,1,64
1063,box,box,1,2,64
1064,can,can,1,5,64
1065,box,box,1,2,64
1066,box,box,1,4,64
1067,bowl,bowl,1,4,64
1068,mug,mug,1,1,64
1069,box,box,1,2,64
1070,box,bottle,0,4,64
1071,box,box,1,1,64
1072,can,can,1,4,64
1073,box,bottle,0,5,64
1074,can,can,1,3,64
1075,box,mug,0,4,64
1076,mug,mug,1,3,64
1077,box,box,1,3,64
1078,can,can,1,4,64
1079,box,box,1,2,64
1080,can,can,1,2,64
1081,mug,mug,1,1,64
1082,can,can,1,1,64
1083,bottle,bottle,1,2,64
1084,can,can,1,1,64
1085,box,box,1,5,64
1086,mug,mug,1,2,64
1087,can,can,1,4,64
1088,box,bowl,0,1,64
1089,bottle,bottle,1,5,64
1090,mug,mug,1,1,64
1091,box,box,1,2,64
1092,box,box,1,1,64
1093,can,can,1,5,64
1094,bowl,bowl,1,4,64
1095,mug,mug,1,5,64
1096,bottle,bottle,1,3,64
1097,bottle,bottle,1,4,64
1098,box,bottle,0,2,64
1099,box,box,1,3,64
1100,box,box,1,4,64
1101,box,box,1,5,64
1102,bowl,box,0,4,64
1103,mug,mug,1,1,64
1104,bowl,bowl,1,2,64
1105,mug,mug,1,3,64
1106,box,box,1,2,64
1107,bowl,box,0,5,64
1108,mug,can,0,3,64
